ADM4_EN,ADM4_PCODE,ADM3_EN,ADM3_PCODE,ADM2_EN,ADM2_PCODE,ADM1_EN,ADM1_PCODE
Abako,UG30670101,Moroto,UG306701,Alebtong,UG3067,Northern,UG3
Abanga,UG31000101,Okoro,UG310001,Zombo,UG3100,Northern,UG3
Abarilela,UG20270101,Amuria,UG202701,Amuria,UG2027,Eastern,UG2
Aber,UG30960101,Oyam,UG309601,Oyam,UG3096,Northern,UG3
Abia,UG30670102,Moroto,UG306701,Alebtong,UG3067,Northern,UG3
Abim,UG30640101,Labwor,UG306401,Abim,UG3064,Northern,UG3
Abim Town Council,UG30640102,Labwor,UG306401,Abim,UG3064,Northern,UG3
Abindu Division,UG30910101,Nebbi Municipality,UG309101,Nebbi,UG3091,Northern,UG3
Abok,UG30960102,Oyam,UG309601,Oyam,UG3096,Northern,UG3
Aboke,UG30790101,Kole,UG307901,Kole,UG3079,Northern,UG3
Abongomola,UG30810101,Kwania,UG308101,Kwania,UG3081,Northern,UG3
Abuku,UG30780101,Koboko,UG307801,Koboko,UG3078,Northern,UG3
Acaba,UG30960103,Oyam,UG309601,Oyam,UG3096,Northern,UG3
Acholibur,UG30970101,Aruu,UG309701,Pader,UG3097,Northern,UG3
Acowa,UG20460101,Kapelebyong,UG204601,Kapelebyong,UG2046,Eastern,UG2
Adeknino,UG30730101,Dokolo,UG307301,Dokolo,UG3073,Northern,UG3
Adekokwok,UG30830101,Erute,UG308301,Lira,UG3083,Northern,UG3
Adilang,UG30660101,Agago,UG306601,Agago,UG3066,Northern,UG3
Adjumani Town Council,UG30650101,East Moyo,UG306501,Adjumani,UG3065,Northern,UG3
Adok,UG30730102,Dokolo,UG307301,Dokolo,UG3073,Northern,UG3
Adropi,UG30650102,East Moyo,UG306501,Adjumani,UG3065,Northern,UG3
Aduku,UG30810102,Kwania,UG308101,Kwania,UG3081,Northern,UG3
Aduku Town Council,UG30810103,Kwania,UG308101,Kwania,UG3081,Northern,UG3
Adumi,UG30720201,Ayivu,UG307202,Arua,UG3072,Northern,UG3
Adwari,UG30950101,Otuke,UG309501,Otuke,UG3095,Northern,UG3
Adyel Division,UG30830201,Lira Municipality,UG308302,Lira,UG3083,Northern,UG3
Agago Town Council,UG30660102,Agago,UG306601,Agago,UG3066,Northern,UG3
Agali,UG30830102,Erute,UG308301,Lira,UG3083,Northern,UG3
Agikdak,UG30680101,Kioga,UG306801,Amolatar,UG3068,Northern,UG3
Agoro,UG30820101,Lamwo,UG308201,Lamwo,UG3082,Northern,UG3
Agule,UG20590201,Pallisa,UG205902,Pallisa,UG2059,Eastern,UG2
Agulu Division,UG30710101,Apac Municipality,UG307101,Apac,UG3071,Northern,UG3
Agwata,UG30730103,Dokolo,UG307301,Dokolo,UG3073,Northern,UG3
Agweng,UG30830103,Erute,UG308301,Lira,UG3083,Northern,UG3
Agwingiri,UG30680102,Kioga,UG306801,Amolatar,UG3068,Northern,UG3
Aii-Vu,UG30720301,Terego,UG307203,Arua,UG3072,Northern,UG3
Ajia,UG30720401,Vurra,UG307204,Arua,UG3072,Northern,UG3
Akaa,UG31000102,Okoro,UG310001,Zombo,UG3100,Northern,UG3
Akalo,UG30790102,Kole,UG307901,Kole,UG3079,Northern,UG3
Akere Division,UG30710102,Apac Municipality,UG307101,Apac,UG3071,Northern,UG3
Akeriau,UG20270102,Amuria,UG202701,Amuria,UG2027,Eastern,UG2
Akisim,UG20590202,Pallisa,UG205902,Pallisa,UG2059,Eastern,UG2
Akokoro,UG30710201,Maruzi,UG307102,Apac,UG3071,Northern,UG3
Akoromit,UG20460102,Kapelebyong,UG204601,Kapelebyong,UG2046,Eastern,UG2
Akura,UG30670103,Moroto,UG306701,Alebtong,UG3067,Northern,UG3
Akwon,UG30680103,Kioga,UG306801,Amolatar,UG3068,Northern,UG3
Akworo,UG30910201,Padyere,UG309102,Nebbi,UG3091,Northern,UG3
Alangi,UG31000103,Okoro,UG310001,Zombo,UG3100,Northern,UG3
Alango,UG30950102,Otuke,UG309501,Otuke,UG3095,Northern,UG3
Alebtong Town Council,UG30670104,Moroto,UG306701,Alebtong,UG3067,Northern,UG3
Aleka,UG30960104,Oyam,UG309601,Oyam,UG3096,Northern,UG3
Alerek,UG30640103,Labwor,UG306401,Abim,UG3064,Northern,UG3
Alero,UG30920101,Nwoya,UG309201,Nwoya,UG3092,Northern,UG3
Aliba,UG30930101,Obongi,UG309301,Obongi,UG3093,Northern,UG3
Alito,UG30790103,Kole,UG307901,Kole,UG3079,Northern,UG3
Aloi,UG30670105,Moroto,UG306701,Alebtong,UG3067,Northern,UG3
Alwa,UG20410101,Kaberamaido,UG204101,Kaberamaido,UG2041,Eastern,UG2
Alwi,UG30980101,Jonam,UG309801,Pakwach,UG3098,Northern,UG3
Amach,UG30830104,Erute,UG308301,Lira,UG3083,Northern,UG3
Amolatar Town Council,UG30680104,Kioga,UG306801,Amolatar,UG3068,Northern,UG3
Amudat,UG30690101,Pokot,UG306901,Amudat,UG3069,Northern,UG3
Amudat Town Council,UG30690102,Pokot,UG306901,Amudat,UG3069,Northern,UG3
Amugu,UG30670106,Moroto,UG306701,Alebtong,UG3067,Northern,UG3
Amukol,UG20450201,Tingey,UG204502,Kapchorwa,UG2045,Eastern,UG2
Amuria Town Council,UG20270103,Amuria,UG202701,Amuria,UG2027,Eastern,UG2
Amuru,UG30700101,Kilak,UG307001,Amuru,UG3070,Northern,UG3
Amuru Town Council,UG30700102,Kilak,UG307001,Amuru,UG3070,Northern,UG3
Amwoma,UG30730104,Dokolo,UG307301,Dokolo,UG3073,Northern,UG3
Anaka Payira,UG30920102,Nwoya,UG309201,Nwoya,UG3092,Northern,UG3
Anaka Town Council,UG30920103,Nwoya,UG309201,Nwoya,UG3092,Northern,UG3
Angagura,UG30970102,Aruu,UG309701,Pader,UG3097,Northern,UG3
Anyara,UG20420101,Kalaki,UG204201,Kalaki,UG2042,Eastern,UG2
Anyiribu,UG30840101,Madi Okollo,UG308401,Madi Okollo,UG3084,Northern,UG3
Apac,UG30710202,Maruzi,UG307102,Apac,UG3071,Northern,UG3
Apala,UG30670107,Moroto,UG306701,Alebtong,UG3067,Northern,UG3
Apapai,UG20420102,Kalaki,UG204201,Kalaki,UG2042,Eastern,UG2
Apeduru,UG20270104,Amuria,UG202701,Amuria,UG2027,Eastern,UG2
Aperkira,UG20410102,Kaberamaido,UG204101,Kaberamaido,UG2041,Eastern,UG2
Apo,UG30990101,Aringa,UG309901,Yumbe,UG3099,Northern,UG3
Apopong,UG20590203,Pallisa,UG205902,Pallisa,UG2059,Eastern,UG2
Aputi,UG30680105,Kioga,UG306801,Amolatar,UG3068,Northern,UG3
Arapai,UG20620101,Soroti,UG206201,Soroti,UG2062,Eastern,UG2
Arinyapi,UG30650103,East Moyo,UG306501,Adjumani,UG3065,Northern,UG3
Arivu,UG30720402,Vurra,UG307204,Arua,UG3072,Northern,UG3
Ariwa,UG30990102,Aringa,UG309901,Yumbe,UG3099,Northern,UG3
Arocha Division,UG30710103,Apac Municipality,UG307101,Apac,UG3071,Northern,UG3
Aroi,UG30720202,Ayivu,UG307202,Arua,UG3072,Northern,UG3
Aromo,UG30830105,Erute,UG308301,Lira,UG3083,Northern,UG3
Arua Hill Division,UG30720101,Arua Municipality,UG307201,Arua,UG3072,Northern,UG3
Arum,UG30660103,Agago,UG306601,Agago,UG3066,Northern,UG3
Arwotcek,UG30680106,Kioga,UG306801,Amolatar,UG3068,Northern,UG3
Asamuk,UG20270105,Amuria,UG202701,Amuria,UG2027,Eastern,UG2
Asuret,UG20620102,Soroti,UG206201,Soroti,UG2062,Eastern,UG2
Atanga,UG30970103,Aruu,UG309701,Pader,UG3097,Northern,UG3
Atego,UG30910202,Padyere,UG309102,Nebbi,UG3091,Northern,UG3
Athuma,UG31000104,Okoro,UG310001,Zombo,UG3100,Northern,UG3
Atiira,UG20600201,Serere,UG206002,Serere,UG2060,Eastern,UG2
Atik Division,UG30710104,Apac Municipality,UG307101,Apac,UG3071,Northern,UG3
Attiak,UG30700103,Kilak,UG307001,Amuru,UG3070,Northern,UG3
Atutur,UG20490101,Kumi,UG204901,Kumi,UG2049,Eastern,UG2
Atyak,UG31000105,Okoro,UG310001,Zombo,UG3100,Northern,UG3
Awach,UG30640104,Labwor,UG306401,Abim,UG3064,Northern,UG3
Awach,UG30740101,Aswa,UG307401,Gulu,UG3074,Northern,UG3
Awei,UG30670108,Moroto,UG306701,Alebtong,UG3067,Northern,UG3
Awelo,UG30680107,Kioga,UG306801,Amolatar,UG3068,Northern,UG3
Awere,UG30970104,Aruu,UG309701,Pader,UG3097,Northern,UG3
Ayer,UG30790104,Kole,UG307901,Kole,UG3079,Northern,UG3
Ayivuni,UG30720203,Ayivu,UG307202,Arua,UG3072,Northern,UG3
Bagezza,UG10200201,Kasambya,UG102002,Mubende,UG1020,Central,UG1
Baitambogwe,UG20530101,Bunya,UG205301,Mayuge,UG2053,Eastern,UG2
Bala,UG30790105,Kole,UG307901,Kole,UG3079,Northern,UG3
Balawoli,UG20440101,Bugabula,UG204401,Kamuli,UG2044,Eastern,UG2
Bamunanika,UG10140101,Bamunanika,UG101401,Luwero,UG1014,Central,UG1
Bananywa,UG10120110,Kiboga,UG101201,Kyankwanzi,UG1012,Central,UG1
Banda,UG10120111,Kiboga,UG101201,Kyankwanzi,UG1012,Central,UG1
Banda,UG20550101,Bukooli,UG205501,Namayingo,UG2055,Eastern,UG2
Bar Dege Division,UG30740201,Gulu Municipality,UG307402,Gulu,UG3074,Northern,UG3
Barr,UG30830106,Erute,UG308301,Lira,UG3083,Northern,UG3
Batta,UG30730105,Dokolo,UG307301,Dokolo,UG3073,Northern,UG3
Bbaale,UG10100101,Bbaale,UG101001,Kayunga,UG1010,Central,UG1
Bbanda,UG10180101,Busujju,UG101801,Mityana,UG1018,Central,UG1
Benet,UG20500101,Kween,UG205001,Kween,UG2050,Eastern,UG2
Bigasa,UG10020101,Bukomansimbi,UG100201,Bukomansimbi,UG1002,Central,UG1
Biguli,UG41130101,Kibale,UG411301,Kamwenge,UG4113,Western,UG4
Bihanga,UG41010101,Buhweju,UG410101,Buhweju,UG4101,Western,UG4
Bihanga,UG41130102,Kibale,UG411301,Kamwenge,UG4113,Western,UG4
Biharwe Division,UG41260101,Kashari,UG412601,Mbarara,UG4126,Western,UG4
Biiso,UG41020101,Buliisa,UG410201,Buliisa,UG4102,Western,UG4
Bileafe,UG30720302,Terego,UG307203,Arua,UG3072,Northern,UG3
Binyiny,UG20500102,Kween,UG205001,Kween,UG2050,Eastern,UG2
Binyiny Town Council,UG20500103,Kween,UG205001,Kween,UG2050,Eastern,UG2
Birembo,UG41120101,Bugangaizi,UG411201,Kakumiro,UG4112,Western,UG4
Birere,UG41080201,Isingiro,UG410802,Isingiro,UG4108,Western,UG4
Bisheshe Division,UG41070201,Ibanda Municipality,UG410702,Ibanda,UG4107,Western,UG4
Bitereko,UG41270101,Ruhinda,UG412701,Mitooma,UG4127,Western,UG4
Bitooma,UG41050201,Igara,UG410502,Bushenyi,UG4105,Western,UG4
Bitsya,UG41010102,Buhweju,UG410101,Buhweju,UG4101,Western,UG4
Bobi,UG30940101,Omoro,UG309401,Omoro,UG3094,Northern,UG3
Bombo Town Council,UG10140201,Katikamu,UG101402,Luwero,UG1014,Central,UG1
Bubaare,UG41260102,Kashari,UG412601,Mbarara,UG4126,Western,UG4
Bubaare,UG41300101,Rubanda,UG413001,Rubanda,UG4130,Western,UG4
Bubandi,UG41030201,Bwamba,UG410302,Bundibugyo,UG4103,Western,UG4
Bubango,UG41170101,Buyanja,UG411701,Kibaale,UG4117,Western,UG4
Bubeke,UG10060201,Kyamuswa,UG100602,Kalangala,UG1006,Central,UG1
Bubiita,UG20290101,Manjiya,UG202901,Bududa,UG2029,Eastern,UG2
Bubukwanga,UG41030202,Bwamba,UG410302,Bundibugyo,UG4103,Western,UG4
Bubutu,UG20560101,Bubulo,UG205601,Namisindwa,UG2056,Eastern,UG2
Bubyangu,UG20540101,Bungokho,UG205401,Mbale,UG2054,Eastern,UG2
Budadiri Town Council,UG20610101,Budadiri,UG206101,Sironko,UG2061,Eastern,UG2
Budaka,UG20280101,Budaka,UG202801,Budaka,UG2028,Eastern,UG2
Budaka Town Council,UG20280102,Budaka,UG202801,Budaka,UG2028,Eastern,UG2
Budde,UG10030101,Butambala,UG100301,Butambala,UG1003,Central,UG1
Budhaya,UG20300201,Bukooli,UG203002,Bugiri,UG2030,Eastern,UG2
Budomero,UG20430101,Bulamogi,UG204301,Kaliro,UG2043,Eastern,UG2
Budondo,UG20400301,Kagoma,UG204003,Jinja,UG2040,Eastern,UG2
Budongo,UG41250101,Bujenje,UG412501,Masindi,UG4125,Western,UG4
Bududa,UG20290102,Manjiya,UG202901,Bududa,UG2029,Eastern,UG2
Bududa Town Council,UG20290103,Manjiya,UG202901,Bududa,UG2029,Eastern,UG2
Budumba,UG20360101,Bunyole,UG203601,Butaleja,UG2036,Eastern,UG2
Budwale,UG20540102,Bungokho,UG205401,Mbale,UG2054,Eastern,UG2
Bufumbo,UG20540103,Bungokho,UG205401,Mbale,UG2054,Eastern,UG2
Bufumira,UG10060202,Kyamuswa,UG100602,Kalangala,UG1006,Central,UG1
Bufunda Division,UG41070202,Ibanda Municipality,UG410702,Ibanda,UG4107,Western,UG4
Bufundi,UG41300102,Rubanda,UG413001,Rubanda,UG4130,Western,UG4
Bufunjo,UG41240101,Mwenge,UG412401,Kyenjojo,UG4124,Western,UG4
Bugaaki,UG41240102,Mwenge,UG412401,Kyenjojo,UG4124,Western,UG4
Bugamba,UG41340101,Rwampara,UG413401,Rwampara,UG4134,Western,UG4
Bugambe,UG41180101,Buhaguzi,UG411801,Kikuube,UG4118,Western,UG4
Bugangari,UG41330101,Bujumbura,UG413301,Rukungiri,UG4133,Western,UG4
Buganikire Town Councili,UG41030203,Bwamba,UG410302,Bundibugyo,UG4103,Western,UG4
Bugaya,UG10040101,Buvuma Island,UG100401,Buvuma,UG1004,Central,UG1
Bugaya,UG20380101,Budiope,UG203801,Buyende,UG2038,Eastern,UG2
Bugembe Town Council,UG20400101,Butembe,UG204001,Jinja,UG2040,Eastern,UG2
Buginyanya,UG20340101,Bulambuli,UG203401,Bulambuli,UG2034,Eastern,UG2
Bugitimwa,UG20610102,Budadiri,UG206101,Sironko,UG2061,Eastern,UG2
Bugobero,UG20520101,Bubulo,UG205201,Manafwa,UG2052,Eastern,UG2
Bugondo,UG20600101,Kasilo,UG206001,Serere,UG2060,Eastern,UG2
Bugongi Town Council,UG41350101,Sheema,UG413501,Sheema,UG4135,Western,UG4
Bugoye,UG41150201,Busongora,UG411502,Kasese,UG4115,Western,UG4
Bugulumbya,UG20440201,Buzaaya,UG204402,Kamuli,UG2044,Eastern,UG2
Bugweri Town Council,UG20310101,Bugweri,UG203101,Bugweri,UG2031,Eastern,UG2
Buhanda,UG41220101,Kitagwenda,UG412201,Kitagwenda,UG4122,Western,UG4
Buhanika,UG41060101,Bugahya,UG410601,Hoima,UG4106,Western,UG4
Buhara,UG41090201,Ndorwa,UG410902,Kabale,UG4109,Western,UG4
Buheesi,UG41040101,Bunyangabu,UG410401,Bunyangabu,UG4104,Western,UG4
Buheesi Town Council,UG41040102,Bunyangabu,UG410401,Bunyangabu,UG4104,Western,UG4
Buhehe,UG20350201,Samia-Bugwe,UG203502,Busia,UG2035,Eastern,UG2
Buhemba,UG20550102,Bukooli,UG205501,Namayingo,UG2055,Eastern,UG2
Buhimba,UG41180102,Buhaguzi,UG411801,Kikuube,UG4118,Western,UG4
Buhimba Town Council,UG41180103,Buhaguzi,UG411801,Kikuube,UG4118,Western,UG4
Buhugu,UG20610103,Budadiri,UG206101,Sironko,UG2061,Eastern,UG2
Buhuhira,UG41150202,Busongora,UG411502,Kasese,UG4115,Western,UG4
Buhunga,UG41330102,Bujumbura,UG413301,Rukungiri,UG4133,Western,UG4
Buikwe,UG10010101,Buikwe,UG100101,Buikwe,UG1001,Central,UG1
Buikwe Town Council,UG10010102,Buikwe,UG100101,Buikwe,UG1001,Central,UG1
Bujumba,UG10060101,Bujumba,UG100601,Kalangala,UG1006,Central,UG1
Bujumbura Division,UG41060201,Hoima Municipality,UG410602,Hoima,UG4106,Western,UG4
Bukabooli,UG20530102,Bunya,UG205301,Mayuge,UG2053,Eastern,UG2
Bukakata,UG10170101,Bukoto,UG101701,Masaka,UG1017,Central,UG1
Bukalasi,UG20290104,Manjiya,UG202901,Bududa,UG2029,Eastern,UG2
Bukamba,UG20430102,Bulamogi,UG204301,Kaliro,UG2043,Eastern,UG2
Bukana,UG20550103,Bukooli,UG205501,Namayingo,UG2055,Eastern,UG2
Bukanga,UG20510101,Luuka,UG205101,Luuka,UG2051,Eastern,UG2
Bukasakya,UG20540104,Bungokho,UG205401,Mbale,UG2054,Eastern,UG2
Bukatube,UG20530103,Bunya,UG205301,Mayuge,UG2053,Eastern,UG2
Bukedea,UG20320101,Bukedea,UG203201,Bukedea,UG2032,Eastern,UG2
Bukedea Town Council,UG20320102,Bukedea,UG203201,Bukedea,UG2032,Eastern,UG2
Bukhabusi,UG20560102,Bubulo,UG205601,Namisindwa,UG2056,Eastern,UG2
Bukhalu,UG20340102,Bulambuli,UG203401,Bulambuli,UG2034,Eastern,UG2
Bukhaweka,UG20560103,Bubulo,UG205601,Namisindwa,UG2056,Eastern,UG2
Bukhofu,UG20520102,Bubulo,UG205201,Manafwa,UG2052,Eastern,UG2
Bukhulo,UG20610104,Budadiri,UG206101,Sironko,UG2061,Eastern,UG2
Bukiabi,UG20560104,Bubulo,UG205601,Namisindwa,UG2056,Eastern,UG2
Bukibokolo,UG20290105,Manjiya,UG202901,Bududa,UG2029,Eastern,UG2
Bukiende,UG20540105,Bungokho,UG205401,Mbale,UG2054,Eastern,UG2
Bukigai,UG20290106,Manjiya,UG202901,Bududa,UG2029,Eastern,UG2
Bukiise,UG20610105,Budadiri,UG206101,Sironko,UG2061,Eastern,UG2
Bukimbiri,UG41210101,Bufumbira,UG412101,Kisoro,UG4121,Western,UG4
Bukinda,UG41320101,Rukiga,UG413201,Rukiga,UG4132,Western,UG4
Bukiro,UG41260103,Kashari,UG412601,Mbarara,UG4126,Western,UG4
Bukiyi,UG20610106,Budadiri,UG206101,Sironko,UG2061,Eastern,UG2
Bukokho,UG20560105,Bubulo,UG205601,Namisindwa,UG2056,Eastern,UG2
Bukomansimbi  Town Council,UG10020102,Bukomansimbi,UG100201,Bukomansimbi,UG1002,Central,UG1
Bukomero,UG10110101,Kiboga,UG101101,Kiboga,UG1011,Central,UG1
Bukomero Town Council,UG10110102,Kiboga,UG101101,Kiboga,UG1011,Central,UG1
Bukonde,UG20540106,Bungokho,UG205401,Mbale,UG2054,Eastern,UG2
Bukonzo,UG41030101,Bughendera,UG410301,Bundibugyo,UG4103,Western,UG4
Bukooma,UG20510102,Luuka,UG205101,Luuka,UG2051,Eastern,UG2
Bukulula,UG10070101,Kalungu,UG100701,Kalungu,UG1007,Central,UG1
Bukurungu Town Council,UG41330103,Bujumbura,UG413301,Rukungiri,UG4133,Western,UG4
Bukusu,UG20520103,Bubulo,UG205201,Manafwa,UG2052,Eastern,UG2
Bukuuku,UG41100101,Burahya,UG411001,Kabarole,UG4110,Western,UG4
Bukuya,UG10090101,Kassanda,UG100901,Kassanda,UG1009,Central,UG1
Bukwo,UG20330101,Kongasis,UG203301,Bukwo,UG2033,Eastern,UG2
Bukwo Town Council,UG20330102,Kongasis,UG203301,Bukwo,UG2033,Eastern,UG2
Bukyabo,UG20610107,Budadiri,UG206101,Sironko,UG2061,Eastern,UG2
Bukyambi,UG20610108,Budadiri,UG206101,Sironko,UG2061,Eastern,UG2
Bulaago,UG20340103,Bulambuli,UG203401,Bulambuli,UG2034,Eastern,UG2
Bulambuli Town Council,UG20340104,Bulambuli,UG203401,Bulambuli,UG2034,Eastern,UG2
Bulamogi,UG20390201,Kigulu,UG203902,Iganga,UG2039,Eastern,UG2
Bulange,UG20570101,Busiki,UG205701,Namutumba,UG2057,Eastern,UG2
Bulangira,UG20480101,Kibuku,UG204801,Kibuku,UG2048,Eastern,UG2
Bulegeni,UG20340105,Bulambuli,UG203401,Bulambuli,UG2034,Eastern,UG2
Bulegeni Town Council,UG20340106,Bulambuli,UG203401,Bulambuli,UG2034,Eastern,UG2
Bulembia Division,UG41150301,Kasese Municipality,UG411503,Kasese,UG4115,Western,UG4
Bulera,UG10180301,Mityana,UG101803,Mityana,UG1018,Central,UG1
Bulesa,UG20300202,Bukooli,UG203002,Bugiri,UG2030,Eastern,UG2
Bulidha,UG20300203,Bukooli,UG203002,Bugiri,UG2030,Eastern,UG2
Buliisa,UG41020102,Buliisa,UG410201,Buliisa,UG4102,Western,UG4
Buliisa Town Council,UG41020103,Buliisa,UG410201,Buliisa,UG4102,Western,UG4
Bulo,UG10030102,Butambala,UG100301,Butambala,UG1003,Central,UG1
Bulongo,UG20510103,Luuka,UG205101,Luuka,UG2051,Eastern,UG2
Bulopa,UG20440102,Bugabula,UG204401,Kamuli,UG2044,Eastern,UG2
Bulucheke,UG20290107,Manjiya,UG202901,Bududa,UG2029,Eastern,UG2
Buluganya,UG20340107,Bulambuli,UG203401,Bulambuli,UG2034,Eastern,UG2
Buluguyi,UG20300204,Bukooli,UG203002,Bugiri,UG2030,Eastern,UG2
Bululu,UG20420103,Kalaki,UG204201,Kalaki,UG2042,Eastern,UG2
Bulumbi,UG20350202,Samia-Bugwe,UG203502,Busia,UG2035,Eastern,UG2
Bumalimba,UG20610109,Budadiri,UG206101,Sironko,UG2061,Eastern,UG2
Bumanya,UG20430103,Bulamogi,UG204301,Kaliro,UG2043,Eastern,UG2
Bumasheti,UG20290108,Manjiya,UG202901,Bududa,UG2029,Eastern,UG2
Bumasifwa,UG20610110,Budadiri,UG206101,Sironko,UG2061,Eastern,UG2
Bumasikye,UG20540107,Bungokho,UG205401,Mbale,UG2054,Eastern,UG2
Bumasobo,UG20340108,Bulambuli,UG203401,Bulambuli,UG2034,Eastern,UG2
Bumayoka,UG20290109,Manjiya,UG202901,Bududa,UG2029,Eastern,UG2
Bumbaire,UG41050202,Igara,UG410502,Bushenyi,UG4105,Western,UG4
Bumbo,UG20560106,Bubulo,UG205601,Namisindwa,UG2056,Eastern,UG2
Bumbobi,UG20540108,Bungokho,UG205401,Mbale,UG2054,Eastern,UG2
Bumugibole,UG20340109,Bulambuli,UG203401,Bulambuli,UG2034,Eastern,UG2
Bumwoni,UG20560107,Bubulo,UG205601,Namisindwa,UG2056,Eastern,UG2
Bunabwana,UG20520104,Bubulo,UG205201,Manafwa,UG2052,Eastern,UG2
Bunambutye,UG20340110,Bulambuli,UG203401,Bulambuli,UG2034,Eastern,UG2
Bunamwaya Division,UG10260501,Makindye Ssabagabo Municipality,UG102605,Wakiso,UG1026,Central,UG1
Bundibugyo Town Council,UG41030204,Bwamba,UG410302,Bundibugyo,UG4103,Western,UG4
Bundingoma,UG41030205,Bwamba,UG410302,Bundibugyo,UG4103,Western,UG4
Bungatira,UG30740102,Aswa,UG307401,Gulu,UG3074,Northern,UG3
Bungokho,UG20540109,Bungokho,UG205401,Mbale,UG2054,Eastern,UG2
Bungokho Mutoto,UG20540110,Bungokho,UG205401,Mbale,UG2054,Eastern,UG2
Bunyafa,UG20610111,Budadiri,UG206101,Sironko,UG2061,Eastern,UG2
Bunyinza Town Council,UG20520105,Bubulo,UG205201,Manafwa,UG2052,Eastern,UG2
Bupoto,UG20560108,Bubulo,UG205601,Namisindwa,UG2056,Eastern,UG2
Buremba,UG41160101,Kazo,UG411601,Kazo,UG4116,Western,UG4
Burere,UG41010103,Buhweju,UG410101,Buhweju,UG4101,Western,UG4
Burondo,UG41030102,Bughendera,UG410301,Bundibugyo,UG4103,Western,UG4
Burora,UG41110101,Buyaga,UG411101,Kagadi,UG4111,Western,UG4
Burunga,UG41160102,Kazo,UG411601,Kazo,UG4116,Western,UG4
Busaana,UG10100201,Ntenjeru,UG101002,Kayunga,UG1010,Central,UG1
Busaba,UG20360102,Bunyole,UG203601,Butaleja,UG2036,Eastern,UG2
Busabi,UG20360103,Bunyole,UG203601,Butaleja,UG2036,Eastern,UG2
Busakira,UG20530104,Bunya,UG205301,Mayuge,UG2053,Eastern,UG2
Busamuzi,UG10040102,Buvuma Island,UG100401,Buvuma,UG1004,Central,UG1
Busano,UG20540111,Bungokho,UG205401,Mbale,UG2054,Eastern,UG2
Busanza,UG41210102,Bufumbira,UG412101,Kisoro,UG4121,Western,UG4
Busaru,UG41030206,Bwamba,UG410302,Bundibugyo,UG4103,Western,UG4
Busedde,UG20400102,Butembe,UG204001,Jinja,UG2040,Eastern,UG2
Busembatia Town Council,UG20310102,Bugweri,UG203101,Bugweri,UG2031,Eastern,UG2
Buseruka,UG41060102,Bugahya,UG410601,Hoima,UG4106,Western,UG4
Buseta,UG20480102,Kibuku,UG204801,Kibuku,UG2048,Eastern,UG2
Bushika,UG20290110,Manjiya,UG202901,Bududa,UG2029,Eastern,UG2
Bushiribo,UG20290111,Manjiya,UG202901,Bududa,UG2029,Eastern,UG2
Bushiyi,UG20290112,Manjiya,UG202901,Bududa,UG2029,Eastern,UG2
Busiisi Division,UG41060202,Hoima Municipality,UG410602,Hoima,UG4106,Western,UG4
Busimbi Division,UG10180401,Mityana Municipality,UG101804,Mityana,UG1018,Central,UG1
Busime,UG20350203,Samia-Bugwe,UG203502,Busia,UG2035,Eastern,UG2
Busiriba,UG41130103,Kibale,UG411301,Kamwenge,UG4113,Western,UG4
Busitema,UG20350204,Samia-Bugwe,UG203502,Busia,UG2035,Eastern,UG2
Busiu,UG20540112,Bungokho,UG205401,Mbale,UG2054,Eastern,UG2
Busiu Town Council,UG20540113,Bungokho,UG205401,Mbale,UG2054,Eastern,UG2
Busoba,UG20540114,Bungokho,UG205401,Mbale,UG2054,Eastern,UG2
Busolwe,UG20360104,Bunyole,UG203601,Butaleja,UG2036,Eastern,UG2
Busolwe Town Council,UG20360105,Bunyole,UG203601,Butaleja,UG2036,Eastern,UG2
Busoro,UG41100102,Burahya,UG411001,Kabarole,UG4110,Western,UG4
Bussi,UG10260101,Busiro,UG102601,Wakiso,UG1026,Central,UG1
Busukuma Division,UG10260601,Nansana Municipality,UG102606,Wakiso,UG1026,Central,UG1
Busukuya,UG20520106,Bubulo,UG205201,Manafwa,UG2052,Eastern,UG2
Busulani,UG20610112,Budadiri,UG206101,Sironko,UG2061,Eastern,UG2
Busunga Twon Council,UG41030207,Bwamba,UG410302,Bundibugyo,UG4103,Western,UG4
Busunju Town Council,UG10180302,Mityana,UG101803,Mityana,UG1018,Central,UG1
Buswale,UG20550104,Bukooli,UG205501,Namayingo,UG2055,Eastern,UG2
Butagaya,UG20400302,Kagoma,UG204003,Jinja,UG2040,Eastern,UG2
Butalangu Town Council,UG10220101,Nakaseke,UG102201,Nakaseke,UG1022,Central,UG1
Butaleja,UG20360106,Bunyole,UG203601,Butaleja,UG2036,Eastern,UG2
Butaleja Town Council,UG20360107,Bunyole,UG203601,Butaleja,UG2036,Eastern,UG2
Butama-Mitunda Town Council,UG41030103,Bughendera,UG410301,Bundibugyo,UG4103,Western,UG4
Butanda,UG41090202,Ndorwa,UG410902,Kabale,UG4109,Western,UG4
Butandiga,UG20610113,Budadiri,UG206101,Sironko,UG2061,Eastern,UG2
Butansi,UG20440103,Bugabula,UG204401,Kamuli,UG2044,Eastern,UG2
Butayunja,UG10180102,Busujju,UG101801,Mityana,UG1018,Central,UG1
Buteba,UG20350205,Samia-Bugwe,UG203502,Busia,UG2035,Eastern,UG2
Butebo,UG20370101,Butebo,UG203701,Butebo,UG2037,Eastern,UG2
Butebo Town Council,UG20370102,Butebo,UG203701,Butebo,UG2037,Eastern,UG2
Butemba,UG10120112,Kiboga,UG101201,Kyankwanzi,UG1012,Central,UG1
Butemba Town Council,UG10120113,Kiboga,UG101201,Kyankwanzi,UG1012,Central,UG1
Butenga,UG10020103,Bukomansimbi,UG100201,Bukomansimbi,UG1002,Central,UG1
Buteza,UG20610114,Budadiri,UG206101,Sironko,UG2061,Eastern,UG2
Butiaba,UG41020104,Buliisa,UG410201,Buliisa,UG4102,Western,UG4
Butiiti,UG41240103,Mwenge,UG412401,Kyenjojo,UG4124,Western,UG4
Butiru,UG20520107,Bubulo,UG205201,Manafwa,UG2052,Eastern,UG2
Butogota Town Council,UG41140101,Kinkizi,UG411401,Kanungu,UG4114,Western,UG4
Butoloogo,UG10200101,Buwekula,UG102001,Mubende,UG1020,Central,UG1
Butta,UG20520108,Bubulo,UG205201,Manafwa,UG2052,Eastern,UG2
Butunduzi,UG41240104,Mwenge,UG412401,Kyenjojo,UG4124,Western,UG4
Butunduzi Town Council,UG41240105,Mwenge,UG412401,Kyenjojo,UG4124,Western,UG4
Butungama,UG41280101,Ntoroko,UG412801,Ntoroko,UG4128,Western,UG4
Butuntumula,UG10140202,Katikamu,UG101402,Luwero,UG1014,Central,UG1
Buvuma Town Council,UG10040103,Buvuma Island,UG100401,Buvuma,UG1004,Central,UG1
Buwaaya,UG20530105,Bunya,UG205301,Mayuge,UG2053,Eastern,UG2
Buwabwala,UG20560109,Bubulo,UG205601,Namisindwa,UG2056,Eastern,UG2
Buwagogo,UG20520109,Bubulo,UG205201,Manafwa,UG2052,Eastern,UG2
Buwalasi,UG20610115,Budadiri,UG206101,Sironko,UG2061,Eastern,UG2
Buwali,UG20290113,Manjiya,UG202901,Bududa,UG2029,Eastern,UG2
Buwama,UG10190101,Mawokota,UG101901,Mpigi,UG1019,Central,UG1
Buwangani Town Council,UG20520110,Bubulo,UG205201,Manafwa,UG2052,Eastern,UG2
Buwasa,UG20610116,Budadiri,UG206101,Sironko,UG2061,Eastern,UG2
Buwenge,UG20400303,Kagoma,UG204003,Jinja,UG2040,Eastern,UG2
Buwenge Town Council,UG20400304,Kagoma,UG204003,Jinja,UG2040,Eastern,UG2
Buwooya,UG10040104,Buvuma Island,UG100401,Buvuma,UG1004,Central,UG1
Buwunga,UG10170102,Bukoto,UG101701,Masaka,UG1017,Central,UG1
Buwunga,UG20300205,Bukooli,UG203002,Bugiri,UG2030,Eastern,UG2
Buyaga Town Council,UG20340111,Bulambuli,UG203401,Bulambuli,UG2034,Eastern,UG2
Buyanga,UG20310103,Bugweri,UG203101,Bugweri,UG2031,Eastern,UG2
Buyanga,UG20350206,Samia-Bugwe,UG203502,Busia,UG2035,Eastern,UG2
Buyanja,UG41330201,Rubabo,UG413302,Rukungiri,UG4133,Western,UG4
Buyanja Town Council,UG41330202,Rubabo,UG413302,Rukungiri,UG4133,Western,UG4
Buyende,UG20380102,Budiope,UG203801,Buyende,UG2038,Eastern,UG2
Buyende Town Council,UG20380103,Budiope,UG203801,Buyende,UG2038,Eastern,UG2
Buyengo,UG20400305,Kagoma,UG204003,Jinja,UG2040,Eastern,UG2
Buyinda,UG20430104,Bulamogi,UG204301,Kaliro,UG2043,Eastern,UG2
Buyinja,UG20550105,Bukooli,UG205501,Namayingo,UG2055,Eastern,UG2
Buyobo,UG20610117,Budadiri,UG206101,Sironko,UG2061,Eastern,UG2
Bwambara,UG41330104,Bujumbura,UG413301,Rukungiri,UG4133,Western,UG4
Bwamiramira,UG41170102,Buyanja,UG411701,Kibaale,UG4117,Western,UG4
Bwanswa,UG41120102,Bugangaizi,UG411201,Kakumiro,UG4112,Western,UG4
Bweema,UG10040105,Buvuma Island,UG100401,Buvuma,UG1004,Central,UG1
Bwera,UG41150101,Bukonjo,UG411501,Kasese,UG4115,Western,UG4
Bweramule,UG41280102,Ntoroko,UG412801,Ntoroko,UG4128,Western,UG4
Bwesumbu,UG41150203,Busongora,UG411502,Kasese,UG4115,Western,UG4
Bweyale Town Council,UG41200101,Kibanda,UG412001,Kiryandongo,UG4120,Western,UG4
Bweyogerere Division,UG10260301,Kira Municipality,UG102603,Wakiso,UG1026,Central,UG1
Bwijanga,UG41250102,Bujenje,UG412501,Masindi,UG4125,Western,UG4
Bwikara,UG41110102,Buyaga,UG411101,Kagadi,UG4111,Western,UG4
Bwikhonge,UG20340112,Bulambuli,UG203401,Bulambuli,UG2034,Eastern,UG2
Bwizi,UG41130104,Kibale,UG411301,Kamwenge,UG4113,Western,UG4
Bwongyera,UG41290101,Kajara,UG412901,Ntungamo,UG4129,Western,UG4
Byakabanda,UG10240101,Kooki,UG102401,Rakai,UG1024,Central,UG1
Byerima,UG10120114,Kiboga,UG101201,Kyankwanzi,UG1012,Central,UG1
Central,UG41210201,Kisoro Municipality,UG412102,Kisoro,UG4121,Western,UG4
Central Division,UG10010201,KCCA,UG100102,Buikwe,UG1001,Central,UG1
Central Division,UG10080101,KCCA,UG100801,Kampala,UG1008,Central,UG1
Central Division,UG10180201,KCCA,UG101802,Mityana,UG1018,Central,UG1
Central Division,UG10210101,KCCA,UG102101,Mukono,UG1021,Central,UG1
Central Division,UG20390101,Iganga Municipality,UG203901,Iganga,UG2039,Eastern,UG2
Central Division,UG20400201,Jinja Municipality,UG204002,Jinja,UG2040,Eastern,UG2
Central Division,UG20450101,Kapchorwa Municipality,UG204501,Kapchorwa,UG2045,Eastern,UG2
Central Division,UG30770201,Kitgum Municipality,UG307702,Kitgum,UG3077,Northern,UG3
Central Division,UG30800201,Kotido Municipality,UG308002,Kotido,UG3080,Northern,UG3
Central Division,UG30830202,Lira Municipality,UG308302,Lira,UG3083,Northern,UG3
Central Division,UG30910102,Nebbi Municipality,UG309101,Nebbi,UG3091,Northern,UG3
Central Division,UG41090101,Kabale Municipality,UG410901,Kabale,UG4109,Western,UG4
Central Division,UG41150302,Kasese Municipality,UG411503,Kasese,UG4115,Western,UG4
Central Division,UG41250301,Masindi Municipality,UG412503,Masindi,UG4125,Western,UG4
Central Division,UG41290201,Ntungamo Municipality,UG412902,Ntungamo,UG4129,Western,UG4
Central Divison,UG41050101,Bushenyi  Municipality,UG410501,Bushenyi,UG4105,Western,UG4
Chahi,UG41210103,Bufumbira,UG412101,Kisoro,UG4121,Western,UG4
Chawente,UG30810104,Kwania,UG308101,Kwania,UG3081,Northern,UG3
Chegere,UG30710203,Maruzi,UG307102,Apac,UG3071,Northern,UG3
Chelekura,UG20590204,Pallisa,UG205902,Pallisa,UG2059,Eastern,UG2
Chema,UG20450202,Tingey,UG204502,Kapchorwa,UG2045,Eastern,UG2
Chepkwasta,UG20330103,Kongasis,UG203301,Bukwo,UG2033,Eastern,UG2
Chepterech,UG20450203,Tingey,UG204502,Kapchorwa,UG2045,Eastern,UG2
Chesower,UG20330104,Kongasis,UG203301,Bukwo,UG2033,Eastern,UG2
Ciforo,UG30650104,East Moyo,UG306501,Adjumani,UG3065,Northern,UG3
Dabani,UG20350207,Samia-Bugwe,UG203502,Busia,UG2035,Eastern,UG2
Dadamu,UG30720204,Ayivu,UG307202,Arua,UG3072,Northern,UG3
Ddwaniro,UG10110103,Kiboga,UG101101,Kiboga,UG1011,Central,UG1
Ddwaniro,UG10240102,Kooki,UG102401,Rakai,UG1024,Central,UG1
Difule,UG30870101,Moyo,UG308701,Moyo,UG3087,Northern,UG3
Division A,UG10260201,Entebbe Municipality,UG102602,Wakiso,UG1026,Central,UG1
Division B,UG10260202,Entebbe Municipality,UG102602,Wakiso,UG1026,Central,UG1
Dokolo,UG30730106,Dokolo,UG307301,Dokolo,UG3073,Northern,UG3
Dokolo Tc,UG30730107,Dokolo,UG307301,Dokolo,UG3073,Northern,UG3
Drajini,UG30990103,Aringa,UG309901,Yumbe,UG3099,Northern,UG3
Dranya,UG30780102,Koboko,UG307801,Koboko,UG3078,Northern,UG3
Dzaipi,UG30650105,East Moyo,UG306501,Adjumani,UG3065,Northern,UG3
Eastern Division,UG10200301,Mubende Municipality,UG102003,Mubende,UG1020,Central,UG1
Eastern Division,UG20300101,Bugiri Municipality,UG203001,Bugiri,UG2030,Eastern,UG2
Eastern Division,UG20350101,Busia Municipality,UG203501,Busia,UG2035,Eastern,UG2
Eastern Division,UG20450102,Kapchorwa Municipality,UG204501,Kapchorwa,UG2045,Eastern,UG2
Eastern Division,UG20620201,Soroti Municipality,UG206202,Soroti,UG2062,Eastern,UG2
Eastern Division,UG20630201,Tororo Municipality,UG206302,Tororo,UG2063,Eastern,UG2
Eastern Division,UG41100201,Fort Portal Municipality,UG411002,Kabarole,UG4110,Western,UG4
Eastern Division,UG41290202,Ntungamo Municipality,UG412902,Ntungamo,UG4129,Western,UG4
Eastern Divison,UG41330301,Rukungiri Municipality,UG413303,Rukungiri,UG4133,Western,UG4
Endiinzi,UG41080101,Bukanga,UG410801,Isingiro,UG4108,Western,UG4
Endiinzi Town Council,UG41080102,Bukanga,UG410801,Isingiro,UG4108,Western,UG4
Engaju,UG41010104,Buhweju,UG410101,Buhweju,UG4101,Western,UG4
Engari,UG41160103,Kazo,UG411601,Kazo,UG4116,Western,UG4
Erussi,UG30910203,Padyere,UG309102,Nebbi,UG3091,Northern,UG3
Etam,UG30680108,Kioga,UG306801,Amolatar,UG3068,Northern,UG3
Ewanga,UG30840102,Madi Okollo,UG308401,Madi Okollo,UG3084,Northern,UG3
Gadumire,UG20430105,Bulamogi,UG204301,Kaliro,UG2043,Eastern,UG2
Galiraya,UG10100102,Bbaale,UG101001,Kayunga,UG1010,Central,UG1
Gamogo,UG20450204,Tingey,UG204502,Kapchorwa,UG2045,Eastern,UG2
Gayaza,UG10120115,Kiboga,UG101201,Kyankwanzi,UG1012,Central,UG1
Gimara,UG30930102,Obongi,UG309301,Obongi,UG3093,Northern,UG3
Gogonyo,UG20590205,Pallisa,UG205902,Pallisa,UG2059,Eastern,UG2
Goli Goli,UG20480103,Kibuku,UG204801,Kibuku,UG2048,Eastern,UG2
Goma Division,UG10210301,Mukono Municipality,UG102103,Mukono,UG1021,Central,UG1
Gombe Division,UG10260602,Nansana Municipality,UG102606,Wakiso,UG1026,Central,UG1
Gombe Town Council,UG10030103,Butambala,UG100301,Butambala,UG1003,Central,UG1
Got Apwoyo,UG30920104,Nwoya,UG309201,Nwoya,UG3092,Northern,UG3
Gweri,UG20620103,Soroti,UG206201,Soroti,UG2062,Eastern,UG2
Hakibaale,UG41100103,Burahya,UG411001,Kabarole,UG4110,Western,UG4
Hamurwa,UG41300103,Rubanda,UG413001,Rubanda,UG4130,Western,UG4
Hamurwa Town Council,UG41300104,Rubanda,UG413001,Rubanda,UG4130,Western,UG4
Hapuuyo,UG41230101,Kyaka,UG412301,Kyegegwa,UG4123,Western,UG4
Harugale,UG41030104,Bughendera,UG410301,Bundibugyo,UG4103,Western,UG4
Harugogo,UG41100104,Burahya,UG411001,Kabarole,UG4110,Western,UG4
Hima Town Council,UG41150204,Busongora,UG411502,Kasese,UG4115,Western,UG4
Himutu,UG20360108,Bunyole,UG203601,Butaleja,UG2036,Eastern,UG2
Ibaare,UG41050203,Igara,UG410502,Bushenyi,UG4105,Western,UG4
Ibuje,UG30710204,Maruzi,UG307102,Apac,UG3071,Northern,UG3
Ibulanku,UG20310104,Bugweri,UG203101,Bugweri,UG2031,Eastern,UG2
Iceme,UG30960105,Oyam,UG309601,Oyam,UG3096,Northern,UG3
Igombe,UG20310105,Bugweri,UG203101,Bugweri,UG2031,Eastern,UG2
Igorora Town Council,UG41070101,Ibanda,UG410701,Ibanda,UG4107,Western,UG4
Ihandiro,UG41150102,Bukonjo,UG411501,Kasese,UG4115,Western,UG4
Ihunga,UG41290102,Kajara,UG412901,Ntungamo,UG4129,Western,UG4
Iki-Iki,UG20280201,Iki-Iki,UG202802,Budaka,UG2028,Eastern,UG2
Ikumba,UG41300105,Rubanda,UG413001,Rubanda,UG4130,Western,UG4
Ikumbya,UG20510104,Luuka,UG205101,Luuka,UG2051,Eastern,UG2
Imanyiro,UG20530106,Bunya,UG205301,Mayuge,UG2053,Eastern,UG2
Inde Town Council,UG30840103,Madi Okollo,UG308401,Madi Okollo,UG3084,Northern,UG3
Industrial Divison,UG20540201,Mbale Municipality,UG205402,Mbale,UG2054,Eastern,UG2
Inomo,UG30810105,Kwania,UG308101,Kwania,UG3081,Northern,UG3
Iriiri,UG30900101,Bokora,UG309001,Napak,UG3090,Northern,UG3
Irongo,UG20510105,Luuka,UG205101,Luuka,UG2051,Eastern,UG2
Isango,UG41150103,Bukonjo,UG411501,Kasese,UG4115,Western,UG4
Ishaka Divison,UG41050102,Bushenyi  Municipality,UG410501,Bushenyi,UG4105,Western,UG4
Ishongororo,UG41070102,Ibanda,UG410701,Ibanda,UG4107,Western,UG4
Ishongororo Town Council,UG41070103,Ibanda,UG410701,Ibanda,UG4107,Western,UG4
Isingiro Town Council,UG41080202,Isingiro,UG410802,Isingiro,UG4108,Western,UG4
Itirikwa,UG30650106,East Moyo,UG306501,Adjumani,UG3065,Northern,UG3
Itojo,UG41290301,Ruhaama,UG412903,Ntungamo,UG4129,Western,UG4
Itula,UG30930103,Obongi,UG309301,Obongi,UG3093,Northern,UG3
Ivukula,UG20570102,Busiki,UG205701,Namutumba,UG2057,Eastern,UG2
Iwemba,UG20300206,Bukooli,UG203002,Bugiri,UG2030,Eastern,UG2
Iyolwa,UG20630301,West Budama (Kisolo),UG206303,Tororo,UG2063,Eastern,UG2
Jaguzi,UG20530107,Bunya,UG205301,Mayuge,UG2053,Eastern,UG2
Jangokoro,UG31000106,Okoro,UG310001,Zombo,UG3100,Northern,UG3
Kaabong East,UG30750101,Dodoth,UG307501,Kaabong,UG3075,Northern,UG3
Kaabong Town Council,UG30750102,Dodoth,UG307501,Kaabong,UG3075,Northern,UG3
Kaabong West,UG30750103,Dodoth,UG307501,Kaabong,UG3075,Northern,UG3
Kaato,UG20520111,Bubulo,UG205201,Manafwa,UG2052,Eastern,UG2
Kabamba,UG41110103,Buyaga,UG411101,Kagadi,UG4111,Western,UG4
Kabambiro,UG41130105,Kibale,UG411301,Kamwenge,UG4113,Western,UG4
Kabasekende,UG41170103,Buyanja,UG411701,Kibaale,UG4117,Western,UG4
Kabei,UG20330105,Kongasis,UG203301,Bukwo,UG2033,Eastern,UG2
Kaberamaido,UG20410103,Kaberamaido,UG204101,Kaberamaido,UG2041,Eastern,UG2
Kaberamaido Town Council,UG20410104,Kaberamaido,UG204101,Kaberamaido,UG2041,Eastern,UG2
Kaberebere Town Council,UG41080203,Isingiro,UG410802,Isingiro,UG4108,Western,UG4
Kabeywa,UG20450205,Tingey,UG204502,Kapchorwa,UG2045,Eastern,UG2
Kabingo,UG41080204,Isingiro,UG410802,Isingiro,UG4108,Western,UG4
Kabira,UG10130101,Kyotera,UG101301,Kyotera,UG1013,Central,UG1
Kabira,UG41270102,Ruhinda,UG412701,Mitooma,UG4127,Western,UG4
Kabonera,UG10170103,Bukoto,UG101701,Masaka,UG1017,Central,UG1
Kabonero,UG41040103,Bunyangabu,UG410401,Bunyangabu,UG4104,Western,UG4
Kabulasoke,UG10050101,Gomba,UG100501,Gomba,UG1005,Central,UG1
Kabuyanda,UG41080205,Isingiro,UG410802,Isingiro,UG4108,Western,UG4
Kabuyanda Town Council,UG41080206,Isingiro,UG410802,Isingiro,UG4108,Western,UG4
Kabwangasi,UG20370103,Butebo,UG203701,Butebo,UG2037,Eastern,UG2
Kabweri,UG20480104,Kibuku,UG204801,Kibuku,UG2048,Eastern,UG2
Kabweza Kyegegwa,UG41230102,Kyaka,UG412301,Kyegegwa,UG4123,Western,UG4
Kabwohe Division,UG41350201,Sheema Municipality,UG413502,Sheema,UG4135,Western,UG4
Kabwoya,UG41180104,Buhaguzi,UG411801,Kikuube,UG4118,Western,UG4
Kacheera,UG10240103,Kooki,UG102401,Rakai,UG1024,Central,UG1
Kacheri,UG30800101,Jie,UG308001,Kotido,UG3080,Northern,UG3
Kachomo,UG20280202,Iki-Iki,UG202802,Budaka,UG2028,Eastern,UG2
Kachonga,UG20360109,Bunyole,UG203601,Butaleja,UG2036,Eastern,UG2
Kachumbala,UG20320103,Bukedea,UG203201,Bukedea,UG2032,Eastern,UG2
Kadama,UG20480105,Kibuku,UG204801,Kibuku,UG2048,Eastern,UG2
Kaderuna,UG20280103,Budaka,UG202801,Budaka,UG2028,Eastern,UG2
Kadungulu,UG20600102,Kasilo,UG206001,Serere,UG2060,Eastern,UG2
Kadungulu Town Council,UG20600103,Kasilo,UG206001,Serere,UG2060,Eastern,UG2
Kafunjo-Mirama Town Council,UG41290302,Ruhaama,UG412903,Ntungamo,UG4129,Western,UG4
Kagadi,UG41110104,Buyaga,UG411101,Kagadi,UG4111,Western,UG4
Kagadi  Town Council,UG41110105,Buyaga,UG411101,Kagadi,UG4111,Western,UG4
Kagamba,UG10240104,Kooki,UG102401,Rakai,UG1024,Central,UG1
Kagango Division,UG41070203,Ibanda Municipality,UG410702,Ibanda,UG4107,Western,UG4
Kagango Division,UG41350202,Sheema Municipality,UG413502,Sheema,UG4135,Western,UG4
Kagarama Town Council,UG41290103,Kajara,UG412901,Ntungamo,UG4129,Western,UG4
Kagongi,UG41260104,Kashari,UG412601,Mbarara,UG4126,Western,UG4
Kagugu,UG41030105,Bughendera,UG410301,Bundibugyo,UG4103,Western,UG4
Kagulu,UG20380104,Budiope,UG203801,Buyende,UG2038,Eastern,UG2
Kagumba,UG20440104,Bugabula,UG204401,Kamuli,UG2044,Eastern,UG2
Kagumu,UG20480106,Kibuku,UG204801,Kibuku,UG2048,Eastern,UG2
Kaharo,UG41090203,Ndorwa,UG410902,Kabale,UG4109,Western,UG4
Kahoora Divison,UG41060203,Hoima Municipality,UG410602,Hoima,UG4106,Western,UG4
Kahunge,UG41130106,Kibale,UG411301,Kamwenge,UG4113,Western,UG4
Kahunge Town Council,UG41130107,Kibale,UG411301,Kamwenge,UG4113,Western,UG4
Kajjansi Town Council,UG10260102,Busiro,UG102601,Wakiso,UG1026,Central,UG1
Kakabara,UG41230103,Kyaka,UG412301,Kyegegwa,UG4123,Western,UG4
Kakamar,UG30750104,Dodoth,UG307501,Kaabong,UG3075,Northern,UG3
Kakamba,UG41080103,Bukanga,UG410801,Isingiro,UG4108,Western,UG4
Kakanju,UG41050204,Igara,UG410502,Bushenyi,UG4105,Western,UG4
Kakiika Division,UG41260105,Kashari,UG412601,Mbarara,UG4126,Western,UG4
Kakindo,UG41120103,Bugangaizi,UG411201,Kakumiro,UG4112,Western,UG4
Kakindo Town Council,UG41350102,Sheema,UG413501,Sheema,UG4135,Western,UG4
Kakindu,UG10180103,Busujju,UG101801,Mityana,UG1018,Central,UG1
Kakira Town Council,UG20400103,Butembe,UG204001,Jinja,UG2040,Eastern,UG2
Kakiri,UG10260103,Busiro,UG102601,Wakiso,UG1026,Central,UG1
Kakiri Town Council,UG10260104,Busiro,UG102601,Wakiso,UG1026,Central,UG1
Kakoba Division,UG41260201,Mbarara Municipality,UG412602,Mbarara,UG4126,Western,UG4
Kakomongole,UG30890101,Chekwi,UG308901,Nakapiripirit,UG3089,Northern,UG3
Kakooge,UG10230101,Buruli,UG102301,Nakasongola,UG1023,Central,UG1
Kakooge Town Council,UG10230102,Buruli,UG102301,Nakasongola,UG1023,Central,UG1
Kakoro,UG20370104,Butebo,UG203701,Butebo,UG2037,Eastern,UG2
Kakule,UG20280104,Budaka,UG202801,Budaka,UG2028,Eastern,UG2
Kakumiro  Town Council,UG41120104,Bugangaizi,UG411201,Kakumiro,UG4112,Western,UG4
Kakure,UG20420104,Kalaki,UG204201,Kalaki,UG2042,Eastern,UG2
Kakutu,UG20480107,Kibuku,UG204801,Kibuku,UG2048,Eastern,UG2
Kakuuto,UG10130102,Kyotera,UG101301,Kyotera,UG1013,Central,UG1
Kalagala,UG10140102,Bamunanika,UG101401,Luwero,UG1014,Central,UG1
Kalaki,UG20420105,Kalaki,UG204201,Kalaki,UG2042,Eastern,UG2
Kalaki Town Council,UG20420106,Kalaki,UG204201,Kalaki,UG2042,Eastern,UG2
Kalamba,UG10030104,Butambala,UG100301,Butambala,UG1003,Central,UG1
Kalangaalo,UG10180303,Mityana,UG101803,Mityana,UG1018,Central,UG1
Kalangala Town Council,UG10060102,Bujumba,UG100601,Kalangala,UG1006,Central,UG1
Kalapata,UG30750105,Dodoth,UG307501,Kaabong,UG3075,Northern,UG3
Kaliiro,UG10160101,Kabula,UG101601,Lyantonde,UG1016,Central,UG1
Kaliro Town Council,UG20430106,Bulamogi,UG204301,Kaliro,UG2043,Eastern,UG2
Kalisizo,UG10130103,Kyotera,UG101301,Kyotera,UG1013,Central,UG1
Kalisizo Town Council,UG10130104,Kyotera,UG101301,Kyotera,UG1013,Central,UG1
Kalongo,UG10230103,Buruli,UG102301,Nakasongola,UG1023,Central,UG1
Kalongo Town Council,UG30660104,Agago,UG306601,Agago,UG3066,Northern,UG3
Kalungi,UG10230104,Buruli,UG102301,Nakasongola,UG1023,Central,UG1
Kalungu,UG10070102,Kalungu,UG100701,Kalungu,UG1007,Central,UG1
Kalungu Town Council,UG10070103,Kalungu,UG100701,Kalungu,UG1007,Central,UG1
Kalwana,UG10090102,Kassanda,UG100901,Kassanda,UG1009,Central,UG1
Kambuga,UG41140102,Kinkizi,UG411401,Kanungu,UG4114,Western,UG4
Kambuga Town Council,UG41140103,Kinkizi,UG411401,Kanungu,UG4114,Western,UG4
Kamdini,UG30960106,Oyam,UG309601,Oyam,UG3096,Northern,UG3
Kameke,UG20590206,Pallisa,UG205902,Pallisa,UG2059,Eastern,UG2
Kameruka,UG20280203,Iki-Iki,UG202802,Budaka,UG2028,Eastern,UG2
Kamet,UG20330106,Kongasis,UG203301,Bukwo,UG2033,Eastern,UG2
Kamion,UG30750106,Dodoth,UG307501,Kaabong,UG3075,Northern,UG3
Kamira,UG10140103,Bamunanika,UG101401,Luwero,UG1014,Central,UG1
Kammengo,UG10190102,Mawokota,UG101901,Mpigi,UG1019,Central,UG1
Kamonkoli,UG20280204,Iki-Iki,UG202802,Budaka,UG2028,Eastern,UG2
Kamu,UG20340113,Bulambuli,UG203401,Bulambuli,UG2034,Eastern,UG2
Kamuda,UG20620104,Soroti,UG206201,Soroti,UG2062,Eastern,UG2
Kamuganguzi,UG41090204,Ndorwa,UG410902,Kabale,UG4109,Western,UG4
Kamuge,UG20590207,Pallisa,UG205902,Pallisa,UG2059,Eastern,UG2
Kamukuzi Division,UG41260202,Mbarara Municipality,UG412602,Mbarara,UG4126,Western,UG4
Kamwenge,UG41130108,Kibale,UG411301,Kamwenge,UG4113,Western,UG4
Kamwenge Town Council,UG41130109,Kibale,UG411301,Kamwenge,UG4113,Western,UG4
Kamwezi,UG41320102,Rukiga,UG413201,Rukiga,UG4132,Western,UG4
Kanaba,UG41210104,Bufumbira,UG412101,Kisoro,UG4121,Western,UG4
Kanara,UG41220102,Kitagwenda,UG412201,Kitagwenda,UG4122,Western,UG4
Kanara,UG41280103,Ntoroko,UG412801,Ntoroko,UG4128,Western,UG4
Kanara Town Council,UG41280104,Ntoroko,UG412801,Ntoroko,UG4128,Western,UG4
Kangai,UG30730108,Dokolo,UG307301,Dokolo,UG3073,Northern,UG3
Kanginima,UG20370105,Butebo,UG203701,Butebo,UG2037,Eastern,UG2
Kango,UG31000107,Okoro,UG310001,Zombo,UG3100,Northern,UG3
Kangulumira,UG10100202,Ntenjeru,UG101002,Kayunga,UG1010,Central,UG1
Kanoni,UG41160104,Kazo,UG411601,Kazo,UG4116,Western,UG4
Kanoni Town Council,UG10050102,Gomba,UG100501,Gomba,UG1005,Central,UG1
Kanungu Town Council,UG41140104,Kinkizi,UG411401,Kanungu,UG4114,Western,UG4
Kanyabwanga,UG41270103,Ruhinda,UG412701,Mitooma,UG4127,Western,UG4
Kanyantorogo,UG41140105,Kinkizi,UG411401,Kanungu,UG4114,Western,UG4
Kanyaryeru,UG41190101,Nyabushozi,UG411901,Kiruhura,UG4119,Western,UG4
Kanyegaramire,UG41240106,Mwenge,UG412401,Kyenjojo,UG4124,Western,UG4
Kanyum,UG20490102,Kumi,UG204901,Kumi,UG2049,Eastern,UG2
Kapedo,UG30760114,Dodoth,UG307601,Karenga,UG3076,Northern,UG3
Kapeeka,UG10220102,Nakaseke,UG102201,Nakaseke,UG1022,Central,UG1
Kapeke,UG10110104,Kiboga,UG101101,Kiboga,UG1011,Central,UG1
Kapelebyong,UG20460103,Kapelebyong,UG204601,Kapelebyong,UG2046,Eastern,UG2
Kapelebyong Town Council,UG20460104,Kapelebyong,UG204601,Kapelebyong,UG2046,Eastern,UG2
Kapir,UG20580101,Ngora,UG205801,Ngora,UG2058,Eastern,UG2
Kaproron,UG20500104,Kween,UG205001,Kween,UG2050,Eastern,UG2
Kaproron Town Council,UG20500105,Kween,UG205001,Kween,UG2050,Eastern,UG2
Kapsinda,UG20450206,Tingey,UG204502,Kapchorwa,UG2045,Eastern,UG2
Kaptanya,UG20450207,Tingey,UG204502,Kapchorwa,UG2045,Eastern,UG2
Kaptererwo,UG20330107,Kongasis,UG203301,Bukwo,UG2033,Eastern,UG2
Kaptoyoy,UG20500106,Kween,UG205001,Kween,UG2050,Eastern,UG2
Kaptum,UG20500107,Kween,UG205001,Kween,UG2050,Eastern,UG2
Kapujan,UG20470201,Toroma,UG204702,Katakwi,UG2047,Eastern,UG2
Kapyanga,UG20300207,Bukooli,UG203002,Bugiri,UG2030,Eastern,UG2
Karago Town Council,UG41100105,Burahya,UG411001,Kabarole,UG4110,Western,UG4
Karama,UG41170104,Buyanja,UG411701,Kibaale,UG4117,Western,UG4
Karambi,UG41100106,Burahya,UG411001,Kabarole,UG4110,Western,UG4
Karambi,UG41150104,Bukonjo,UG411501,Kasese,UG4115,Western,UG4
Karangura,UG41100107,Burahya,UG411001,Kabarole,UG4110,Western,UG4
Karenga Town Council,UG30760115,Dodoth,UG307601,Karenga,UG3076,Northern,UG3
Karita,UG30690103,Pokot,UG306901,Amudat,UG3069,Northern,UG3
Karugutu,UG41280105,Ntoroko,UG412801,Ntoroko,UG4128,Western,UG4
Karugutu Town Council,UG41280106,Ntoroko,UG412801,Ntoroko,UG4128,Western,UG4
Karujubu Division,UG41250302,Masindi Municipality,UG412503,Masindi,UG4125,Western,UG4
Karungu,UG41010105,Buhweju,UG410101,Buhweju,UG4101,Western,UG4
Karusandara,UG41150205,Busongora,UG411502,Kasese,UG4115,Western,UG4
Kasaali Town Council,UG10130105,Kyotera,UG101301,Kyotera,UG1013,Central,UG1
Kasaana,UG41350103,Sheema,UG413501,Sheema,UG4135,Western,UG4
Kasagama,UG10160102,Kabula,UG101601,Lyantonde,UG1016,Central,UG1
Kasambya,UG10200202,Kasambya,UG102002,Mubende,UG1020,Central,UG1
Kasambya,UG41120105,Bugangaizi,UG411201,Kakumiro,UG4112,Western,UG4
Kasambya Town Council,UG10200203,Kasambya,UG102002,Mubende,UG1020,Central,UG1
Kasangati Town Council,UG10260401,Kyadondo,UG102604,Wakiso,UG1026,Central,UG1
Kasangombe,UG10220103,Nakaseke,UG102201,Nakaseke,UG1022,Central,UG1
Kasanje,UG10260105,Busiro,UG102601,Wakiso,UG1026,Central,UG1
Kasasa,UG10130106,Kyotera,UG101301,Kyotera,UG1013,Central,UG1
Kasasira,UG20480108,Kibuku,UG204801,Kibuku,UG2048,Eastern,UG2
Kasawo,UG10210401,Nakifuma,UG102104,Mukono,UG1021,Central,UG1
Kasenda,UG41100108,Burahya,UG411001,Kabarole,UG4110,Western,UG4
Kaserem,UG20450208,Tingey,UG204502,Kapchorwa,UG2045,Eastern,UG2
Kashambya,UG41320103,Rukiga,UG413201,Rukiga,UG4132,Western,UG4
Kashare,UG41260106,Kashari,UG412601,Mbarara,UG4126,Western,UG4
Kashenshero,UG41270104,Ruhinda,UG412701,Mitooma,UG4127,Western,UG4
Kashenshero Town Council,UG41270105,Ruhinda,UG412701,Mitooma,UG4127,Western,UG4
Kashongi,UG41190102,Nyabushozi,UG411901,Kiruhura,UG4119,Western,UG4
Kashozi Division,UG41350203,Sheema Municipality,UG413502,Sheema,UG4135,Western,UG4
Kashumba,UG41080104,Bukanga,UG410801,Isingiro,UG4108,Western,UG4
Kasilo Town Council,UG20600104,Kasilo,UG206001,Serere,UG2060,Eastern,UG2
Kasimbi,UG41170105,Buyanja,UG411701,Kibaale,UG4117,Western,UG4
Kasitu,UG41030106,Bughendera,UG410301,Bundibugyo,UG4103,Western,UG4
Kasodo,UG20590208,Pallisa,UG205902,Pallisa,UG2059,Eastern,UG2
Kasokwe,UG20430107,Bulamogi,UG204301,Kaliro,UG2043,Eastern,UG2
Kassanda,UG10090103,Kassanda,UG100901,Kassanda,UG1009,Central,UG1
Kassanda Town Council,UG10090104,Kassanda,UG100901,Kassanda,UG1009,Central,UG1
Kasule,UG41230104,Kyaka,UG412301,Kyegegwa,UG4123,Western,UG4
Katabi  Town Council,UG10260106,Busiro,UG102601,Wakiso,UG1026,Central,UG1
Katakwi,UG20470101,Katakwi,UG204701,Katakwi,UG2047,Eastern,UG2
Katakwi Town Council,UG20470102,Katakwi,UG204701,Katakwi,UG2047,Eastern,UG2
Katanda,UG41310101,Bunyaruguru,UG413101,Rubirizi,UG4131,Western,UG4
Katebwa,UG41040104,Bunyangabu,UG410401,Bunyangabu,UG4104,Western,UG4
Katenga,UG41270106,Ruhinda,UG412701,Mitooma,UG4127,Western,UG4
Katerera,UG41310102,Bunyaruguru,UG413101,Rubirizi,UG4131,Western,UG4
Katerera Town Council,UG41310103,Bunyaruguru,UG413101,Rubirizi,UG4131,Western,UG4
Kateta,UG20600202,Serere,UG206002,Serere,UG2060,Eastern,UG2
Katete,UG41140106,Kinkizi,UG411401,Kanungu,UG4114,Western,UG4
Kathile,UG30750107,Dodoth,UG307501,Kaabong,UG3075,Northern,UG3
Kathile South,UG30750108,Dodoth,UG307501,Kaabong,UG3075,Northern,UG3
Katiira,UG20280205,Iki-Iki,UG202802,Budaka,UG2028,Eastern,UG2
Katikamu,UG10140203,Katikamu,UG101402,Luwero,UG1014,Central,UG1
Katikara,UG41120106,Bugangaizi,UG411201,Kakumiro,UG4112,Western,UG4
Katikekile,UG30860101,Matheniko,UG308601,Moroto,UG3086,Northern,UG3
Katine,UG20620105,Soroti,UG206201,Soroti,UG2062,Eastern,UG2
Katooke,UG41240107,Mwenge,UG412401,Kyenjojo,UG4124,Western,UG4
Katooke Town Council,UG41240108,Mwenge,UG412401,Kyenjojo,UG4124,Western,UG4
Katrini,UG30720303,Terego,UG307203,Arua,UG3072,Northern,UG3
Katuna Town Council,UG41090205,Ndorwa,UG410902,Kabale,UG4109,Western,UG4
Katunguru,UG41310104,Bunyaruguru,UG413101,Rubirizi,UG4131,Western,UG4
Katwe-Butego Division,UG10170201,Masaka Municipality,UG101702,Masaka,UG1017,Central,UG1
Katwe Kabatoro Town Council,UG41150206,Busongora,UG411502,Kasese,UG4115,Western,UG4
Kawalakol,UG30760116,Dodoth,UG307601,Karenga,UG3076,Northern,UG3
Kawempe Division,UG10080102,KCCA,UG100801,Kampala,UG1008,Central,UG1
Kawolo Division,UG10010301,Lugazi Municipality,UG100103,Buikwe,UG1001,Central,UG1
Kawowo,UG20450209,Tingey,UG204502,Kapchorwa,UG2045,Eastern,UG2
Kayonza,UG10100103,Bbaale,UG101001,Kayunga,UG1010,Central,UG1
Kayonza,UG41140107,Kinkizi,UG411401,Kanungu,UG4114,Western,UG4
Kayonza,UG41290401,Rushenyi,UG412904,Ntungamo,UG4129,Western,UG4
Kayunga,UG10100203,Ntenjeru,UG101002,Kayunga,UG1010,Central,UG1
Kayunga Town Council,UG10100204,Ntenjeru,UG101002,Kayunga,UG1010,Central,UG1
Kazo,UG41160105,Kazo,UG411601,Kazo,UG4116,Western,UG4
Kazo Town Council,UG41160106,Kazo,UG411601,Kazo,UG4116,Western,UG4
Kebisoni,UG41330203,Rubabo,UG413302,Rukungiri,UG4133,Western,UG4
Kebisoni Town Council,UG41330204,Rubabo,UG413302,Rukungiri,UG4133,Western,UG4
Kei,UG30990104,Aringa,UG309901,Yumbe,UG3099,Northern,UG3
Keihangara,UG41070104,Ibanda,UG410701,Ibanda,UG4107,Western,UG4
Kenshunga,UG41190103,Nyabushozi,UG411901,Kiruhura,UG4119,Western,UG4
Kerwa,UG30990105,Aringa,UG309901,Yumbe,UG3099,Northern,UG3
Khabutoola,UG20520112,Bubulo,UG205201,Manafwa,UG2052,Eastern,UG2
Kibaale,UG20570103,Busiki,UG205701,Namutumba,UG2057,Eastern,UG2
Kibaale Town Council,UG41170106,Buyanja,UG411701,Kibaale,UG4117,Western,UG4
Kibale,UG20590101,Butebo,UG205901,Pallisa,UG2059,Eastern,UG2
Kibalinga,UG10200204,Kasambya,UG102002,Mubende,UG1020,Central,UG1
Kibanda,UG10240105,Kooki,UG102401,Rakai,UG1024,Central,UG1
Kibatsi,UG41290104,Kajara,UG412901,Ntungamo,UG4129,Western,UG4
Kibibi,UG10030105,Butambala,UG100301,Butambala,UG1003,Central,UG1
Kibiga,UG10110105,Kiboga,UG101101,Kiboga,UG1011,Central,UG1
Kibiito,UG41040105,Bunyangabu,UG410401,Bunyangabu,UG4104,Western,UG4
Kibiito Town Council,UG41040106,Bunyangabu,UG410401,Bunyangabu,UG4104,Western,UG4
Kibinge,UG10020104,Bukomansimbi,UG100201,Bukomansimbi,UG1002,Central,UG1
Kiboga Town Council,UG10110106,Kiboga,UG101101,Kiboga,UG1011,Central,UG1
Kibuku,UG20480109,Kibuku,UG204801,Kibuku,UG2048,Eastern,UG2
Kibuku Town Council,UG20480110,Kibuku,UG204801,Kibuku,UG2048,Eastern,UG2
Kibuuku Town Council,UG41280107,Ntoroko,UG412801,Ntoroko,UG4128,Western,UG4
Kicheche,UG41220103,Kitagwenda,UG412201,Kitagwenda,UG4122,Western,UG4
Kichwamba,UG41310105,Bunyaruguru,UG413101,Rubirizi,UG4131,Western,UG4
Kicuzi,UG41070105,Ibanda,UG410701,Ibanda,UG4107,Western,UG4
Kicwamba,UG41100109,Burahya,UG411001,Kabarole,UG4110,Western,UG4
Kidera,UG20380105,Budiope,UG203801,Buyende,UG2038,Eastern,UG2
Kidetok Town Council,UG20600105,Kasilo,UG206001,Serere,UG2060,Eastern,UG2
Kidongole,UG20320104,Bukedea,UG203201,Bukedea,UG2032,Eastern,UG2
Kifamba,UG10240106,Kooki,UG102401,Rakai,UG1024,Central,UG1
Kigambo,UG41230105,Kyaka,UG412301,Kyegegwa,UG4123,Western,UG4
Kiganda,UG10090105,Kassanda,UG100901,Kassanda,UG1009,Central,UG1
Kigandalo,UG20530108,Bunya,UG205301,Mayuge,UG2053,Eastern,UG2
Kigando,UG10200205,Kasambya,UG102002,Mubende,UG1020,Central,UG1
Kigaraale,UG41240109,Mwenge,UG412401,Kyenjojo,UG4124,Western,UG4
Kigarama,UG41350104,Sheema,UG413501,Sheema,UG4135,Western,UG4
Kigorobya,UG41060103,Bugahya,UG410601,Hoima,UG4106,Western,UG4
Kigorobya Town Council,UG41060104,Bugahya,UG410601,Hoima,UG4106,Western,UG4
Kigulya Division,UG41250303,Masindi Municipality,UG412503,Masindi,UG4125,Western,UG4
Kigumba,UG41200102,Kibanda,UG412001,Kiryandongo,UG4120,Western,UG4
Kigumba Town Council,UG41200103,Kibanda,UG412001,Kiryandongo,UG4120,Western,UG4
Kigwera,UG41020105,Buliisa,UG410201,Buliisa,UG4102,Western,UG4
Kihihi,UG41140108,Kinkizi,UG411401,Kanungu,UG4114,Western,UG4
Kihiihi Town Council,UG41140109,Kinkizi,UG411401,Kanungu,UG4114,Western,UG4
Kihungya,UG41020106,Buliisa,UG410201,Buliisa,UG4102,Western,UG4
Kihuura,UG41240110,Mwenge,UG412401,Kyenjojo,UG4124,Western,UG4
Kijangi,UG41120107,Bugangaizi,UG411201,Kakumiro,UG4112,Western,UG4
Kijomoro,UG30850101,Maracha,UG308501,Maracha,UG3085,Northern,UG3
Kijongo,UG41070106,Ibanda,UG410701,Ibanda,UG4107,Western,UG4
Kijura Town Council,UG41100110,Burahya,UG411001,Kabarole,UG4110,Western,UG4
Kikaatsi,UG41190104,Nyabushozi,UG411901,Kiruhura,UG4119,Western,UG4
Kikagate,UG41080207,Isingiro,UG410802,Isingiro,UG4108,Western,UG4
Kikamulo,UG10220104,Nakaseke,UG102201,Nakaseke,UG1022,Central,UG1
Kikandwa,UG10180304,Mityana,UG101803,Mityana,UG1018,Central,UG1
Kiko Town Council,UG41100111,Burahya,UG411001,Kabarole,UG4110,Western,UG4
Kikuube Town Council,UG41180105,Buhaguzi,UG411801,Kikuube,UG4118,Western,UG4
Kikwaya,UG41120108,Bugangaizi,UG411201,Kakumiro,UG4112,Western,UG4
Kikyenkye,UG41070107,Ibanda,UG410701,Ibanda,UG4107,Western,UG4
Kikyusa,UG10140104,Bamunanika,UG101401,Luwero,UG1014,Central,UG1
Kilembe,UG41150207,Busongora,UG411502,Kasese,UG4115,Western,UG4
Kimaanya-Kyabakuza Division,UG10170202,Masaka Municipality,UG101702,Masaka,UG1017,Central,UG1
Kimengo,UG41250201,Buruuli,UG412502,Masindi,UG4125,Western,UG4
Kimenyedde,UG10210402,Nakifuma,UG102104,Mukono,UG1021,Central,UG1
Kinaaba,UG41140110,Kinkizi,UG411401,Kanungu,UG4114,Western,UG4
Kinoni,UG10220105,Nakaseke,UG102201,Nakaseke,UG1022,Central,UG1
Kinoni,UG41190105,Nyabushozi,UG411901,Kiruhura,UG4119,Western,UG4
Kinoni Town Council,UG41340102,Rwampara,UG413401,Rwampara,UG4134,Western,UG4
Kinuuka,UG10160103,Kabula,UG101601,Lyantonde,UG1016,Central,UG1
Kinyamasrke Town Council,UG41150105,Bukonjo,UG411501,Kasese,UG4115,Western,UG4
Kinyogoga,UG10220106,Nakaseke,UG102201,Nakaseke,UG1022,Central,UG1
Kira Division,UG10260302,Kira Municipality,UG102603,Wakiso,UG1026,Central,UG1
Kirewa,UG20630302,West Budama (Kisolo),UG206303,Tororo,UG2063,Eastern,UG2
Kirika,UG20480111,Kibuku,UG204801,Kibuku,UG2048,Eastern,UG2
Kiriki,UG20500108,Kween,UG205001,Kween,UG2050,Eastern,UG2
Kirima,UG41140111,Kinkizi,UG411401,Kanungu,UG4114,Western,UG4
Kiringente,UG10190103,Mawokota,UG101901,Mpigi,UG1019,Central,UG1
Kirugu,UG41310106,Bunyaruguru,UG413101,Rubirizi,UG4131,Western,UG4
Kiruhura Town Council,UG41190106,Nyabushozi,UG411901,Kiruhura,UG4119,Western,UG4
Kirumba,UG10130107,Kyotera,UG101301,Kyotera,UG1013,Central,UG1
Kirumya,UG41030208,Bwamba,UG410302,Bundibugyo,UG4103,Western,UG4
Kirundo,UG41210105,Bufumbira,UG412101,Kisoro,UG4121,Western,UG4
Kiryandongo,UG41200104,Kibanda,UG412001,Kiryandongo,UG4120,Western,UG4
Kiryandongo Town Council,UG41200105,Kibanda,UG412001,Kiryandongo,UG4120,Western,UG4
Kiryanga,UG41110106,Buyaga,UG411101,Kagadi,UG4111,Western,UG4
Kisekka,UG10150101,Bukoto,UG101501,Lwengo,UG1015,Central,UG1
Kisiita,UG41120109,Bugangaizi,UG411201,Kakumiro,UG4112,Western,UG4
Kisiita Town Council,UG41120110,Bugangaizi,UG411201,Kakumiro,UG4112,Western,UG4
Kisinda,UG20430108,Bulamogi,UG204301,Kaliro,UG2043,Eastern,UG2
Kisinga,UG41150106,Bukonjo,UG411501,Kasese,UG4115,Western,UG4
Kisinga Town Council,UG41150107,Bukonjo,UG411501,Kasese,UG4115,Western,UG4
Kisojo,UG41240111,Mwenge,UG412401,Kyenjojo,UG4124,Western,UG4
Kisoko,UG20630303,West Budama (Kisolo),UG206303,Tororo,UG2063,Eastern,UG2
Kisomoro,UG41040107,Bunyangabu,UG410401,Bunyangabu,UG4104,Western,UG4
Kisozi,UG20440202,Buzaaya,UG204402,Kamuli,UG2044,Eastern,UG2
Kisubba,UG41030209,Bwamba,UG410302,Bundibugyo,UG4103,Western,UG4
Kitagata,UG41350105,Sheema,UG413501,Sheema,UG4135,Western,UG4
Kitagata Town Council,UG41350106,Sheema,UG413501,Sheema,UG4135,Western,UG4
Kitaihuka,UG41120111,Bugangaizi,UG411201,Kakumiro,UG4112,Western,UG4
Kitanda,UG10020105,Bukomansimbi,UG100201,Bukomansimbi,UG1002,Central,UG1
Kitawoi,UG20500109,Kween,UG205001,Kween,UG2050,Eastern,UG2
Kitayunjwa,UG20440105,Bugabula,UG204401,Kamuli,UG2044,Eastern,UG2
Kitenga,UG10200102,Buwekula,UG102001,Mubende,UG1020,Central,UG1
Kitgum Matidi,UG30770101,Chua,UG307701,Kitgum,UG3077,Northern,UG3
Kitholhu,UG41150108,Bukonjo,UG411501,Kasese,UG4115,Western,UG4
Kitimbwa,UG10100104,Bbaale,UG101001,Kayunga,UG1010,Central,UG1
Kito,UG10220107,Nakaseke,UG102201,Nakaseke,UG1022,Central,UG1
Kitoba,UG41060105,Bugahya,UG410601,Hoima,UG4106,Western,UG4
Kitswamba,UG41150208,Busongora,UG411502,Kasese,UG4115,Western,UG4
Kitumba,UG41090206,Ndorwa,UG410902,Kabale,UG4109,Western,UG4
Kitumbi,UG10090106,Kassanda,UG100901,Kassanda,UG1009,Central,UG1
Kituntu,UG10190104,Mawokota,UG101901,Mpigi,UG1019,Central,UG1
Kitura,UG41190107,Nyabushozi,UG411901,Kiruhura,UG4119,Western,UG4
Kituti,UG20480112,Kibuku,UG204801,Kibuku,UG2048,Eastern,UG2
Kitwe Town Council,UG41290303,Ruhaama,UG412903,Ntungamo,UG4129,Western,UG4
Kityerera,UG20530109,Bunya,UG205301,Mayuge,UG2053,Eastern,UG2
Kiwoko Town Council,UG10220108,Nakaseke,UG102201,Nakaseke,UG1022,Central,UG1
Kiyanga,UG41270107,Ruhinda,UG412701,Mitooma,UG4127,Western,UG4
Kiyombya,UG41040108,Bunyangabu,UG410401,Bunyangabu,UG4104,Western,UG4
Kiyuni,UG10200103,Buwekula,UG102001,Mubende,UG1020,Central,UG1
Kiziba,UG10240107,Kooki,UG102401,Rakai,UG1024,Central,UG1
Kiziranfumbi,UG41180106,Buhaguzi,UG411801,Kikuube,UG4118,Western,UG4
Kkingo,UG10150102,Bukoto,UG101501,Lwengo,UG1015,Central,UG1
Kobulubulu,UG20410105,Kaberamaido,UG204101,Kaberamaido,UG2041,Eastern,UG2
Kobwin,UG20580102,Ngora,UG205801,Ngora,UG2058,Eastern,UG2
Koch-Goma,UG30920105,Nwoya,UG309201,Nwoya,UG3092,Northern,UG3
Kochi,UG30990106,Aringa,UG309901,Yumbe,UG3099,Northern,UG3
Kole Town Council,UG30790106,Kole,UG307901,Kole,UG3079,Northern,UG3
Kolir,UG20320105,Bukedea,UG203201,Bukedea,UG2032,Eastern,UG2
Koome Island,UG10210201,Mukono,UG102102,Mukono,UG1021,Central,UG1
Koro,UG30940102,Omoro,UG309401,Omoro,UG3094,Northern,UG3
Kortek,UG20330108,Kongasis,UG203301,Bukwo,UG2033,Eastern,UG2
Kotido,UG30800102,Jie,UG308001,Kotido,UG3080,Northern,UG3
Kotomol,UG30660105,Agago,UG306601,Agago,UG3066,Northern,UG3
Kucwiny,UG30910204,Padyere,UG309102,Nebbi,UG3091,Northern,UG3
Kuju,UG20270106,Amuria,UG202701,Amuria,UG2027,Eastern,UG2
Kuluba,UG30780103,Koboko,UG307801,Koboko,UG3078,Northern,UG3
Kululu,UG30990107,Aringa,UG309901,Yumbe,UG3099,Northern,UG3
Kumi,UG20490103,Kumi,UG204901,Kumi,UG2049,Eastern,UG2
Kuru,UG30990108,Aringa,UG309901,Yumbe,UG3099,Northern,UG3
Kwanyiy,UG20500110,Kween,UG205001,Kween,UG2050,Eastern,UG2
Kwapa,UG20630101,Tororo,UG206301,Tororo,UG2063,Eastern,UG2
Kwera,UG30730109,Dokolo,UG307301,Dokolo,UG3073,Northern,UG3
Kwosir,UG20500111,Kween,UG205001,Kween,UG2050,Eastern,UG2
Kyabakara,UG41310107,Bunyaruguru,UG413101,Rubirizi,UG4131,Western,UG4
Kyabarungira,UG41150209,Busongora,UG411502,Kasese,UG4115,Western,UG4
Kyabigambire,UG41060106,Bugahya,UG410601,Hoima,UG4106,Western,UG4
Kyabugimbi,UG41050205,Igara,UG410502,Bushenyi,UG4105,Western,UG4
Kyakabadiima,UG41110107,Buyaga,UG411101,Kagadi,UG4111,Western,UG4
Kyalulangira,UG10240108,Kooki,UG102401,Rakai,UG1024,Central,UG1
Kyampisi,UG10210202,Mukono,UG102102,Mukono,UG1021,Central,UG1
Kyamuhunga,UG41050206,Igara,UG410502,Bushenyi,UG4105,Western,UG4
Kyamuhunga Town Council,UG41050207,Igara,UG410502,Bushenyi,UG4105,Western,UG4
Kyamukube Town Council,UG41040109,Bunyangabu,UG410401,Bunyangabu,UG4104,Western,UG4
Kyamulibwa,UG10070104,Kalungu,UG100701,Kalungu,UG1007,Central,UG1
Kyamulibwa Town Council,UG10070105,Kalungu,UG100701,Kalungu,UG1007,Central,UG1
Kyamuswa,UG10060203,Kyamuswa,UG100602,Kalangala,UG1006,Central,UG1
Kyamutunzi Town Council,UG41240112,Mwenge,UG412401,Kyenjojo,UG4124,Western,UG4
Kyanaisoke,UG41110108,Buyaga,UG411101,Kagadi,UG4111,Western,UG4
Kyanamira,UG41090207,Ndorwa,UG410902,Kabale,UG4109,Western,UG4
Kyanamukaaka,UG10170104,Bukoto,UG101701,Masaka,UG1017,Central,UG1
Kyangwali,UG41180107,Buhaguzi,UG411801,Kikuube,UG4118,Western,UG4
Kyangyenyi,UG41350107,Sheema,UG413501,Sheema,UG4135,Western,UG4
Kyankwanzi,UG10120116,Kiboga,UG101201,Kyankwanzi,UG1012,Central,UG1
Kyankwanzi Town Council,UG10120117,Kiboga,UG101201,Kyankwanzi,UG1012,Central,UG1
Kyarumba,UG41150109,Bukonjo,UG411501,Kasese,UG4115,Western,UG4
Kyarusozi,UG41240113,Mwenge,UG412401,Kyenjojo,UG4124,Western,UG4
Kyarusozi  Town Council,UG41240114,Mwenge,UG412401,Kyenjojo,UG4124,Western,UG4
Kyaterekera,UG41110109,Buyaga,UG411101,Kagadi,UG4111,Western,UG4
Kyazanga,UG10150103,Bukoto,UG101501,Lwengo,UG1015,Central,UG1
Kyazanga Town Council,UG10150104,Bukoto,UG101501,Lwengo,UG1015,Central,UG1
Kyebando,UG41170107,Buyanja,UG411701,Kibaale,UG4117,Western,UG4
Kyebe,UG10130108,Kyotera,UG101301,Kyotera,UG1013,Central,UG1
Kyegegwa Town Council,UG41230106,Kyaka,UG412301,Kyegegwa,UG4123,Western,UG4
Kyegonza,UG10050103,Gomba,UG100501,Gomba,UG1005,Central,UG1
Kyeizooba,UG41050208,Igara,UG410502,Bushenyi,UG4105,Western,UG4
Kyembogo,UG41240115,Mwenge,UG412401,Kyenjojo,UG4124,Western,UG4
Kyengera Town Council,UG10260107,Busiro,UG102601,Wakiso,UG1026,Central,UG1
Kyenjojo Town Council,UG41240116,Mwenge,UG412401,Kyenjojo,UG4124,Western,UG4
Kyenzige,UG41110110,Buyaga,UG411101,Kagadi,UG4111,Western,UG4
Kyere,UG20600203,Serere,UG206002,Serere,UG2060,Eastern,UG2
Kyesiiga,UG10170105,Bukoto,UG101701,Masaka,UG1017,Central,UG1
Kyondo,UG41150110,Bukonjo,UG411501,Kasese,UG4115,Western,UG4
Kyotera Town Council,UG10130109,Kyotera,UG101301,Kyotera,UG1013,Central,UG1
Labongo Akwang,UG30770102,Chua,UG307701,Kitgum,UG3077,Northern,UG3
Labongo Amida,UG30770103,Chua,UG307701,Kitgum,UG3077,Northern,UG3
Labongo Layamo,UG30770104,Chua,UG307701,Kitgum,UG3077,Northern,UG3
Labori,UG20600106,Kasilo,UG206001,Serere,UG2060,Eastern,UG2
Lagoro,UG30770105,Chua,UG307701,Kitgum,UG3077,Northern,UG3
Laguti,UG30970105,Aruu,UG309701,Pader,UG3097,Northern,UG3
Lake Katwe,UG41150210,Busongora,UG411502,Kasese,UG4115,Western,UG4
Lakwana,UG30940103,Omoro,UG309401,Omoro,UG3094,Northern,UG3
Lalogi,UG30940104,Omoro,UG309401,Omoro,UG3094,Northern,UG3
Lamiyo,UG30660106,Agago,UG306601,Agago,UG3066,Northern,UG3
Lamogi,UG30700104,Kilak,UG307001,Amuru,UG3070,Northern,UG3
Lamwo Town Council,UG30820102,Lamwo,UG308201,Lamwo,UG3082,Northern,UG3
Lapono,UG30660107,Agago,UG306601,Agago,UG3066,Northern,UG3
Lapul,UG30970106,Aruu,UG309701,Pader,UG3097,Northern,UG3
Laroo Division,UG30740202,Gulu Municipality,UG307402,Gulu,UG3074,Northern,UG3
Laropi,UG30870102,Moyo,UG308701,Moyo,UG3087,Northern,UG3
Latanya,UG30970107,Aruu,UG309701,Pader,UG3097,Northern,UG3
Layibi Division,UG30740203,Gulu Municipality,UG307402,Gulu,UG3074,Northern,UG3
Lefori,UG30870103,Moyo,UG308701,Moyo,UG3087,Northern,UG3
Lii,UG30920106,Nwoya,UG309201,Nwoya,UG3092,Northern,UG3
Lira,UG30830107,Erute,UG308301,Lira,UG3083,Northern,UG3
Lira Palwo,UG30660108,Agago,UG306601,Agago,UG3066,Northern,UG3
Lobalangit,UG30760117,Dodoth,UG307601,Karenga,UG3076,Northern,UG3
Lobule,UG30780104,Koboko,UG307801,Koboko,UG3078,Northern,UG3
Lodiko,UG30750109,Dodoth,UG307501,Kaabong,UG3075,Northern,UG3
Lodonga,UG30990109,Aringa,UG309901,Yumbe,UG3099,Northern,UG3
Logiri,UG30720403,Vurra,UG307204,Arua,UG3072,Northern,UG3
Lokole,UG30660109,Agago,UG306601,Agago,UG3066,Northern,UG3
Lokopo,UG30900102,Bokora,UG309001,Napak,UG3090,Northern,UG3
Lokori,UG30760118,Dodoth,UG307601,Karenga,UG3076,Northern,UG3
Lokung,UG30820103,Lamwo,UG308201,Lamwo,UG3082,Northern,UG3
Lolachat,UG30880101,Pian,UG308801,Nabilatuk,UG3088,Northern,UG3
Lolelia,UG30750110,Dodoth,UG307501,Kaabong,UG3075,Northern,UG3
Lolwe,UG20550106,Bukooli,UG205501,Namayingo,UG2055,Eastern,UG2
Lopeei,UG30900103,Bokora,UG309001,Napak,UG3090,Northern,UG3
Loregae,UG30890102,Chekwi,UG308901,Nakapiripirit,UG3089,Northern,UG3
Lorengecora,UG30900104,Bokora,UG309001,Napak,UG3090,Northern,UG3
Lorengedwat,UG30880102,Pian,UG308801,Nabilatuk,UG3088,Northern,UG3
Loro,UG30960107,Oyam,UG309601,Oyam,UG3096,Northern,UG3
Loroo,UG30690104,Pokot,UG306901,Amudat,UG3069,Northern,UG3
Lotim,UG30750111,Dodoth,UG307501,Kaabong,UG3075,Northern,UG3
Lotome,UG30900105,Bokora,UG309001,Napak,UG3090,Northern,UG3
Lotukei,UG30640105,Labwor,UG306401,Abim,UG3064,Northern,UG3
Loyoro,UG30750112,Dodoth,UG307501,Kaabong,UG3075,Northern,UG3
Lubya,UG10040106,Buvuma Island,UG100401,Buvuma,UG1004,Central,UG1
Ludara,UG30780105,Koboko,UG307801,Koboko,UG3078,Northern,UG3
Lugusulu,UG10250201,Mawogola,UG102502,Ssembabule,UG1025,Central,UG1
Lukaya Town Council,UG10070106,Kalungu,UG100701,Kalungu,UG1007,Central,UG1
Lukhonge,UG20540115,Bungokho,UG205401,Mbale,UG2054,Eastern,UG2
Lumino,UG20350208,Samia-Bugwe,UG203502,Busia,UG2035,Eastern,UG2
Lungulu,UG30920107,Nwoya,UG309201,Nwoya,UG3092,Northern,UG3
Lunyo,UG20350209,Samia-Bugwe,UG203502,Busia,UG2035,Eastern,UG2
Lusha,UG20340114,Bulambuli,UG203401,Bulambuli,UG2034,Eastern,UG2
Luuka Town Council,UG20510106,Luuka,UG205101,Luuka,UG2051,Eastern,UG2
Luwero,UG10140204,Katikamu,UG101402,Luwero,UG1014,Central,UG1
Luwero Town Council,UG10140205,Katikamu,UG101402,Luwero,UG1014,Central,UG1
Lwabenge,UG10070107,Kalungu,UG100701,Kalungu,UG1007,Central,UG1
Lwabiyata,UG10230105,Buruli,UG102301,Nakasongola,UG1023,Central,UG1
Lwajje,UG10040107,Buvuma Island,UG100401,Buvuma,UG1004,Central,UG1
Lwakhakha Town Council,UG20560110,Bubulo,UG205601,Namisindwa,UG2056,Eastern,UG2
Lwamaggwa,UG10240109,Kooki,UG102401,Rakai,UG1024,Central,UG1
Lwamata,UG10110107,Kiboga,UG101101,Kiboga,UG1011,Central,UG1
Lwamata,UG20480113,Kibuku,UG204801,Kibuku,UG2048,Eastern,UG2
Lwamata Town Council,UG10110108,Kiboga,UG101101,Kiboga,UG1011,Central,UG1
Lwampanga,UG10230106,Buruli,UG102301,Nakasongola,UG1023,Central,UG1
Lwanda,UG10240110,Kooki,UG102401,Rakai,UG1024,Central,UG1
Lwankoni,UG10130110,Kyotera,UG101301,Kyotera,UG1013,Central,UG1
Lwasso,UG20540116,Bungokho,UG205401,Mbale,UG2054,Eastern,UG2
Lwebitakuli,UG10250202,Mawogola,UG102502,Ssembabule,UG1025,Central,UG1
Lwemiyaga,UG10250101,Lwemiyaga,UG102501,Ssembabule,UG1025,Central,UG1
Lwengo,UG10150105,Bukoto,UG101501,Lwengo,UG1015,Central,UG1
Lwengo Town Council,UG10150106,Bukoto,UG101501,Lwengo,UG1015,Central,UG1
Lyabaana,UG10040108,Buvuma Island,UG100401,Buvuma,UG1004,Central,UG1
Lyakajura,UG10160104,Kabula,UG101601,Lyantonde,UG1016,Central,UG1
Lyama,UG20280105,Budaka,UG202801,Budaka,UG2028,Eastern,UG2
Lyantonde,UG10160105,Kabula,UG101601,Lyantonde,UG1016,Central,UG1
Lyantonde Town Council,UG10160106,Kabula,UG101601,Lyantonde,UG1016,Central,UG1
Maanyi,UG10180104,Busujju,UG101801,Mityana,UG1018,Central,UG1
Mabaale,UG41110111,Buyaga,UG411101,Kagadi,UG4111,Western,UG4
Mabaale Town Council,UG41110112,Buyaga,UG411101,Kagadi,UG4111,Western,UG4
Mabende,UG41100112,Burahya,UG411001,Kabarole,UG4110,Western,UG4
Mabere,UG41030107,Bughendera,UG410301,Bundibugyo,UG4103,Western,UG4
Maddu,UG10050104,Gomba,UG100501,Gomba,UG1005,Central,UG1
Madi  Opei,UG30820104,Lamwo,UG308201,Lamwo,UG3082,Northern,UG3
Madudu,UG10200104,Buwekula,UG102001,Mubende,UG1020,Central,UG1
Mafubira,UG20400104,Butembe,UG204001,Jinja,UG2040,Eastern,UG2
Magada,UG20570104,Busiki,UG205701,Namutumba,UG2057,Eastern,UG2
Magale,UG20560111,Bubulo,UG205601,Namisindwa,UG2056,Eastern,UG2
Magale Town Council,UG20560112,Bubulo,UG205601,Namisindwa,UG2056,Eastern,UG2
Magamaga,UG30640106,Labwor,UG306401,Abim,UG3064,Northern,UG3
Magamaga Town Council,UG20530110,Bunya,UG205301,Mayuge,UG2053,Eastern,UG2
Magambo,UG41310108,Bunyaruguru,UG413101,Rubirizi,UG4131,Western,UG4
Magogo,UG20440203,Buzaaya,UG204402,Kamuli,UG2044,Eastern,UG2
Magola,UG20630304,West Budama (Kisolo),UG206303,Tororo,UG2063,Eastern,UG2
Magoro,UG20470202,Toroma,UG204702,Katakwi,UG2047,Eastern,UG2
Mahango,UG41150111,Bukonjo,UG411501,Kasese,UG4115,Western,UG4
Mahyoro,UG41220104,Kitagwenda,UG412201,Kitagwenda,UG4122,Western,UG4
Majanji,UG20350210,Samia-Bugwe,UG203502,Busia,UG2035,Eastern,UG2
Makindye Division,UG10080103,KCCA,UG100801,Kampala,UG1008,Central,UG1
Makokoto,UG10090107,Kassanda,UG100901,Kassanda,UG1009,Central,UG1
Makulubita,UG10140206,Katikamu,UG101402,Luwero,UG1014,Central,UG1
Makuutu,UG20310106,Bugweri,UG203101,Bugweri,UG2031,Eastern,UG2
Malaba Town Council,UG20630102,Tororo,UG206301,Tororo,UG2063,Eastern,UG2
Malangala,UG10180105,Busujju,UG101801,Mityana,UG1018,Central,UG1
Malera,UG20320106,Bukedea,UG203201,Bukedea,UG2032,Eastern,UG2
Maliba,UG41150211,Busongora,UG411502,Kasese,UG4115,Western,UG4
Malongo,UG10150107,Bukoto,UG101501,Lwengo,UG1015,Central,UG1
Malongo,UG20530111,Bunya,UG205301,Mayuge,UG2053,Eastern,UG2
Manafwa Town Council,UG20520113,Bubulo,UG205201,Manafwa,UG2052,Eastern,UG2
Manibe,UG30720304,Terego,UG307203,Arua,UG3072,Northern,UG3
Manyogaseka,UG10090108,Kassanda,UG100901,Kassanda,UG1009,Central,UG1
Maracha Town Council,UG30850102,Maracha,UG308501,Maracha,UG3085,Northern,UG3
Masaba,UG20350211,Samia-Bugwe,UG203502,Busia,UG2035,Eastern,UG2
Masaba,UG20610118,Budadiri,UG206101,Sironko,UG2061,Eastern,UG2
Masafu,UG20350212,Samia-Bugwe,UG203502,Busia,UG2035,Eastern,UG2
Masajja Division,UG10260502,Makindye Ssabagabo Municipality,UG102605,Wakiso,UG1026,Central,UG1
Masese Walukuba,UG20400202,Jinja Municipality,UG204002,Jinja,UG2040,Eastern,UG2
Masha,UG41080208,Isingiro,UG410802,Isingiro,UG4108,Western,UG4
Masheruka,UG41350108,Sheema,UG413501,Sheema,UG4135,Western,UG4
Masheruka Twon Council,UG41350109,Sheema,UG413501,Sheema,UG4135,Western,UG4
Masiira,UG20340115,Bulambuli,UG203401,Bulambuli,UG2034,Eastern,UG2
Masindi Port,UG41200106,Kibanda,UG412001,Kiryandongo,UG4120,Western,UG4
Masinya,UG20350213,Samia-Bugwe,UG203502,Busia,UG2035,Eastern,UG2
Masuliita,UG10260108,Busiro,UG102601,Wakiso,UG1026,Central,UG1
Masulita Town Council,UG10260109,Busiro,UG102601,Wakiso,UG1026,Central,UG1
Matale,UG41170108,Buyanja,UG411701,Kibaale,UG4117,Western,UG4
Matany,UG30900106,Bokora,UG309001,Napak,UG3090,Northern,UG3
Mateete,UG10250203,Mawogola,UG102502,Ssembabule,UG1025,Central,UG1
Mateete Town Council,UG10250204,Mawogola,UG102502,Ssembabule,UG1025,Central,UG1
Mayanga,UG41270108,Ruhinda,UG412701,Mitooma,UG4127,Western,UG4
Mayuge Town Council,UG20530112,Bunya,UG205301,Mayuge,UG2053,Eastern,UG2
Maziba,UG41090208,Ndorwa,UG410902,Kabale,UG4109,Western,UG4
Mazimasa,UG20360110,Bunyole,UG203601,Butaleja,UG2036,Eastern,UG2
Mazinga,UG10060204,Kyamuswa,UG100602,Kalangala,UG1006,Central,UG1
Mazuba,UG20570105,Busiki,UG205701,Namutumba,UG2057,Eastern,UG2
Mbaare,UG41080105,Bukanga,UG410801,Isingiro,UG4108,Western,UG4
Mbulamuti,UG20440204,Buzaaya,UG204402,Kamuli,UG2044,Eastern,UG2
Mella,UG20630103,Tororo,UG206301,Tororo,UG2063,Eastern,UG2
Mende,UG10260110,Busiro,UG102601,Wakiso,UG1026,Central,UG1
Merikit,UG20630104,Tororo,UG206301,Tororo,UG2063,Eastern,UG2
Metu,UG30870104,Moyo,UG308701,Moyo,UG3087,Northern,UG3
Midia,UG30780106,Koboko,UG307801,Koboko,UG3078,Northern,UG3
Midigo,UG30990110,Aringa,UG309901,Yumbe,UG3099,Northern,UG3
Migeera Town Council,UG10230107,Buruli,UG102301,Nakasongola,UG1023,Central,UG1
Miirya,UG41250202,Buruuli,UG412502,Masindi,UG4125,Western,UG4
Mijwala,UG10250205,Mawogola,UG102502,Ssembabule,UG1025,Central,UG1
Minakulu,UG30960108,Oyam,UG309601,Oyam,UG3096,Northern,UG3
Mirambi,UG41030210,Bwamba,UG410302,Bundibugyo,UG4103,Western,UG4
Mitooma,UG41270109,Ruhinda,UG412701,Mitooma,UG4127,Western,UG4
Mitooma Town Council,UG41270110,Ruhinda,UG412701,Mitooma,UG4127,Western,UG4
Molo,UG20630105,Tororo,UG206301,Tororo,UG2063,Eastern,UG2
Moruita,UG30890103,Chekwi,UG308901,Nakapiripirit,UG3089,Northern,UG3
Morulem,UG30640107,Labwor,UG306401,Abim,UG3064,Northern,UG3
Morungatuny,UG20270107,Amuria,UG202701,Amuria,UG2027,Eastern,UG2
Moyo,UG30870105,Moyo,UG308701,Moyo,UG3087,Northern,UG3
Moyo Town Council,UG30870106,Moyo,UG308701,Moyo,UG3087,Northern,UG3
Moyok,UG20500112,Kween,UG205001,Kween,UG2050,Eastern,UG2
Mpara,UG41230107,Kyaka,UG412301,Kyegegwa,UG4123,Western,UG4
Mparo Divison,UG41060204,Hoima Municipality,UG410602,Hoima,UG4106,Western,UG4
Mparo Twon Council,UG41320104,Rukiga,UG413201,Rukiga,UG4132,Western,UG4
Mpasaana,UG41120112,Bugangaizi,UG411201,Kakumiro,UG4112,Western,UG4
Mpatta,UG10210203,Mukono,UG102102,Mukono,UG1021,Central,UG1
Mpeefu,UG41110113,Buyaga,UG411101,Kagadi,UG4111,Western,UG4
Mpenja,UG10050105,Gomba,UG100501,Gomba,UG1005,Central,UG1
Mpigi Town Council,UG10190105,Mawokota,UG101901,Mpigi,UG1019,Central,UG1
Mpondwe-Lhubiriha,UG41150112,Bukonjo,UG411501,Kasese,UG4115,Western,UG4
Mpumudde,UG10160107,Kabula,UG101601,Lyantonde,UG1016,Central,UG1
Mpumudde Division,UG20400203,Jinja Municipality,UG204002,Jinja,UG2040,Eastern,UG2
Mpunge,UG10210204,Mukono,UG102102,Mukono,UG1021,Central,UG1
Mpungu,UG41140112,Kinkizi,UG411401,Kanungu,UG4114,Western,UG4
Mpungwe,UG20530113,Bunya,UG205301,Mayuge,UG2053,Eastern,UG2
Mucwini,UG30770106,Chua,UG307701,Kitgum,UG3077,Northern,UG3
Muduuma,UG10190106,Mawokota,UG101901,Mpigi,UG1019,Central,UG1
Mugarama,UG41170109,Buyanja,UG411701,Kibaale,UG4117,Western,UG4
Mugiti,UG20280206,Iki-Iki,UG202802,Budaka,UG2028,Eastern,UG2
Mugoye,UG10060103,Bujumba,UG100601,Kalangala,UG1006,Central,UG1
Mugusu,UG41100113,Burahya,UG411001,Kabarole,UG4110,Western,UG4
Mugusu Town Council,UG41100114,Burahya,UG411001,Kabarole,UG4110,Western,UG4
Muhanga Town Council,UG41320105,Rukiga,UG413201,Rukiga,UG4132,Western,UG4
Muhokya,UG41150212,Busongora,UG411502,Kasese,UG4115,Western,UG4
Muhorro,UG41110114,Buyaga,UG411101,Kagadi,UG4111,Western,UG4
Muhorro  Town Council,UG41110115,Buyaga,UG411101,Kagadi,UG4111,Western,UG4
Muko,UG41300106,Rubanda,UG413001,Rubanda,UG4130,Western,UG4
Mukongoro,UG20490104,Kumi,UG204901,Kumi,UG2049,Eastern,UG2
Mukoto,UG20560113,Bubulo,UG205601,Namisindwa,UG2056,Eastern,UG2
Mukuju,UG20630106,Tororo,UG206301,Tororo,UG2063,Eastern,UG2
Mukungwe,UG10170106,Bukoto,UG101701,Masaka,UG1017,Central,UG1
Mukura,UG20580103,Ngora,UG205801,Ngora,UG2058,Eastern,UG2
Mulagi,UG10120118,Kiboga,UG101201,Kyankwanzi,UG1012,Central,UG1
Mulanda,UG20630305,West Budama (Kisolo),UG206303,Tororo,UG2063,Eastern,UG2
Munarya,UG20450210,Tingey,UG204502,Kapchorwa,UG2045,Eastern,UG2
Munkunyu,UG41150113,Bukonjo,UG411501,Kasese,UG4115,Western,UG4
Muntu,UG30680109,Kioga,UG306801,Amolatar,UG3068,Northern,UG3
Muramba,UG41210106,Bufumbira,UG412101,Kisoro,UG4121,Western,UG4
Murora,UG41210107,Bufumbira,UG412101,Kisoro,UG4121,Western,UG4
Mutara,UG41270111,Ruhinda,UG412701,Mitooma,UG4127,Western,UG4
Muterere,UG20300208,Bukooli,UG203002,Bugiri,UG2030,Eastern,UG2
Mutumba,UG20550107,Bukooli,UG205501,Namayingo,UG2055,Eastern,UG2
Mutunda,UG41200107,Kibanda,UG412001,Kiryandongo,UG4120,Western,UG4
Muwanga,UG10110109,Kiboga,UG101101,Kiboga,UG1011,Central,UG1
Muyembe,UG20340116,Bulambuli,UG203401,Bulambuli,UG2034,Eastern,UG2
Mwizi,UG41340103,Rwampara,UG413401,Rwampara,UG4134,Western,UG4
Myanzi,UG10090109,Kassanda,UG100901,Kassanda,UG1009,Central,UG1
Myene,UG30960109,Oyam,UG309601,Oyam,UG3096,Northern,UG3
Nabbaale,UG10210403,Nakifuma,UG102104,Mukono,UG1021,Central,UG1
Nabbongo,UG20340117,Bulambuli,UG203401,Bulambuli,UG2034,Eastern,UG2
Nabigasa,UG10130111,Kyotera,UG101301,Kyotera,UG1013,Central,UG1
Nabilatuk,UG30880103,Pian,UG308801,Nabilatuk,UG3088,Northern,UG3
Nabilatuk Town Council,UG30880104,Pian,UG308801,Nabilatuk,UG3088,Northern,UG3
Nabingoola,UG10200206,Kasambya,UG102002,Mubende,UG1020,Central,UG1
Nabiswa,UG20480114,Kibuku,UG204801,Kibuku,UG2048,Eastern,UG2
Nabisweera,UG10230108,Buruli,UG102301,Nakasongola,UG1023,Central,UG1
Nabitende,UG20390202,Kigulu,UG203902,Iganga,UG2039,Eastern,UG2
Naboa,UG20280106,Budaka,UG202801,Budaka,UG2028,Eastern,UG2
Nabukalu,UG20300209,Bukooli,UG203002,Bugiri,UG2030,Eastern,UG2
Nabumali Town Council,UG20540117,Bungokho,UG205401,Mbale,UG2054,Eastern,UG2
Nabuyoga,UG20630306,West Budama (Kisolo),UG206303,Tororo,UG2063,Eastern,UG2
Nabweru Division,UG10260603,Nansana Municipality,UG102606,Wakiso,UG1026,Central,UG1
Nabweya,UG20290114,Manjiya,UG202901,Bududa,UG2029,Eastern,UG2
Nabweyo,UG20570106,Busiki,UG205701,Namutumba,UG2057,Eastern,UG2
Nabwigulu,UG20440106,Bugabula,UG204401,Kamuli,UG2044,Eastern,UG2
Nadunget,UG30860102,Matheniko,UG308601,Moroto,UG3086,Northern,UG3
Nagojje,UG10210404,Nakifuma,UG102104,Mukono,UG1021,Central,UG1
Nagongera,UG20630307,West Budama (Kisolo),UG206303,Tororo,UG2063,Eastern,UG2
Nagongera Town Council,UG20630308,West Budama (Kisolo),UG206303,Tororo,UG2063,Eastern,UG2
Nairambi,UG10040109,Buvuma Island,UG100401,Buvuma,UG1004,Central,UG1
Najja,UG10010103,Buikwe,UG100101,Buikwe,UG1001,Central,UG1
Najjembe Division,UG10010302,Lugazi Municipality,UG100103,Buikwe,UG1001,Central,UG1
Nakalama,UG20390203,Kigulu,UG203902,Iganga,UG2039,Eastern,UG2
Nakaloke,UG20540118,Bungokho,UG205401,Mbale,UG2054,Eastern,UG2
Nakaloke Town Council,UG20540119,Bungokho,UG205401,Mbale,UG2054,Eastern,UG2
Nakapelimoru,UG30800103,Jie,UG308001,Kotido,UG3080,Northern,UG3
Nakapiripirit Town Council,UG30890104,Chekwi,UG308901,Nakapiripirit,UG3089,Northern,UG3
Nakaseke,UG10220109,Nakaseke,UG102201,Nakaseke,UG1022,Central,UG1
Nakaseke Town Council,UG10220110,Nakaseke,UG102201,Nakaseke,UG1022,Central,UG1
Nakasongola Town Council,UG10230109,Buruli,UG102301,Nakasongola,UG1023,Central,UG1
Nakatsi,UG20290115,Manjiya,UG202901,Bududa,UG2029,Eastern,UG2
Nakawa Division,UG10080104,KCCA,UG100801,Kampala,UG1008,Central,UG1
Nakigo,UG20390204,Kigulu,UG203902,Iganga,UG2039,Eastern,UG2
Nakisunga,UG10210205,Mukono,UG102102,Mukono,UG1021,Central,UG1
Nakitoma,UG10230110,Buruli,UG102301,Nakasongola,UG1023,Central,UG1
Nalondo,UG20520114,Bubulo,UG205201,Manafwa,UG2052,Eastern,UG2
Nalusala,UG20610119,Budadiri,UG206101,Sironko,UG2061,Eastern,UG2
Nalutuntu,UG10090110,Kassanda,UG100901,Kassanda,UG1009,Central,UG1
Nalwanza,UG20290116,Manjiya,UG202901,Bududa,UG2029,Eastern,UG2
Nalweyo,UG41120113,Bugangaizi,UG411201,Kakumiro,UG4112,Western,UG4
Nama,UG10210206,Mukono,UG102102,Mukono,UG1021,Central,UG1
Namabya,UG20560114,Bubulo,UG205601,Namisindwa,UG2056,Eastern,UG2
Namalemba,UG20310107,Bugweri,UG203101,Bugweri,UG2031,Eastern,UG2
Namalu,UG30890105,Chekwi,UG308901,Nakapiripirit,UG3089,Northern,UG3
Namambasa,UG20540120,Bungokho,UG205401,Mbale,UG2054,Eastern,UG2
Namanyonyi,UG20540121,Bungokho,UG205401,Mbale,UG2054,Eastern,UG2
Namasagali,UG20440107,Bugabula,UG204401,Kamuli,UG2044,Eastern,UG2
Namasale,UG30680110,Kioga,UG306801,Amolatar,UG3068,Northern,UG3
Namasale Town Council,UG30680111,Kioga,UG306801,Amolatar,UG3068,Northern,UG3
Namayingo Town Council,UG20550108,Bukooli,UG205501,Namayingo,UG2055,Eastern,UG2
Namayumba,UG10260111,Busiro,UG102601,Wakiso,UG1026,Central,UG1
Namayumba Town Council,UG10260112,Busiro,UG102601,Wakiso,UG1026,Central,UG1
Nambale,UG20390205,Kigulu,UG203902,Iganga,UG2039,Eastern,UG2
Nambieso,UG30810106,Kwania,UG308101,Kwania,UG3081,Northern,UG3
Namboko,UG20560115,Bubulo,UG205601,Namisindwa,UG2056,Eastern,UG2
Namisindwa Town Council,UG20560116,Bubulo,UG205601,Namisindwa,UG2056,Eastern,UG2
Namisuni,UG20340118,Bulambuli,UG203401,Bulambuli,UG2034,Eastern,UG2
Namokora,UG30770107,Chua,UG307701,Kitgum,UG3077,Northern,UG3
Namugongo,UG20430109,Bulamogi,UG204301,Kaliro,UG2043,Eastern,UG2
Namugongo Division,UG10260303,Kira Municipality,UG102603,Wakiso,UG1026,Central,UG1
Namungalwe,UG20390206,Kigulu,UG203902,Iganga,UG2039,Eastern,UG2
Namungo,UG10180305,Mityana,UG101803,Mityana,UG1018,Central,UG1
Namutumba,UG20570107,Busiki,UG205701,Namutumba,UG2057,Eastern,UG2
Namutumba Town Council,UG20570108,Busiki,UG205701,Namutumba,UG2057,Eastern,UG2
Namwendwa,UG20440108,Bugabula,UG204401,Kamuli,UG2044,Eastern,UG2
Namwiwa,UG20430110,Bulamogi,UG204301,Kaliro,UG2043,Eastern,UG2
Nandere,UG20480115,Kibuku,UG204801,Kibuku,UG2048,Eastern,UG2
Nangako Town Council,UG20290117,Manjiya,UG202901,Bududa,UG2029,Eastern,UG2
Nangoma,UG10130112,Kyotera,UG101301,Kyotera,UG1013,Central,UG1
Nangonde,UG20570109,Busiki,UG205701,Namutumba,UG2057,Eastern,UG2
Nankoma,UG20300210,Bukooli,UG203002,Bugiri,UG2030,Eastern,UG2
Nankondo,UG20480116,Kibuku,UG204801,Kibuku,UG2048,Eastern,UG2
Nansana Division,UG10260604,Nansana Municipality,UG102606,Wakiso,UG1026,Central,UG1
Nansanga,UG20280107,Budaka,UG202801,Budaka,UG2028,Eastern,UG2
Nansololo,UG20430111,Bulamogi,UG204301,Kaliro,UG2043,Eastern,UG2
Napak Town Council,UG30900107,Bokora,UG309001,Napak,UG3090,Northern,UG3
Napore Karenga,UG30760119,Dodoth,UG307601,Karenga,UG3076,Northern,UG3
Nawaikoke,UG20430112,Bulamogi,UG204301,Kaliro,UG2043,Eastern,UG2
Nawampiti,UG20510107,Luuka,UG205101,Luuka,UG2051,Eastern,UG2
Nawandala,UG20390207,Kigulu,UG203902,Iganga,UG2039,Eastern,UG2
Nawanjofu,UG20360111,Bunyole,UG203601,Butaleja,UG2036,Eastern,UG2
Nawanyago,UG20440205,Buzaaya,UG204402,Kamuli,UG2044,Eastern,UG2
Nawanyingi,UG20390208,Kigulu,UG203902,Iganga,UG2039,Eastern,UG2
Naweyo,UG20360112,Bunyole,UG203601,Butaleja,UG2036,Eastern,UG2
Nawuyo Town Council,UG20540122,Bungokho,UG205401,Mbale,UG2054,Eastern,UG2
Nazigo,UG10100205,Ntenjeru,UG101002,Kayunga,UG1010,Central,UG1
Ndagwe,UG10150108,Bukoto,UG101501,Lwengo,UG1015,Central,UG1
Ndaiga,UG41110116,Buyaga,UG411101,Kagadi,UG4111,Western,UG4
Ndeija,UG41340104,Rwampara,UG413401,Rwampara,UG4134,Western,UG4
Ndejje Division,UG10260503,Makindye Ssabagabo Municipality,UG102605,Wakiso,UG1026,Central,UG1
Ndhew,UG30910205,Padyere,UG309102,Nebbi,UG3091,Northern,UG3
Nduguto,UG41030108,Bughendera,UG410301,Bundibugyo,UG4103,Western,UG4
Nebbi,UG30910206,Padyere,UG309102,Nebbi,UG3091,Northern,UG3
Ngai,UG30960110,Oyam,UG309601,Oyam,UG3096,Northern,UG3
Ngamba,UG41030109,Bughendera,UG410301,Bundibugyo,UG4103,Western,UG4
Ngando,UG10030106,Butambala,UG100301,Butambala,UG1003,Central,UG1
Ngarama,UG41080106,Bukanga,UG410801,Isingiro,UG4108,Western,UG4
Ngariam,UG20470103,Katakwi,UG204701,Katakwi,UG2047,Eastern,UG2
Ngenge,UG20500113,Kween,UG205001,Kween,UG2050,Eastern,UG2
Ngetta,UG30830108,Erute,UG308301,Lira,UG3083,Northern,UG3
Ngogwe,UG10010104,Buikwe,UG100101,Buikwe,UG1001,Central,UG1
Ngoleriet,UG30900108,Bokora,UG309001,Napak,UG3090,Northern,UG3
Ngoma,UG10220111,Nakaseke,UG102201,Nakaseke,UG1022,Central,UG1
Ngoma,UG41290402,Rushenyi,UG412904,Ntungamo,UG4129,Western,UG4
Ngoma Town Council,UG10220112,Nakaseke,UG102201,Nakaseke,UG1022,Central,UG1
Ngora,UG20580104,Ngora,UG205801,Ngora,UG2058,Eastern,UG2
Ngora Town Council,UG20580105,Ngora,UG205801,Ngora,UG2058,Eastern,UG2
Ngwedo,UG41020107,Buliisa,UG410201,Buliisa,UG4102,Western,UG4
Njeru Division,UG10010401,Njeru Municipality,UG100104,Buikwe,UG1001,Central,UG1
Nkandwa,UG10120119,Kiboga,UG101201,Kyankwanzi,UG1012,Central,UG1
Nkokonjeru Town Council,UG10010105,Buikwe,UG100101,Buikwe,UG1001,Central,UG1
Nkoma,UG41130110,Kibale,UG411301,Kamwenge,UG4113,Western,UG4
Nkoma Town Council,UG41130111,Kibale,UG411301,Kamwenge,UG4113,Western,UG4
Nkondo,UG20380106,Budiope,UG203801,Buyende,UG2038,Eastern,UG2
Nkooko,UG41120114,Bugangaizi,UG411201,Kakumiro,UG4112,Western,UG4
Nkozi,UG10190107,Mawokota,UG101901,Mpigi,UG1019,Central,UG1
Nkungu,UG41160107,Kazo,UG411601,Kazo,UG4116,Western,UG4
Nombe,UG41280108,Ntoroko,UG412801,Ntoroko,UG4128,Western,UG4
North Division,UG30800202,Kotido Municipality,UG308002,Kotido,UG3080,Northern,UG3
Northern,UG41210202,Kisoro Municipality,UG412102,Kisoro,UG4121,Western,UG4
Northern Division,UG20390102,Iganga Municipality,UG203901,Iganga,UG2039,Eastern,UG2
Northern Division,UG20440301,Kamuli Municipality,UG204403,Kamuli,UG2044,Eastern,UG2
Northern Division,UG20540202,Mbale Municipality,UG205402,Mbale,UG2054,Eastern,UG2
Northern Division,UG20620202,Soroti Municipality,UG206202,Soroti,UG2062,Eastern,UG2
Northern Division,UG30860201,Moroto Municipality,UG308602,Moroto,UG3086,Northern,UG3
Northern Division,UG41090102,Kabale Municipality,UG410901,Kabale,UG4109,Western,UG4
Northern Divison,UG20490201,Kumi Municipality,UG204902,Kumi,UG2049,Eastern,UG2
Northern Divison,UG30780201,Koboko Municipality,UG307802,Koboko,UG3078,Northern,UG3
Nsambya,UG10120120,Kiboga,UG101201,Kyankwanzi,UG1012,Central,UG1
Nsiika Town Council,UG41010106,Buhweju,UG410101,Buhweju,UG4101,Western,UG4
Nsinze,UG20570110,Busiki,UG205701,Namutumba,UG2057,Eastern,UG2
Ntandi Town Council,UG41030110,Bughendera,UG410301,Bundibugyo,UG4103,Western,UG4
Ntara,UG41220105,Kitagwenda,UG412201,Kitagwenda,UG4122,Western,UG4
Ntara Kichwamba Town Council,UG41220106,Kitagwenda,UG412201,Kitagwenda,UG4122,Western,UG4
Ntenjeru,UG10210207,Mukono,UG102102,Mukono,UG1021,Central,UG1
Ntotoro,UG41030111,Bughendera,UG410301,Bundibugyo,UG4103,Western,UG4
Ntunda,UG10210405,Nakifuma,UG102104,Mukono,UG1021,Central,UG1
Ntungamo,UG41290304,Ruhaama,UG412903,Ntungamo,UG4129,Western,UG4
Ntuusi,UG10250102,Lwemiyaga,UG102501,Ssembabule,UG1025,Central,UG1
Ntwetwe,UG10120121,Kiboga,UG101201,Kyankwanzi,UG1012,Central,UG1
Ntwetwe  Town Council,UG10120122,Kiboga,UG101201,Kyankwanzi,UG1012,Central,UG1
Nyabbani,UG41220107,Kitagwenda,UG412201,Kitagwenda,UG4122,Western,UG4
Nyabihoko,UG41290105,Kajara,UG412901,Ntungamo,UG4129,Western,UG4
Nyabiringo,UG41240117,Mwenge,UG412401,Kyenjojo,UG4124,Western,UG4
Nyabubare,UG41050209,Igara,UG410502,Bushenyi,UG4105,Western,UG4
Nyabuharwa,UG41240118,Mwenge,UG412401,Kyenjojo,UG4124,Western,UG4
Nyabuhikye,UG41070108,Ibanda,UG410701,Ibanda,UG4107,Western,UG4
Nyabwishenya,UG41210108,Bufumbira,UG412101,Kisoro,UG4121,Western,UG4
Nyadri,UG30850103,Maracha,UG308501,Maracha,UG3085,Northern,UG3
Nyahuka Town Council,UG41030211,Bwamba,UG410302,Bundibugyo,UG4103,Western,UG4
Nyakabande,UG41210109,Bufumbira,UG412101,Kisoro,UG4121,Western,UG4
Nyakabirizi Division,UG41050103,Bushenyi  Municipality,UG410501,Bushenyi,UG4105,Western,UG4
Nyakagyeme,UG41330105,Bujumbura,UG413301,Rukungiri,UG4133,Western,UG4
Nyakashashara,UG41190108,Nyabushozi,UG411901,Kiruhura,UG4119,Western,UG4
Nyakatonzi,UG41150114,Bukonjo,UG411501,Kasese,UG4115,Western,UG4
Nyakayojo Division,UG41260107,Kashari,UG412601,Mbarara,UG4126,Western,UG4
Nyakinama,UG41210110,Bufumbira,UG412101,Kisoro,UG4121,Western,UG4
Nyakinoni,UG41140113,Kinkizi,UG411401,Kanungu,UG4114,Western,UG4
Nyakishana,UG41010107,Buhweju,UG410101,Buhweju,UG4101,Western,UG4
Nyakishenyi,UG41330205,Rubabo,UG413302,Rukungiri,UG4133,Western,UG4
Nyakitunda,UG41080209,Isingiro,UG410802,Isingiro,UG4108,Western,UG4
Nyakiyumbu,UG41150115,Bukonjo,UG411501,Kasese,UG4115,Western,UG4
Nyakwae,UG30640108,Labwor,UG306401,Abim,UG3064,Northern,UG3
Nyakyera,UG41290305,Ruhaama,UG412903,Ntungamo,UG4129,Western,UG4
Nyamarebe,UG41070109,Ibanda,UG410701,Ibanda,UG4107,Western,UG4
Nyamarunda,UG41170110,Buyanja,UG411701,Kibaale,UG4117,Western,UG4
Nyamarwa,UG41170111,Buyanja,UG411701,Kibaale,UG4117,Western,UG4
Nyamirama,UG41140114,Kinkizi,UG411401,Kanungu,UG4114,Western,UG4
Nyamitanga Division,UG41260203,Mbarara Municipality,UG412602,Mbarara,UG4126,Western,UG4
Nyamunuka Town Council,UG41290106,Kajara,UG412901,Ntungamo,UG4129,Western,UG4
Nyamuyanja,UG41080210,Isingiro,UG410802,Isingiro,UG4108,Western,UG4
Nyamwamba Division,UG41150303,Kasese Municipality,UG411503,Kasese,UG4115,Western,UG4
Nyamweru,UG41300107,Rubanda,UG413001,Rubanda,UG4130,Western,UG4
Nyanga,UG41140115,Kinkizi,UG411401,Kanungu,UG4114,Western,UG4
Nyangahya Division,UG41250304,Masindi Municipality,UG412503,Masindi,UG4125,Western,UG4
Nyankwanzi,UG41240119,Mwenge,UG412401,Kyenjojo,UG4124,Western,UG4
Nyantungo,UG41240120,Mwenge,UG412401,Kyenjojo,UG4124,Western,UG4
Nyapea,UG31000108,Okoro,UG310001,Zombo,UG3100,Northern,UG3
Nyaravur,UG30910207,Padyere,UG309102,Nebbi,UG3091,Northern,UG3
Nyarubuye,UG41210111,Bufumbira,UG412101,Kisoro,UG4121,Western,UG4
Nyarushanje,UG41330206,Rubabo,UG413302,Rukungiri,UG4133,Western,UG4
Nyarusiza,UG41210112,Bufumbira,UG412101,Kisoro,UG4121,Western,UG4
Nyendo-Ssenyange Division,UG10170203,Masaka Municipality,UG101702,Masaka,UG1017,Central,UG1
Nyenga Division,UG10010402,Njeru Municipality,UG100104,Buikwe,UG1001,Central,UG1
Nyero,UG20490105,Kumi,UG204901,Kumi,UG2049,Eastern,UG2
Nyimbwa,UG10140207,Katikamu,UG101402,Luwero,UG1014,Central,UG1
Nyondo,UG20540123,Bungokho,UG205401,Mbale,UG2054,Eastern,UG2
Nyundo,UG41210113,Bufumbira,UG412101,Kisoro,UG4121,Western,UG4
Obalanga,UG20460105,Kapelebyong,UG204601,Kapelebyong,UG2046,Eastern,UG2
Obongi Town Council,UG30930104,Obongi,UG309301,Obongi,UG3093,Northern,UG3
Ochero,UG20410106,Kaberamaido,UG204101,Kaberamaido,UG2041,Eastern,UG2
Odek,UG30940105,Omoro,UG309401,Omoro,UG3094,Northern,UG3
Odravu,UG30990111,Aringa,UG309901,Yumbe,UG3099,Northern,UG3
Odupi,UG30720305,Terego,UG307203,Arua,UG3072,Northern,UG3
Offaka,UG30840104,Madi Okollo,UG308401,Madi Okollo,UG3084,Northern,UG3
Ofua,UG30650107,East Moyo,UG306501,Adjumani,UG3065,Northern,UG3
Ogoko,UG30840105,Madi Okollo,UG308401,Madi Okollo,UG3084,Northern,UG3
Ogolai,UG20270108,Amuria,UG202701,Amuria,UG2027,Eastern,UG2
Ogom,UG30970108,Aruu,UG309701,Pader,UG3097,Northern,UG3
Ogor,UG30950103,Otuke,UG309501,Otuke,UG3095,Northern,UG3
Ogur,UG30830109,Erute,UG308301,Lira,UG3083,Northern,UG3
Ogwette,UG30950104,Otuke,UG309501,Otuke,UG3095,Northern,UG3
Ojwina Division,UG30830203,Lira Municipality,UG308302,Lira,UG3083,Northern,UG3
Okollo,UG30840106,Madi Okollo,UG308401,Madi Okollo,UG3084,Northern,UG3
Okungur,UG20460106,Kapelebyong,UG204601,Kapelebyong,UG2046,Eastern,UG2
Okwalongwen,UG30730110,Dokolo,UG307301,Dokolo,UG3073,Northern,UG3
Okwang,UG30950105,Otuke,UG309501,Otuke,UG3095,Northern,UG3
Okwerodot,UG30790107,Kole,UG307901,Kole,UG3079,Northern,UG3
Okwongodul,UG30730111,Dokolo,UG307301,Dokolo,UG3073,Northern,UG3
Oleba,UG30850104,Maracha,UG308501,Maracha,UG3085,Northern,UG3
Olilim,UG30950106,Otuke,UG309501,Otuke,UG3095,Northern,UG3
Olio,UG20600204,Serere,UG206002,Serere,UG2060,Eastern,UG2
Olok,UG20590209,Pallisa,UG205902,Pallisa,UG2059,Eastern,UG2
Oluffe,UG30850105,Maracha,UG308501,Maracha,UG3085,Northern,UG3
Oluko,UG30720205,Ayivu,UG307202,Arua,UG3072,Northern,UG3
Oluvu,UG30850106,Maracha,UG308501,Maracha,UG3085,Northern,UG3
Omiya Anyima,UG30770108,Chua,UG307701,Kitgum,UG3077,Northern,UG3
Omiya Pacwa,UG30660110,Agago,UG306601,Agago,UG3066,Northern,UG3
Omodoi,UG20470203,Toroma,UG204702,Katakwi,UG2047,Eastern,UG2
Omoro,UG30670109,Moroto,UG306701,Alebtong,UG3067,Northern,UG3
Omoro Town Council,UG30940106,Omoro,UG309401,Omoro,UG3094,Northern,UG3
Omot,UG30660111,Agago,UG306601,Agago,UG3066,Northern,UG3
Omugo,UG30720306,Terego,UG307203,Arua,UG3072,Northern,UG3
Ongako,UG30940107,Omoro,UG309401,Omoro,UG3094,Northern,UG3
Ongino,UG20490106,Kumi,UG204901,Kumi,UG2049,Eastern,UG2
Ongongoja,UG20470104,Katakwi,UG204701,Katakwi,UG2047,Eastern,UG2
Opwateta,UG20590102,Butebo,UG205901,Pallisa,UG2059,Eastern,UG2
Orom,UG30770109,Chua,UG307701,Kitgum,UG3077,Northern,UG3
Orum,UG30950107,Otuke,UG309501,Otuke,UG3095,Northern,UG3
Orungo,UG20270109,Amuria,UG202701,Amuria,UG2027,Eastern,UG2
Osukuru,UG20630107,Tororo,UG206301,Tororo,UG2063,Eastern,UG2
Otuboi,UG20420107,Kalaki,UG204201,Kalaki,UG2042,Eastern,UG2
Otuke Town Council,UG30950108,Otuke,UG309501,Otuke,UG3095,Northern,UG3
Otwal,UG30960111,Oyam,UG309601,Oyam,UG3096,Northern,UG3
Oyam Town Council,UG30960112,Oyam,UG309601,Oyam,UG3096,Northern,UG3
Paacwa,UG41110117,Buyaga,UG411101,Kagadi,UG4111,Western,UG4
Pabo,UG30700105,Kilak,UG307001,Amuru,UG3070,Northern,UG3
Pacara,UG30650108,East Moyo,UG306501,Adjumani,UG3065,Northern,UG3
Pader,UG30970109,Aruu,UG309701,Pader,UG3097,Northern,UG3
Pader Town Council,UG30970110,Aruu,UG309701,Pader,UG3097,Northern,UG3
Padibe East,UG30820105,Lamwo,UG308201,Lamwo,UG3082,Northern,UG3
Padibe Town Council,UG30820106,Lamwo,UG308201,Lamwo,UG3082,Northern,UG3
Padibe West,UG30820107,Lamwo,UG308201,Lamwo,UG3082,Northern,UG3
Pager Division,UG30770202,Kitgum Municipality,UG307702,Kitgum,UG3077,Northern,UG3
Paicho,UG30740103,Aswa,UG307401,Gulu,UG3074,Northern,UG3
Paidha,UG31000109,Okoro,UG310001,Zombo,UG3100,Northern,UG3
Paidha Town Council,UG31000110,Okoro,UG310001,Zombo,UG3100,Northern,UG3
Paimol,UG30660112,Agago,UG306601,Agago,UG3066,Northern,UG3
Pajule,UG30970111,Aruu,UG309701,Pader,UG3097,Northern,UG3
Pajulu,UG30720206,Ayivu,UG307202,Arua,UG3072,Northern,UG3
Pakanyi,UG41250103,Bujenje,UG412501,Masindi,UG4125,Western,UG4
Pakele,UG30650109,East Moyo,UG306501,Adjumani,UG3065,Northern,UG3
Pakwach,UG30980102,Jonam,UG309801,Pakwach,UG3098,Northern,UG3
Pakwach Town Council,UG30980103,Jonam,UG309801,Pakwach,UG3098,Northern,UG3
Palabek Gem,UG30820108,Lamwo,UG308201,Lamwo,UG3082,Northern,UG3
Palabek Kal,UG30820109,Lamwo,UG308201,Lamwo,UG3082,Northern,UG3
Palabek Ogili,UG30820110,Lamwo,UG308201,Lamwo,UG3082,Northern,UG3
Palam,UG20470105,Katakwi,UG204701,Katakwi,UG2047,Eastern,UG2
Palaro,UG30740104,Aswa,UG307401,Gulu,UG3074,Northern,UG3
Pallisa,UG20590210,Pallisa,UG205902,Pallisa,UG2059,Eastern,UG2
Pallisa Town Council,UG20590211,Pallisa,UG205902,Pallisa,UG2059,Eastern,UG2
Paloga,UG30820111,Lamwo,UG308201,Lamwo,UG3082,Northern,UG3
Pandwong Division,UG30770203,Kitgum Municipality,UG307702,Kitgum,UG3077,Northern,UG3
Panyangara,UG30800104,Jie,UG308001,Kotido,UG3080,Northern,UG3
Panyango,UG30980104,Jonam,UG309801,Pakwach,UG3098,Northern,UG3
Panyimur,UG30980105,Jonam,UG309801,Pakwach,UG3098,Northern,UG3
Parabongo,UG30660113,Agago,UG306601,Agago,UG3066,Northern,UG3
Parombo,UG30910208,Padyere,UG309102,Nebbi,UG3091,Northern,UG3
Patiko,UG30740105,Aswa,UG307401,Gulu,UG3074,Northern,UG3
Patongo,UG30660114,Agago,UG306601,Agago,UG3066,Northern,UG3
Patongo Town Council,UG30660115,Agago,UG306601,Agago,UG3066,Northern,UG3
Pawor,UG30840107,Madi Okollo,UG308401,Madi Okollo,UG3084,Northern,UG3
Paya,UG20630309,West Budama (Kisolo),UG206303,Tororo,UG2063,Eastern,UG2
Pece Division,UG30740204,Gulu Municipality,UG307402,Gulu,UG3074,Northern,UG3
Petete,UG20370106,Butebo,UG203701,Butebo,UG2037,Eastern,UG2
Petta,UG20630310,West Budama (Kisolo),UG206303,Tororo,UG2063,Eastern,UG2
Pingire,UG20600107,Kasilo,UG206001,Serere,UG2060,Eastern,UG2
Puranga,UG30970112,Aruu,UG309701,Pader,UG3097,Northern,UG3
Purongo,UG30920108,Nwoya,UG309201,Nwoya,UG3092,Northern,UG3
Puti-Puti,UG20590212,Pallisa,UG205902,Pallisa,UG2059,Eastern,UG2
Railway Division,UG30830204,Lira Municipality,UG308302,Lira,UG3083,Northern,UG3
Rakai Town Council,UG10240111,Kooki,UG102401,Rakai,UG1024,Central,UG1
Rengen,UG30800105,Jie,UG308001,Kotido,UG3080,Northern,UG3
Rhino Camp,UG30840108,Madi Okollo,UG308401,Madi Okollo,UG3084,Northern,UG3
Rigbo,UG30840109,Madi Okollo,UG308401,Madi Okollo,UG3084,Northern,UG3
River Oli Division,UG30720102,Arua Municipality,UG307201,Arua,UG3072,Northern,UG3
Riwo,UG20330109,Kongasis,UG203301,Bukwo,UG2033,Eastern,UG2
Romogi,UG30990112,Aringa,UG309901,Yumbe,UG3099,Northern,UG3
Rubaare,UG41290403,Rushenyi,UG412904,Ntungamo,UG4129,Western,UG4
Rubaare Town Council,UG41290404,Rushenyi,UG412904,Ntungamo,UG4129,Western,UG4
Rubaga Division,UG10080105,KCCA,UG100801,Kampala,UG1008,Central,UG1
Rubanda Town Council,UG41300108,Rubanda,UG413001,Rubanda,UG4130,Western,UG4
Rubaya,UG41090209,Ndorwa,UG410902,Kabale,UG4109,Western,UG4
Rubaya,UG41260108,Kashari,UG412601,Mbarara,UG4126,Western,UG4
Rubindi,UG41260109,Kashari,UG412601,Mbarara,UG4126,Western,UG4
Rubiriziri Town Council,UG41310109,Bunyaruguru,UG413101,Rubirizi,UG4131,Western,UG4
Rubona Town Council,UG41040110,Bunyangabu,UG410401,Bunyangabu,UG4104,Western,UG4
Rubongi,UG20630311,West Budama (Kisolo),UG206303,Tororo,UG2063,Eastern,UG2
Ruborogota,UG41080211,Isingiro,UG410802,Isingiro,UG4108,Western,UG4
Rubuguri Town Council,UG41210114,Bufumbira,UG412101,Kisoro,UG4121,Western,UG4
Rugaaga,UG41080107,Bukanga,UG410801,Isingiro,UG4108,Western,UG4
Rugando,UG41340105,Rwampara,UG413401,Rwampara,UG4134,Western,UG4
Rugarama,UG41290405,Rushenyi,UG412904,Ntungamo,UG4129,Western,UG4
Rugarama,UG41350110,Sheema,UG413501,Sheema,UG4135,Western,UG4
Rugashari,UG41110118,Buyaga,UG411101,Kagadi,UG4111,Western,UG4
Rugendabara,UG41150213,Busongora,UG411502,Kasese,UG4115,Western,UG4
Rugyeyo,UG41140116,Kinkizi,UG411401,Kanungu,UG4114,Western,UG4
Ruhaama,UG41290306,Ruhaama,UG412903,Ntungamo,UG4129,Western,UG4
Ruhija,UG41300109,Rubanda,UG413001,Rubanda,UG4130,Western,UG4
Ruhinda,UG41330106,Bujumbura,UG413301,Rukungiri,UG4133,Western,UG4
Ruhumuro,UG41050210,Igara,UG410502,Bushenyi,UG4105,Western,UG4
Rukiri,UG41070110,Ibanda,UG410701,Ibanda,UG4107,Western,UG4
Rukoki,UG41150214,Busongora,UG411502,Kasese,UG4115,Western,UG4
Rukoni East,UG41290307,Ruhaama,UG412903,Ntungamo,UG4129,Western,UG4
Rukoni West,UG41290308,Ruhaama,UG412903,Ntungamo,UG4129,Western,UG4
Rupa,UG30860103,Matheniko,UG308601,Moroto,UG3086,Northern,UG3
Rurehe,UG41270112,Ruhinda,UG412701,Mitooma,UG4127,Western,UG4
Rushango Town Council,UG41070111,Ibanda,UG410701,Ibanda,UG4107,Western,UG4
Rushasha,UG41080108,Bukanga,UG410801,Isingiro,UG4108,Western,UG4
Ruteete,UG41100115,Burahya,UG411001,Kabarole,UG4110,Western,UG4
Ruteete,UG41110119,Buyaga,UG411101,Kagadi,UG4111,Western,UG4
Rutenga,UG41140117,Kinkizi,UG411401,Kanungu,UG4114,Western,UG4
Rutoto,UG41310110,Bunyaruguru,UG413101,Rubirizi,UG4131,Western,UG4
Ruyonza,UG41230108,Kyaka,UG412301,Kyegegwa,UG4123,Western,UG4
Rwamucucu,UG41320106,Rukiga,UG413201,Rukiga,UG4132,Western,UG4
Rwanyamahembe,UG41260110,Kashari,UG412601,Mbarara,UG4126,Western,UG4
Rwashamaire Town Council,UG41290107,Kajara,UG412901,Ntungamo,UG4129,Western,UG4
Rwebisengo,UG41280109,Ntoroko,UG412801,Ntoroko,UG4128,Western,UG4
Rwebisengo Town Council,UG41280110,Ntoroko,UG412801,Ntoroko,UG4128,Western,UG4
Rweikiniro,UG41290309,Ruhaama,UG412903,Ntungamo,UG4129,Western,UG4
Rwemikoma,UG41160108,Kazo,UG411601,Kazo,UG4116,Western,UG4
Rwengwe,UG41010108,Buhweju,UG410101,Buhweju,UG4101,Western,UG4
Rwenkoba Town Council,UG41070112,Ibanda,UG410701,Ibanda,UG4107,Western,UG4
Rwentuha,UG41230109,Kyaka,UG412301,Kyegegwa,UG4123,Western,UG4
Rwentuha Town Council,UG41050211,Igara,UG410502,Bushenyi,UG4105,Western,UG4
Rwerere Town Council,UG41330107,Bujumbura,UG413301,Rukungiri,UG4133,Western,UG4
Rwimi,UG41040111,Bunyangabu,UG410401,Bunyangabu,UG4104,Western,UG4
Rwimi Town Council,UG41040112,Bunyangabu,UG410401,Bunyangabu,UG4104,Western,UG4
Ryakirimira Town Council,UG41090210,Ndorwa,UG410902,Kabale,UG4109,Western,UG4
Ryeru,UG41310111,Bunyaruguru,UG413101,Rubirizi,UG4131,Western,UG4
Sanga,UG41190109,Nyabushozi,UG411901,Kiruhura,UG4119,Western,UG4
Sanga Town Council,UG41190110,Nyabushozi,UG411901,Kiruhura,UG4119,Western,UG4
Sangar,UG30760120,Dodoth,UG307601,Karenga,UG3076,Northern,UG3
Seeta Namuganga,UG10210406,Nakifuma,UG102104,Mukono,UG1021,Central,UG1
Sembabule Town Council,UG10250206,Mawogola,UG102502,Ssembabule,UG1025,Central,UG1
Semuto,UG10220113,Nakaseke,UG102201,Nakaseke,UG1022,Central,UG1
Semuto Town Council,UG10220114,Nakaseke,UG102201,Nakaseke,UG1022,Central,UG1
Senendet,UG20330110,Kongasis,UG203301,Bukwo,UG2033,Eastern,UG2
Serere Town Council,UG20600205,Serere,UG206002,Serere,UG2060,Eastern,UG2
Sheema Central Division,UG41350204,Sheema Municipality,UG413502,Sheema,UG4135,Western,UG4
Shuuku Town Council,UG41350111,Sheema,UG413501,Sheema,UG4135,Western,UG4
Sibanga,UG20520115,Bubulo,UG205201,Manafwa,UG2052,Eastern,UG2
Sidok,UG30750113,Dodoth,UG307501,Kaabong,UG3075,Northern,UG3
Sigulu Island,UG20550109,Bukooli,UG205501,Namayingo,UG2055,Eastern,UG2
Sikuda,UG20350214,Samia-Bugwe,UG203502,Busia,UG2035,Eastern,UG2
Simu,UG20340119,Bulambuli,UG203401,Bulambuli,UG2034,Eastern,UG2
Sindila,UG41030112,Bughendera,UG410301,Bundibugyo,UG4103,Western,UG4
Sipi,UG20450211,Tingey,UG204502,Kapchorwa,UG2045,Eastern,UG2
Sironko Town Council,UG20610120,Budadiri,UG206101,Sironko,UG2061,Eastern,UG2
Sisiyi,UG20340120,Bulambuli,UG203401,Bulambuli,UG2034,Eastern,UG2
Sisuni,UG20520116,Bubulo,UG205201,Manafwa,UG2052,Eastern,UG2
Sop-Sop,UG20630312,West Budama (Kisolo),UG206303,Tororo,UG2063,Eastern,UG2
Soroti,UG20620106,Soroti,UG206201,Soroti,UG2062,Eastern,UG2
South Division,UG30800203,Kotido Municipality,UG308002,Kotido,UG3080,Northern,UG3
Southern,UG41210203,Kisoro Municipality,UG412102,Kisoro,UG4121,Western,UG4
Southern Division,UG10200302,Mubende Municipality,UG102003,Mubende,UG1020,Central,UG1
Southern Division,UG20440302,Kamuli Municipality,UG204403,Kamuli,UG2044,Eastern,UG2
Southern Division,UG20490202,Kumi Municipality,UG204902,Kumi,UG2049,Eastern,UG2
Southern Division,UG30780202,Koboko Municipality,UG307802,Koboko,UG3078,Northern,UG3
Southern Division,UG41090103,Kabale Municipality,UG410901,Kabale,UG4109,Western,UG4
Southern Division,UG41100202,Fort Portal Municipality,UG411002,Kabarole,UG4110,Western,UG4
Southern Division,UG41330302,Rukungiri Municipality,UG413303,Rukungiri,UG4133,Western,UG4
Southern Divison,UG30860202,Moroto Municipality,UG308602,Moroto,UG3086,Northern,UG3
Ssekanyonyi,UG10180306,Mityana,UG101803,Mityana,UG1018,Central,UG1
Ssi-Bukunja,UG10010106,Buikwe,UG100101,Buikwe,UG1001,Central,UG1
Suam,UG20330111,Kongasis,UG203301,Bukwo,UG2033,Eastern,UG2
Tapac,UG30860104,Matheniko,UG308601,Moroto,UG3086,Northern,UG3
Tara,UG30850107,Maracha,UG308501,Maracha,UG3085,Northern,UG3
Thatha Division,UG30910103,Nebbi Municipality,UG309101,Nebbi,UG3091,Northern,UG3
Tirinyi,UG20480117,Kibuku,UG204801,Kibuku,UG2048,Eastern,UG2
Tokwe,UG41030212,Bwamba,UG410302,Bundibugyo,UG4103,Western,UG4
Toroma,UG20470204,Toroma,UG204702,Katakwi,UG2047,Eastern,UG2
Tsekululu,UG20560117,Bubulo,UG205601,Namisindwa,UG2056,Eastern,UG2
Ttamu Division,UG10180402,Mityana Municipality,UG101804,Mityana,UG1018,Central,UG1
Tubur,UG20620107,Soroti,UG206201,Soroti,UG2062,Eastern,UG2
Tulel,UG20330112,Kongasis,UG203301,Bukwo,UG2033,Eastern,UG2
Ukusijoni,UG30650110,East Moyo,UG306501,Adjumani,UG3065,Northern,UG3
Uleppi,UG30840110,Madi Okollo,UG308401,Madi Okollo,UG3084,Northern,UG3
Unyama,UG30740106,Aswa,UG307401,Gulu,UG3074,Northern,UG3
Uriama,UG30720307,Terego,UG307203,Arua,UG3072,Northern,UG3
Usuk,UG20470106,Katakwi,UG204701,Katakwi,UG2047,Eastern,UG2
Vurra,UG30720404,Vurra,UG307204,Arua,UG3072,Northern,UG3
Wabinyonyi,UG10230111,Buruli,UG102301,Nakasongola,UG1023,Central,UG1
Wadelai,UG30980106,Jonam,UG309801,Pakwach,UG3098,Northern,UG3
Waibuga,UG20510108,Luuka,UG205101,Luuka,UG2051,Eastern,UG2
Wairasa,UG20530114,Bunya,UG205301,Mayuge,UG2053,Eastern,UG2
Wakisi Division,UG10010403,Njeru Municipality,UG100104,Buikwe,UG1001,Central,UG1
Wakiso,UG10260113,Busiro,UG102601,Wakiso,UG1026,Central,UG1
Wakiso Town Council,UG10260114,Busiro,UG102601,Wakiso,UG1026,Central,UG1
Wakyato,UG10220115,Nakaseke,UG102201,Nakaseke,UG1022,Central,UG1
Wanale,UG20540124,Bungokho,UG205401,Mbale,UG2054,Eastern,UG2
Wanale Division,UG20540203,Mbale Municipality,UG205402,Mbale,UG2054,Eastern,UG2
Wankole,UG20440206,Buzaaya,UG204402,Kamuli,UG2044,Eastern,UG2
Warr,UG31000111,Okoro,UG310001,Zombo,UG3100,Northern,UG3
Wattuba,UG10120123,Kiboga,UG101201,Kyankwanzi,UG1012,Central,UG1
Wera,UG20270110,Amuria,UG202701,Amuria,UG2027,Eastern,UG2
West Division,UG30800204,Kotido Municipality,UG308002,Kotido,UG3080,Northern,UG3
Western Division,UG10200303,Mubende Municipality,UG102003,Mubende,UG1020,Central,UG1
Western Division,UG20300102,Bugiri Municipality,UG203001,Bugiri,UG2030,Eastern,UG2
Western Division,UG20350102,Busia Municipality,UG203501,Busia,UG2035,Eastern,UG2
Western Division,UG20450103,Kapchorwa Municipality,UG204501,Kapchorwa,UG2045,Eastern,UG2
Western Division,UG20620203,Soroti Municipality,UG206202,Soroti,UG2062,Eastern,UG2
Western Division,UG20630202,Tororo Municipality,UG206302,Tororo,UG2063,Eastern,UG2
Western Division,UG30780203,Koboko Municipality,UG307802,Koboko,UG3078,Northern,UG3
Western Division,UG41100203,Fort Portal Municipality,UG411002,Kabarole,UG4110,Western,UG4
Western Division,UG41290203,Ntungamo Municipality,UG412902,Ntungamo,UG4129,Western,UG4
Western Division,UG41330303,Rukungiri Municipality,UG413303,Rukungiri,UG4133,Western,UG4
Weswa,UG20520117,Bubulo,UG205201,Manafwa,UG2052,Eastern,UG2
Willa,UG20270111,Amuria,UG202701,Amuria,UG2027,Eastern,UG2
Wobulenzi Town Council,UG10140208,Katikamu,UG101402,Luwero,UG1014,Central,UG1
Wol,UG30660116,Agago,UG306601,Agago,UG3066,Northern,UG3
Yivu,UG30850108,Maracha,UG308501,Maracha,UG3085,Northern,UG3
Yumbe Town Council,UG30990113,Aringa,UG309901,Yumbe,UG3099,Northern,UG3
Zesui,UG20610121,Budadiri,UG206101,Sironko,UG2061,Eastern,UG2
Zeu,UG31000112,Okoro,UG310001,Zombo,UG3100,Northern,UG3
Zirobwe,UG10140105,Bamunanika,UG101401,Luwero,UG1014,Central,UG1
Zombo Town Council,UG31000113,Okoro,UG310001,Zombo,UG3100,Northern,UG3
