Bridge Opportunity: CaseSafeID,Bridge Opportunity: Project Code,Bridge Opportunity: Country,Bridge Opportunity: Opportunity Name,Bridge Opportunity: Stage,Bridge Opportunity: Sub-Stage,Bridge Opportunity: Close Date,Bridge Opportunity: Level 1 Government,Bridge Opportunity: Level 2 Government,Bridge Opportunity: Level 3 Government,Bridge Opportunity: Level 4 Government,Bridge Name,Bridge Opportunity: River Name,Bridge Opportunity: Research Initiative,Bridge Opportunity: Monitoring Campaign,Form: Form Name,Bridge Opportunity: GPS (Latitude),Bridge Opportunity: GPS (Longitude),Individuals Directly Served,Bridge Opportunity: Population Dataset URL,Bridge Opportunity: Population Estimate 2000m,Bridge Opportunity: Population Estimate 5000m,Community Served 1,Individuals served in Community 1,Community Served 2,Individuals served in Community 2,Community Served 3,Individuals served in Community 3,Community Served 4,Individuals served in Community 4,Community Served 5,Individuals served in Community 5,Community Served 6,Individuals Served in Community 6,Form: Created Date,Community Served 7,Individuals Served in Community 7,Community Served 8,Individuals Served in Community 8,Community Served 9,Individuals Served in Community 9,Community Served 10,Individuals Served in Community 10,geometry,WorldPop_1km,WorldPop_1_5km,WorldPop_2km,WorldPop_2_5km,WorldPop_3km,WorldPop_1km_unproj,WorldPop_1_5km_unproj,WorldPop_2km_unproj,WorldPop_2_5km_unproj,WorldPop_3km_unproj
006f100000a86CpAAI,1007327,Rwanda,Rwanda - Gikana - 1007327,Rejected,Technical,11/30/18,Eastern Province,Bugesera,Kabukuba,Gikana,Gikana,Akagera,,,Project Assessment - 2018.5.14,-2.072628,30.204381,,http://www.worldpop.org.uk/data/summary?doi=10.5258/SOTON/WP00539,2374.0,22797.0,Gikana,870.0,Mbuye,740.0,,0.0,,0.0,,0.0,,,5/14/18,,,,,,,,,POINT (522734.5787069366 4770841.107842632),170.99,788.24,2602.07,5215.06,8163.91,181.17,854.17,2671.61,5307.14,8363.24
006f100000a86CpAAI,1007327,Rwanda,Rwanda - Gikana - 1007327,Rejected,Technical,11/30/18,Eastern Province,Bugesera,Kabukuba,Gikana,Gikana,Akagera,,,Project Assessment - 2018.11.30,-2.072628,30.204381,,http://www.worldpop.org.uk/data/summary?doi=10.5258/SOTON/WP00539,2374.0,22797.0,,0.0,,0.0,,0.0,,0.0,,0.0,,,11/30/18,,,,,,,,,POINT (522734.5787069366 4770841.107842632),170.99,788.24,2602.07,5215.06,8163.91,181.17,854.17,2671.61,5307.14,8363.24
006f100000a86CtAAI,1007331,Rwanda,Rwanda - Nyamigende - 1007331,Rejected,,12/31/18,Eastern Province,Bugesera,Juru,,Nyamigende,Akagera,,,Project Assessment - 2018.5.14,-2.095311,30.245678,,http://www.worldpop.org.uk/data/summary?doi=10.5258/SOTON/WP00539,2731.0,23155.0,Nyamigende,1000.0,Bisagara,985.0,Kamashaza,980.0,Nduhuye,750.0,,0.0,,,5/14/18,,,,,,,,,POINT (527327.9375039253 4768332.493393436),293.97,1015.63,2453.82,4588.29,6634.75,293.41,994.41,2386.89,4515.65,6744.7
006f100000a86CtAAI,1007331,Rwanda,Rwanda - Nyamigende - 1007331,Rejected,,12/31/18,Eastern Province,Bugesera,Juru,,Nyamigende,Akagera,,,Project Assessment - 2018.11.30,-2.095311,30.245678,,http://www.worldpop.org.uk/data/summary?doi=10.5258/SOTON/WP00539,2731.0,23155.0,Juru,6000.0,Nyakariro,0.0,,0.0,,0.0,,0.0,,,11/30/18,,,,,,,,,POINT (527327.9375039253 4768332.493393436),293.97,1015.63,2453.82,4588.29,6634.75,293.41,994.41,2386.89,4515.65,6744.7
006f100000efEkkAAE,1014568,Rwanda,Rwanda - Nyirarukobwa - 1014568,Rejected,Technical,12/2/18,Eastern Province,Bugesera,Ntarama-Nyamata,Kanzenze-Kayumba(Cyeru-Karambi),Nyirarukobwa,Muzi,,,Project Assessment - 2018.11.29,-2.10574,30.087112,,http://www.worldpop.org.uk/data/summary?doi=10.5258/SOTON/WP00539,1585.0,17920.0,Kanzenze,6500.0,Kayumba,6200.0,,0.0,,0.0,,0.0,,,11/29/18,,,,,,,,,POINT (509689.79355743906 4767181.285531723),422.68,1630.72,4878.15,9240.93,12569.77,412.65,1660.69,4881.4,9388.53,12727.79
006f100000efEkpAAE,1014569,Rwanda,Rwanda - Kibaza - 1014569,Rejected,Vehicular Bridge Required,12/31/18,Eastern Province,Bugesera,,,Kibaza,Kibaza,,,Project Assessment - 2018.11.29,-2.335418,30.05721,,http://www.worldpop.org.uk/data/summary?doi=10.5258/SOTON/WP00539,4708.0,29361.0,Kindama,55.0,,0.0,,0.0,,0.0,,0.0,,,11/29/18,,,,,,,,,POINT (506362.6983909781 4741787.104703067),854.17,2127.04,4616.17,9510.13,15799.49,865.75,2243.45,4796.1,9893.22,16069.88
006f100000efEkzAAE,1014570,Rwanda,Rwanda - Gatovu - 1014570,Rejected,Technical,11/30/18,Eastern Province,Bugesera,Ruhuha,Kindama(Gatovu),Gatovu,Gatovu,,,Project Assessment - 2018.11.29,-2.335818,30.075542,,http://www.worldpop.org.uk/data/summary?doi=10.5258/SOTON/WP00539,4973.0,30310.0,Kindama cell,7226.0,,0.0,,0.0,,0.0,,0.0,,,11/29/18,,,,,,,,,POINT (508401.5187115931 4741742.782391999),620.34,1615.46,4912.45,9446.86,14908.09,621.14,1623.23,5135.44,9645.08,15340.68
006f100000efEl9AAE,1014571,Rwanda,Rwanda - Gatanga - 1014571,Rejected,Technical,12/2/18,Eastern Province,Bugesera,Ruhuha,Kindama-Gatanga(Kibaza-Kibaza),Gatanga,Kadogori,,,Project Assessment - 2018.11.29,-2.32955,30.056882,,http://www.worldpop.org.uk/data/summary?doi=10.5258/SOTON/WP00539,4969.0,30792.0,Kindama cell,7224.0,Gatanga cell,6580.0,,0.0,,0.0,,0.0,,,11/29/18,,,,,,,,,POINT (506326.2455672127 4742435.9022603985),1079.45,2556.66,6294.19,12776.41,18131.59,1079.45,2596.69,6441.73,12996.65,18513.44
006f100000efHARAA2,1014596,Rwanda,Rwanda - Rugarama/mbonwa - 1014596,Rejected,Technical,11/30/18,Eastern Province,Bugesera,Musenyi,Nyagihunika/rugarama,Rugarama/mbonwa,Ruhurura,,,Project Assessment - 2018.11.30,-2.22306,30.056,,http://www.worldpop.org.uk/data/summary?doi=10.5258/SOTON/WP00539,3913.0,26683.0,Rugarama,890.0,Mbonwa,1235.0,,0.0,,0.0,,0.0,,,11/30/18,,,,,,,,,POINT (506228.60921200406 4754209.975507347),695.88,2090.18,4785.97,7792.4,12332.06,695.88,2135.79,4708.58,7803.24,12481.09
006f100000efHAbAAM,1014598,Rwanda,Rwanda - Nyakajuri - 1014598,Rejected,Technical,11/30/18,Eastern Province,Bugesera,Musenyi,Nyagihunika/rugarama,Nyakajuri,Nyakajuri,,,Project Assessment - 2018.11.30,-2.20524,30.07864,,http://www.worldpop.org.uk/data/summary?doi=10.5258/SOTON/WP00539,4424.0,21354.0,Rugarama,960.0,,0.0,,0.0,,0.0,,0.0,,,11/30/18,,,,,,,,,POINT (508746.852772434 4756180.128684924),1807.29,4055.79,6751.64,9862.04,11412.58,1827.56,4048.47,6698.84,9905.86,11475.26
006f100000efHAgAAM,1014599,Rwanda,Rwanda - Nyakajuri - 1014599,Rejected,Vehicular Bridge Required,11/30/18,Eastern Province,Bugesera,Musenyi,Nyagihinika/nyakajuri,Nyakajuri,,,,Project Assessment - 2018.11.30,-2.22393,30.07617,,http://www.worldpop.org.uk/data/summary?doi=10.5258/SOTON/WP00539,4362.0,25105.0,Nyakajuri,908.0,,0.0,,0.0,,0.0,,0.0,,,11/30/18,,,,,,,,,POINT (508472.01696948474 4754113.683596866),1103.99,2612.49,4499.57,7579.11,12239.52,1155.86,2605.56,4502.95,7757.57,12264.57
006f100000efHAlAAM,1014600,Rwanda,Rwanda - Nyabaranga - 1014600,Rejected,Vehicular Bridge Required,11/30/18,Eastern Province,Bugesera,Ruhuha,Ruhuha/nyaburanga,Nyabaranga,Gatare,,,Project Assessment - 2018.11.30,-2.29153,30.05912,,http://www.worldpop.org.uk/data/summary?doi=10.5258/SOTON/WP00539,5668.0,35095.0,Nyaburanga,568.0,,0.0,,0.0,,0.0,,0.0,,,11/30/18,,,,,,,,,POINT (506575.32417693833 4746639.576437255),857.99,3087.21,9144.99,14405.39,20112.26,850.12,3084.02,9212.16,14667.38,20687.12
006f100000efHHSAA2,1014618,Rwanda,Rwanda - Gahosha - 1014618,Rejected,Vehicular Bridge Required,11/30/18,Eastern Province,Bugesera,Shyara,Nziranzira,Gahosha,Rain storm water,,,Project Assessment - 2018.11.30,-2.248912,30.019451,,http://www.worldpop.org.uk/data/summary?doi=10.5258/SOTON/WP00539,5278.0,28889.0,Gahosha,550.0,,0.0,,0.0,,0.0,,0.0,,,11/30/18,,,,,,,,,POINT (502163.4025118606 4751351.755156562),1301.71,3545.09,5897.4,8769.34,13437.87,1323.1,3580.84,6007.59,8971.74,13670.13
006f100000efHIuAAM,1014619,Rwanda,Rwanda - Kinteko - 1014619,Rejected,Technical,12/2/18,Eastern Province,Bugesera,Shyara,Kabagugu,Kinteko,Nyiramagori,,,Project Assessment - 2018.11.30,-2.261622,29.988408,,http://www.worldpop.org.uk/data/summary?doi=10.5258/SOTON/WP00539,4239.0,26601.0,Kintenko,289.0,Ngaruye,475.0,Kabagugu,621.0,Gaseke,500.0,,0.0,,,11/30/18,,,,,,,,,POINT (498710.7118408719 4749946.484062027),1516.2,3762.04,5457.87,8639.66,13328.66,1538.65,3777.2,5487.73,8656.45,13269.58
006f100000a86CuAAI,1007332,Rwanda,Rwanda - Bugambo - 1007332,Rejected,Technical,11/5/18,Northern Province,Burera,Kinyababa,Bugambo,Bugambo,Kabwa,,,Project Assessment - 2018.9.16,-1.377,29.80729,,http://www.worldpop.org.uk/data/summary?doi=10.5258/SOTON/WP00539,8263.0,43244.0,Gatare,700.0,Kabingo,764.0,Kirwa,428.0,,0.0,,0.0,,,9/16/18,,,,,,,,,POINT (478555.8785240218 4847753.287346925),2660.66,4364.85,6723.78,9829.85,13473.52,2748.78,4434.83,6771.97,9972.7,13703.42
006f100000a86CwAAI,1007334,Rwanda,Rwanda - Karambi - 1007334,Rejected,Vehicular Bridge Required,10/31/18,Northern Province,Burera,Kinyababa,Bugamba,Karambi,Rutare,,,Project Assessment - 2018.9.16,-1.39214,29.81063,,http://www.worldpop.org.uk/data/summary?doi=10.5258/SOTON/WP00539,8366.0,44323.0,Cyogo,515.0,Kirwa,428.0,Gako,630.0,,0.0,,0.0,,,9/16/18,,,,,,,,,POINT (478927.6775623445 4846079.370992681),1615.2,3263.7,6311.94,10336.44,15147.85,1673.56,3268.99,6364.5,10394.23,15267.91
006f100000a86CxAAI,1007335,Rwanda,Rwanda - Musangabo - 1007335,Rejected,Vehicular Bridge Required,10/31/18,Northern Province,Burera,Kagogo,Kirinda,Musangabo,Kagezi,,,Project Assessment - 2018.9.16,-1.38223,29.77727,,http://www.worldpop.org.uk/data/summary?doi=10.5258/SOTON/WP00539,8284.0,46877.0,Musangamo,601.0,Kiligali,652.0,,0.0,,0.0,,0.0,,,9/16/18,,,,,,,,,POINT (475215.3921038709 4847174.742921195),2838.82,5010.93,8582.06,13441.83,19036.09,2938.43,5107.83,8876.68,13709.14,19392.94
006f100000a86CyAAI,1007336,Rwanda,Rwanda - Rugezi - 1007336,Rejected,Technical,11/1/18,Northern Province,Burera,Kivuye,Bukwashuli,Rugezi,Rugezi,,,Project Assessment - 2018.9.28,-1.48563,29.88871,,http://www.worldpop.org.uk/data/summary?doi=10.5258/SOTON/WP00539,4497.0,29613.0,Gitovu,432.0,Kabaya,0.0,Rugezi,0.0,,0.0,,0.0,,,9/28/18,,,,,,,,,POINT (487616.62100583414 4835743.284467642),163.14,650.41,2064.46,4644.56,7259.95,168.64,667.52,2129.05,4778.51,7397.97
006f100000d6wFbAAI,1012972,Rwanda,Rwanda - Ku mashuri ya Rushara - 1012972,Rejected,Technical,11/13/18,Northern Province,Burera,Nemba,Nyamugali (Kagihanga),Ku mashuri ya Rushara,,,,Project Assessment - 2018.8.25,-1.55437,29.85284,,http://www.worldpop.org.uk/data/summary?doi=10.5258/SOTON/WP00539,6426.0,40765.0,Kagihanga,753.0,Mugomero,616.0,Karyango,900.0,Bugondo,520.0,,0.0,,,8/25/18,,,,,,,,,POINT (483625.8308109605 4828142.856537202),1766.99,3502.21,5931.16,8886.39,12486.9,1806.32,3591.39,6111.12,8977.38,12617.71
006f100000d6wGEAAY,1012973,Rwanda,Rwanda - Mukigogo - 1012973,Rejected,Technical,11/15/18,Northern Province,Burera,Nemba,Nyamugali (karyango),Mukigogo,,,,Project Assessment - 2018.8.25,-1.56439,29.85781,,http://www.worldpop.org.uk/data/summary?doi=10.5258/SOTON/WP00539,6075.0,39897.0,Karyango,900.0,Nyagahondo,652.0,Bugondo,520.0,Kagesera,794.0,,0.0,,,8/25/18,,,,,,,,,POINT (484178.90774738166 4827035.039298395),1907.15,3529.6,5737.09,8467.45,12266.48,1957.36,3622.66,5851.04,8584.02,12417.96
006f100000d6wGdAAI,1012974,Rwanda,Rwanda - Ryaruhirima - 1012974,Rejected,Technical,11/15/18,Northern Province,Burera,Nemba,Nyamugali (Ryaruhirima),Ryaruhirima,,,,Project Assessment - 2018.8.25,-1.54643,29.84546,,http://www.worldpop.org.uk/data/summary?doi=10.5258/SOTON/WP00539,6850.0,43492.0,Ryaruhirima,982.0,Kagihanga,753.0,Ntazi,0.0,Mugonero,616.0,,0.0,,,8/25/18,,,,,,,,,POINT (482804.6084405653 4829020.679509774),1590.92,3653.97,5655.16,8166.33,11661.42,1664.02,3681.08,5692.75,8305.62,11713.66
006f100000d6wGnAAI,1012975,Rwanda,Rwanda - Musave - 1012975,Rejected,Technical,11/13/18,Northern Province,Burera,Nemba,Nyamugali(Karyango),Musave,,,,Project Assessment - 2018.8.25,-1.55797,29.86744,,http://www.worldpop.org.uk/data/summary?doi=10.5258/SOTON/WP00539,6454.0,36967.0,Karyango,900.0,Nyagahondo,652.0,Cyarurenge,420.0,,0.0,,0.0,,,8/25/18,,,,,,,,,POINT (485250.36874811625 4827744.932498046),1276.74,2480.86,5961.58,8665.04,12539.85,1305.78,2561.79,6137.87,8776.46,12781.42
006f100000d6wHbAAI,1012976,Rwanda,Rwanda - Kirwa - 1012976,Rejected,Technical,11/11/18,Northern Province,Burera,Nemba,Nyamugali (Shorezo),Kirwa,,,,Project Assessment - 2018.8.25,-1.57513,29.87746,,http://www.worldpop.org.uk/data/summary?doi=10.5258/SOTON/WP00539,6457.0,38192.0,Shorezo,673.0,Kanyaru,896.0,Bigarigari,530.0,Nyiraruhuha,786.0,,0.0,,,8/25/18,,,,,,,,,POINT (486365.3826741442 4825847.716550327),1550.98,3409.85,7076.39,9437.03,12818.07,1599.69,3488.34,7147.19,9601.18,13049.68
006f100000d6wHlAAI,1012977,Rwanda,Rwanda - Ku mashuri ya rubona - 1012977,Rejected,Technical,11/15/18,Northern Province,Burera,Nemba,Nyiraruhuha,Ku mashuri ya rubona,,,,Project Assessment - 2018.8.25,-1.58122,29.88095,,http://www.worldpop.org.uk/data/summary?doi=10.5258/SOTON/WP00539,6490.0,38978.0,Nyiraruhuha,786.0,Shorezo,673.0,Kanyaru,896.0,Ngongwe,345.0,,0.0,,,8/25/18,,,,,,,,,POINT (486753.74244219955 4825174.402464647),1633.01,3513.63,6506.45,9711.75,13889.07,1713.69,3566.08,6580.43,9760.19,13886.99
006f100000d75zFAAQ,1013222,Rwanda,Rwanda - Kiziba - 1013222,Complete,In Service,12/13/24,Northern Province,Burera,Rugengabari,Nyanamo ( Kiziba),Kiziba,Nyamusanze,Rwanda Full Scale Research - Randomized but Not Baselined,,Project Assessment - 2018.9.2,-1.55473,29.83253,,http://www.worldpop.org.uk/data/summary?doi=10.5258/SOTON/WP00539,6274.0,48005.0,Kiziba,864.0,Bishingwe,436.0,Kabukoko,450.0,Ntazi,580.0,Mugonero,616.0,,,9/2/18,,,,,,,,,POINT (481365.9789077533 4828102.885004363),1393.94,2921.45,4941.85,8703.56,12379.04,1395.03,2980.64,5020.13,8725.21,12437.89
006f100000d75zKAAQ,1013223,Rwanda,Rwanda - Gafuro ya 2 - 1013223,Rejected,Technical,11/15/18,Northern Province,Burera,Cyeru,Rurenge (Rugarama),Gafuro ya 2,Cyeru,,,Project Assessment - 2018.9.2,-1.51139,29.81161,,http://www.worldpop.org.uk/data/summary?doi=10.5258/SOTON/WP00539,7406.0,49016.0,Rugarama,555.0,Musama,522.0,Mubuga,517.0,,0.0,,0.0,,,9/2/18,,,,,,,,,POINT (479037.82671120827 4832894.559244362),591.94,1901.6,3929.45,6682.37,10445.44,600.47,1887.15,3979.42,6696.81,10493.3
006f100000d75zeAAA,1013227,Rwanda,Rwanda - Gafuro ya 1 - 1013227,Rejected,Technical,11/11/18,Northern Province,Burera,Cyeru,Butare ( Musama),Gafuro ya 1,Karuruma,,,Project Assessment - 2018.9.2,-1.51287,29.8126,,http://www.worldpop.org.uk/data/summary?doi=10.5258/SOTON/WP00539,7621.0,49414.0,Musama,522.0,Mubuga,517.0,Rugarama,555.0,,0.0,,0.0,,,9/2/18,,,,,,,,,POINT (479147.99862519634 4832730.933185231),615.0,2077.74,3992.99,6856.43,10784.75,628.54,2058.22,4074.04,6860.57,10858.4
006f100000d75zjAAA,1013228,Rwanda,Rwanda - Ku gatare - 1013228,Rejected,Technical,11/11/18,Northern Province,Burera,Nemba,Rubona,Ku gatare,Nyamihogo,,,Project Assessment - 2018.9.2,-1.55931,29.88196,,http://www.worldpop.org.uk/data/summary?doi=10.5258/SOTON/WP00539,6213.0,34887.0,Rebero,460.0,Cyabarenge,445.0,Kinkware,827.0,Buhore,763.0,Kanyaru,895.0,,,9/2/18,,,,,,,,,POINT (486865.98484383425 4827596.872429867),1034.65,2772.64,6327.98,9395.18,12332.36,1057.34,2807.18,6474.01,9535.3,12614.51
006f100000d75zoAAA,1013229,Rwanda,Rwanda - Kwa magorwa - 1013229,Rejected,Technical,9/13/18,Northern Province,Burera,Nemba,Rubona,Kwa magorwa,Nyamakoma,,,Project Assessment - 2018.9.2,-1.59194,29.89186,,http://www.worldpop.org.uk/data/summary?doi=10.5258/SOTON/WP00539,6676.0,41986.0,Ngongwe,343.0,Nyantwere,410.0,Cyabami,956.0,,0.0,,0.0,,,9/2/18,,,,,,,,,POINT (487967.721651613 4823989.219928688),971.83,2924.35,6553.35,11593.18,14887.64,978.9,2906.47,6494.76,11640.42,15047.98
006f100000d75ztAAA,1013230,Rwanda,Rwanda - Kwa mizerero - 1013230,Rejected,Technical,11/10/18,Northern Province,Burera,Nemba,Rubona,Kwa mizerero,Kanina,,,Project Assessment - 2018.9.2,-1.605,29.89527,,http://www.worldpop.org.uk/data/summary?doi=10.5258/SOTON/WP00539,7879.0,44773.0,Butunda,380.0,Kadehero,658.0,Rugaragara,560.0,,0.0,,0.0,,,9/2/18,,,,,,,,,POINT (488347.21192151617 4822545.270169743),2007.33,4457.6,7070.37,11361.39,15719.11,2018.12,4486.75,7156.57,11506.19,15973.15
006f100000d7603AAA,1013232,Rwanda,Rwanda - Kwa mudahindwa - 1013232,Rejected,Technical,11/11/18,Northern Province,Burera,Nemba,Rubona,Kwa mudahindwa,Ruhurura,,,Project Assessment - 2018.9.2,-1.59537,29.89217,,http://www.worldpop.org.uk/data/summary?doi=10.5258/SOTON/WP00539,7131.0,42605.0,Nyantwere,410.0,Cyabami,956.0,Ngongwe,343.0,,0.0,,0.0,,,9/2/18,,,,,,,,,POINT (488002.23392467626 4823609.986275131),1181.69,3263.87,7343.88,11181.36,15079.09,1183.79,3272.11,7443.96,11299.73,15251.5
006f100000d7608AAA,1013233,Rwanda,Rwanda - Cyabami (Kwa Anamariya) - 1013233,Complete,In Service,9/8/22,Northern Province,Burera,Nemba,Kadehero,Cyabami (Kwa Anamariya),Ruhurura,Rwanda Full Scale Research - Randomized and Baselined - Intervention,,Project Assessment - 2018.9.2,-1.60834,29.8911,,http://www.worldpop.org.uk/data/summary?doi=10.5258/SOTON/WP00539,8188.0,44688.0,Cyabami,956.0,Rugaragara,560.0,Butunda,380.0,Kadehero,658.0,,0.0,,,9/2/18,,,,,,,,,POINT (487883.2558158966 4822175.961207659),3033.33,5070.22,7327.61,10884.46,15812.23,3070.98,5106.93,7381.9,11012.2,15999.63
006f100000d760DAAQ,1013234,Rwanda,Rwanda - Cyabami (kwa jerome) - 1013234,Rejected,Technical,11/10/18,Northern Province,Burera,Nemba,Rubona,Cyabami (kwa jerome),Ruhurura,,,Project Assessment - 2018.9.2,-1.60203,29.89157,,http://www.worldpop.org.uk/data/summary?doi=10.5258/SOTON/WP00539,7750.0,43856.0,Cyabami,956.0,Kadehoro,658.0,Butunda,380.0,,0.0,,0.0,,,9/2/18,,,,,,,,,POINT (487935.5133827122 4822873.624652284),2047.0,4742.24,7191.45,10718.09,14958.58,2057.53,4765.19,7229.95,10833.09,15117.3
006f100000d760IAAQ,1013235,Rwanda,Rwanda - Kwa Sibomana - 1013235,Rejected,Technical,11/16/18,Northern Province,Burera,Nemba,Kivumu (Songorero),Kwa Sibomana,Mugobore,,,Project Assessment - 2018.9.2,-1.59993,29.85702,,http://www.worldpop.org.uk/data/summary?doi=10.5258/SOTON/WP00539,6592.0,43042.0,Songorero,970.0,Gasanzwe,432.0,Buhira,617.0,Buturuba,830.0,Cyave,910.0,,,9/2/18,,,,,,,,,POINT (484091.27717004693 4823105.574164816),1714.6,2977.6,5082.32,8115.47,12656.23,1734.3,3050.78,5096.03,8192.58,12805.91
006f100000d760NAAQ,1013236,Rwanda,Rwanda - Rugarama - 1013236,Rejected,Technical,11/11/18,Northern Province,Burera,Nemba,Kivumu (Songorero),Rugarama,Mugobore,,,Project Assessment - 2018.9.2,-1.59631,29.85719,,http://www.worldpop.org.uk/data/summary?doi=10.5258/SOTON/WP00539,6370.0,42866.0,Songorero,970.0,Gasanzwe,432.0,Buhira,617.0,Mugano,1035.0,,0.0,,,9/2/18,,,,,,,,,POINT (484110.16450042283 4823505.818708187),1717.76,2984.08,4945.42,8174.42,12605.29,1751.47,3034.46,4966.82,8265.4,12815.0
006f100000d760SAAQ,1013237,Rwanda,Rwanda - Kwa mvunabandi - 1013237,Rejected,Technical,11/13/18,Northern Province,Burera,Nemba,Kivumu,Kwa mvunabandi,Mugobore,,,Project Assessment - 2018.9.2,-1.61204,29.86299,,http://www.worldpop.org.uk/data/summary?doi=10.5258/SOTON/WP00539,7067.0,43650.0,Mugano,1035.0,Rubuga,586.0,Buturuba,830.0,Songorero,970.0,Gashushura-Kigeyo-Nyamusanze,2000.0,,,9/2/18,,,,,,,,,POINT (484755.6224717792 4821766.684497313),1382.06,2968.02,5303.98,9355.08,14176.84,1465.02,2999.98,5398.9,9569.53,14437.0
006f100000d760XAAQ,1013238,Rwanda,Rwanda - Kwa Rwanziye - 1013238,Rejected,Technical,11/16/18,Northern Province,Burera,Nemba,Kivumu,Kwa Rwanziye,Mugobore,,,Project Assessment - 2018.9.2,-1.60708,29.85897,,http://www.worldpop.org.uk/data/summary?doi=10.5258/SOTON/WP00539,6941.0,43283.0,Mugano,1035.0,Buturuba,830.0,Rubuga,586.0,,0.0,,0.0,,,9/2/18,,,,,,,,,POINT (484308.29953867994 4822315.053544366),1567.02,3012.06,5188.15,8535.16,13861.3,1615.37,3081.11,5309.4,8671.49,13991.56
006f100000d760cAAA,1013239,Rwanda,Rwanda - Kigeyo ya 2 - 1013239,Rejected,Technical,11/11/18,Northern Province,Burera,Nemba,Kivumu (Kigeyo),Kigeyo ya 2,Muhondo,,,Project Assessment - 2018.9.2,-1.5999,29.88097,,http://www.worldpop.org.uk/data/summary?doi=10.5258/SOTON/WP00539,7814.0,42167.0,Kigeyo,776.0,Muhondo,1200.0,Songorero,976.0,,0.0,,0.0,,,9/2/18,,,,,,,,,POINT (486756.0868683867 4823109.061214052),2280.66,4923.36,7524.74,10095.16,14035.54,2310.67,4987.19,7560.62,10224.36,14253.63
006f100000d760hAAA,1013240,Rwanda,Rwanda - Kabubandi (Kwa mutayumba) - 1013240,Rejected,Technical,11/15/18,Northern Province,Burera,Nemba,Kivumu,Kabubandi (Kwa mutayumba),Mugobore,,,Project Assessment - 2018.9.2,-1.6032,29.85826,,http://www.worldpop.org.uk/data/summary?doi=10.5258/SOTON/WP00539,6807.0,43139.0,Mugano,1035.0,Songorero,970.0,Buturuba,830.0,Buhira,617.0,Gasanzwe,432.0,,,9/2/18,,,,,,,,,POINT (484229.2715126152 4822744.038064042),1700.47,2979.98,5216.52,8316.07,13240.38,1699.5,3039.01,5307.72,8397.39,13394.93
006f100000d760mAAA,1013241,Rwanda,Rwanda - Nyamusanze - 1013241,Rejected,Technical,11/12/18,Northern Province,Burera,Nemba,Kigali ( Nyamusanze),Nyamusanze,Muhondo,,,Project Assessment - 2018.9.2,-1.758679,29.8733,,http://www.worldpop.org.uk/data/summary?doi=10.5258/SOTON/WP00539,5841.0,38082.0,Nyamusanze,813.0,Kigeyo,776.0,Muhondo,1200.0,,0.0,,0.0,,,9/2/18,,,,,,,,,POINT (485903.81801071507 4805553.698228785),1206.57,2703.04,4766.01,7361.15,10544.04,1232.07,2732.51,4836.68,7442.98,10732.71
006f100000d760rAAA,1013242,Rwanda,Rwanda - Kwa nshoboye - 1013242,Rejected,Technical,11/12/18,Northern Province,Burera,Nemba,Kivumu (Kigeyo),Kwa nshoboye,Muhondo,,,Project Assessment - 2018.9.2,-1.59526,29.87748,,http://www.worldpop.org.uk/data/summary?doi=10.5258/SOTON/WP00539,7412.0,41693.0,Kigeyo,776.0,Muhondo,1200.0,Songorero,976.0,,0.0,,0.0,,,9/2/18,,,,,,,,,POINT (486367.73966925335 4823622.056876834),1732.79,3910.07,6981.11,10256.68,14744.03,1783.26,3850.79,7043.68,10280.18,14880.37
006f100000d760wAAA,1013243,Rwanda,Rwanda - Kwa Rucagu - 1013243,Rejected,Technical,11/30/18,Northern Province,Burera,Nemba,Ruhondo,Kwa Rucagu,Kibumbiro,,,Project Pre-Assessment - 2018.9.2,-1.59855,29.89346,,http://www.worldpop.org.uk/data/summary?doi=10.5258/SOTON/WP00539,7369.0,43420.0,Nyantwere,410.0,Bukenyeye,545.0,,0.0,,0.0,,0.0,,,9/2/18,,,,,,,,,POINT (488145.7848931978 4823258.399363218),1565.91,3648.74,7245.55,10927.49,15523.42,1547.06,3586.32,7346.17,11057.72,15668.92
006f100000d7611AAA,1013244,Rwanda,Rwanda - Mubarame - 1013244,Rejected,Technical,11/30/18,Northern Province,Burera,Nemba,Kivumu(Songorero),Mubarame,Mubarame,,,Project Pre-Assessment - 2018.9.2,-1.58391,29.85683,,http://www.worldpop.org.uk/data/summary?doi=10.5258/SOTON/WP00539,5845.0,42007.0,Songorero,970.0,,0.0,,0.0,,0.0,,0.0,,,9/2/18,,,,,,,,,POINT (484070.0137488989 4824876.81473465),1059.14,2816.09,5274.99,8661.59,12466.93,1085.22,2807.28,5315.77,8781.46,12616.1
006f100000d7616AAA,1013245,Rwanda,Rwanda - Kigeyo ya 1 (Butambi) - 1013245,Rejected,Technical,12/31/18,Northern Province,Burera,Nemba,Kivumu (Kigeyo),Kigeyo ya 1 (Butambi),Muhondo,,,Project Pre-Assessment - 2018.9.2,-1.60154,29.88182,,http://www.worldpop.org.uk/data/summary?doi=10.5258/SOTON/WP00539,7962.0,42558.0,Kigeyo,776.0,Muhondo,1200.0,,0.0,,0.0,,0.0,,,9/2/18,,,,,,,,,POINT (486850.67298823886 4822927.741193442),2652.76,5139.59,7421.74,10165.96,14141.84,2636.64,5214.89,7499.75,10297.92,14413.81
006f100000d761BAAQ,1013246,Rwanda,Rwanda - Kidomo - 1013246,Rejected,Technical,12/12/18,Northern Province,Burera,Nemba,Rushara (Cyave),Kidomo,Nyamusanze,,,Project Assessment - 2018.9.2,-1.56507,29.83916,,http://www.worldpop.org.uk/data/summary?doi=10.5258/SOTON/WP00539,6126.0,44431.0,Cyave,910.0,Kidomo,480.0,Nyabitare,557.0,Rwata,865.0,,0.0,,,9/2/18,,,,,,,,,POINT (482103.77387718734 4826959.705636075),1345.05,3371.2,5900.88,8827.27,12679.0,1355.74,3426.41,6050.11,8968.68,12897.96
006f100000d761BAAQ,1013246,Rwanda,Rwanda - Kidomo - 1013246,Rejected,Technical,12/12/18,Northern Province,Burera,Nemba,Rushara (Cyave),Kidomo,Nyamusanze,,,Project Assessment - 2018.12.12,-1.56507,29.83916,,http://www.worldpop.org.uk/data/summary?doi=10.5258/SOTON/WP00539,6126.0,44431.0,,0.0,,0.0,,0.0,,0.0,,0.0,,,12/12/18,,,,,,,,,POINT (482103.77387718734 4826959.705636075),1345.05,3371.2,5900.88,8827.27,12679.0,1355.74,3426.41,6050.11,8968.68,12897.96
006f100000d7EPzAAM,1013316,Rwanda,Rwanda - Zihare - 1013316,Rejected,Technical,11/10/18,Northern Province,Burera,Gatebe -Bungwe,Gabiro - Zihare,Zihare,Ruhurura,,,Project Assessment - 2018.9.9,-1.50342,29.95362,,http://www.worldpop.org.uk/data/summary?doi=10.5258/SOTON/WP00539,8801.0,45886.0,Zihare,299.0,Buzaniro,348.0,Kajerijeri,623.0,Tumba,799.0,"Mutungo, Gitaba, Nyakabingo,Kagano",2800.0,,,9/9/18,,,,,,,,,POINT (494839.2829886615 4833776.608379433),962.04,2848.33,6410.22,12063.8,17027.45,1088.63,2940.38,6709.43,12479.25,17367.94
006f100000d7EQ9AAM,1013317,Rwanda,Rwanda - Buzaniro - 1013317,Rejected,Technical,11/13/18,Northern Province,Burera,Bungwe,Mudugali,Buzaniro,Ruhurura,,,Project Assessment - 2018.9.9,-1.50145,29.95181,,http://www.worldpop.org.uk/data/summary?doi=10.5258/SOTON/WP00539,8751.0,44440.0,Zihare,299.0,Kivumu,305.0,Buzaniro,348.0,Buzaniro,482.0,,0.0,,,9/9/18,,,,,,,,,POINT (494637.87887612643 4833994.415139893),887.25,2810.68,6737.79,11869.51,17254.13,894.27,2902.85,6913.09,12179.95,17687.08
006f100000d7EQEAA2,1013318,Rwanda,Rwanda - Kwa musakiranya - 1013318,Rejected,Technical,9/14/18,Northern Province,Burera,Gatebe,Musenda,Kwa musakiranya,Rukopfu,,,Project Assessment - 2018.9.9,-1.56761,29.99711,,http://www.worldpop.org.uk/data/summary?doi=10.5258/SOTON/WP00539,8486.0,49625.0,Bikumba,1400.0,Rurambi,567.0,Nyagafunzo,840.0,Muremure,576.0,Kabuga,0.0,,,9/9/18,,,,,,,,,POINT (499678.43842976895 4826679.558790581),2094.71,4416.68,7562.66,12878.32,19421.98,2134.8,4528.3,7680.82,13200.89,19569.44
006f100000d7EQOAA2,1013319,Rwanda,Rwanda - Kivumo - 1013319,Rejected,Technical,11/15/18,Northern Province,Burera,Bungwe,Mudugali,Kivumo,Ruhoga,,,Project Assessment - 2018.9.9,-1.49022,29.95422,,http://www.worldpop.org.uk/data/summary?doi=10.5258/SOTON/WP00539,7916.0,41091.0,Kivumo,305.0,Rubayo,525.0,Sangabuzi,375.0,,0.0,,0.0,,,9/9/18,,,,,,,,,POINT (494906.0147288683 4835236.054738978),1325.4,2899.45,6064.58,10823.06,16351.28,1353.13,3044.89,6018.71,10845.07,16832.68
006f100000d7EQdAAM,1013320,Rwanda,Rwanda - Rusuzuma - 1013320,Rejected,Technical,11/12/18,Northern Province,Burera,Gitovu,Mariba,Rusuzuma,Cyeru,,,Project Assessment - 2018.9.9,-1.49763,29.80603,,http://www.worldpop.org.uk/data/summary?doi=10.5258/SOTON/WP00539,6703.0,43084.0,Rusuzuma,452.0,Burabwa,865.0,Bitagara,274.0,Kiboga,418.0,"Runyenyeli, Buhemba and Mariba",1871.0,,,9/9/18,,,,,,,,,POINT (478416.80199872266 4834415.873781975),779.04,1620.34,2833.89,5042.68,8876.77,789.32,1721.86,2899.23,5144.4,9035.2
006f100000d7EQxAAM,1013321,Rwanda,Rwanda - Kwa moja - 1013321,Rejected,Technical,11/5/18,Northern Province,Burera,Gitovu,Runoga ( Kiraro ),Kwa moja,Murindi,,,Project Assessment - 2018.9.9,-1.52521,29.78268,,http://www.worldpop.org.uk/data/summary?doi=10.5258/SOTON/WP00539,8970.0,48638.0,Kiraro,638.0,Musekera,828.0,Remya,720.0,Bushima,720.0,Mutungo and Gatenga,1421.0,,,9/9/18,,,,,,,,,POINT (475818.9219259615 4831366.253138641),2549.88,5191.3,8393.27,12704.35,17210.98,2515.46,5246.2,8426.81,12837.24,17424.9
006f100000d7ER7AAM,1013322,Rwanda,Rwanda - Mushubi - 1013322,Rejected,Technical,11/10/18,Northern Province,Burera,Rwerere,Kigali (Mushubi),Mushubi,Nyirabirande,,,Project Assessment - 2018.9.9,-1.52982,29.85156,,http://www.worldpop.org.uk/data/summary?doi=10.5258/SOTON/WP00539,7418.0,41969.0,Mushubi,476.0,Gacyamo,890.0,Butare,950.0,Ryaruhirima,982.0,"Murambi, Gatovu, Mucaca, Ntazi, Kirambo",3268.0,,,9/9/18,,,,,,,,,POINT (483483.2184618934 4830857.202480502),990.16,3021.83,5278.27,7546.06,10985.19,1011.83,3051.17,5340.56,7697.54,11127.74
006f100000d7ERlAAM,1013323,Rwanda,Rwanda - Tangata - 1013323,Rejected,Technical,11/11/18,Northern Province,Burera,Rwerere,Rugali,Tangata,Kara,,,Project Assessment - 2018.9.9,-1.51042,29.8463,,http://www.worldpop.org.uk/data/summary?doi=10.5258/SOTON/WP00539,7525.0,44303.0,Tangata,700.0,Butare,950.0,Gacyamo,890.0,Kirambo,975.0,Mushubi,476.0,,,9/9/18,,,,,,,,,POINT (482897.78909672593 4833002.110634955),1562.04,3631.21,6018.26,9786.92,13867.25,1582.58,3653.4,6096.0,9928.36,13945.96
006f100000d7ERvAAM,1013324,Rwanda,Rwanda - Burindwa - 1013324,Rejected,Technical,11/13/18,Northern Province,Burera,Rwerere,Rugali,Burindwa,Kamirabageni,,,Project Assessment - 2018.9.9,-1.50887,29.84577,,http://www.worldpop.org.uk/data/summary?doi=10.5258/SOTON/WP00539,7578.0,44536.0,Burindwa,698.0,Gacundura,1018.0,Moma,752.0,Butare,950.0,Kirambo,975.0,,,9/9/18,,,,,,,,,POINT (482838.80365937157 4833173.481264906),1574.62,3834.78,6398.56,10169.66,13985.58,1610.08,3825.13,6566.43,10255.45,14191.94
006f100000d7ESAAA2,1013325,Rwanda,Rwanda - Ruheka - 1013325,Rejected,Technical,11/12/18,Northern Province,Burera,Ruhunde,Gitovu ( kaverano),Ruheka,Nyamagana,,,Project Assessment - 2018.9.9,-1.59185,29.923,,http://www.worldpop.org.uk/data/summary?doi=10.5258/SOTON/WP00539,7507.0,47159.0,Kaberano,762.0,Kivumu,616.0,Genda,813.0,Nyabisasa,436.0,,0.0,,,9/9/18,,,,,,,,,POINT (491432.5392971008 4823999.326221053),1986.25,3991.92,6580.65,10098.18,15014.95,2013.95,4053.97,6669.17,10231.46,15308.28
006f100000d7ESPAA2,1013326,Rwanda,Rwanda - Kwa kabandwa - 1013326,Rejected,Technical,11/5/18,Northern Province,Burera,Gatebe,Musenda,Kwa kabandwa,Nyiragashiru,,,Project Assessment - 2018.9.9,-1.55462,29.98703,,http://www.worldpop.org.uk/data/summary?doi=10.5258/SOTON/WP00539,8716.0,49705.0,Kabuga,524.0,Bikumba,1400.0,Murambo,528.0,Gacyamo,342.0,Rwamazi,628.0,,,9/9/18,,,,,,,,,POINT (498556.8584092097 4828115.781491832),1805.81,4028.46,7112.07,11129.79,15492.19,1842.3,4087.39,7208.04,11503.5,16047.49
006f100000d7ESZAA2,1013327,Rwanda,Rwanda - Kwa Bizimana - 1013327,Rejected,Technical,11/5/18,Northern Province,Burera,Gatebe,Musama ( Bikumba-Muramba),Kwa Bizimana,Rukopfo,,,Project Assessment - 2018.9.9,-1.55547,29.98941,,http://www.worldpop.org.uk/data/summary?doi=10.5258/SOTON/WP00539,8809.0,50028.0,Bikumba,1400.0,Kabuga,524.0,Murambo,528.0,Rwamazi,628.0,Gacyamo,342.0,,,9/9/18,,,,,,,,,POINT (498821.675922212 4828021.803536737),1911.37,3874.78,7352.35,11651.61,16296.69,1965.62,3990.41,7439.4,12000.62,16823.62
006f100000d7ESjAAM,1013328,Rwanda,Rwanda - Kwa rangira - 1013328,Rejected,Vehicular Bridge Required,11/30/18,Northern Province,Burera,Ruhunde,Gitovu( Kaberano),Kwa rangira,Mumujebe,,,Project Pre-Assessment - 2018.9.9,-1.59045,29.93291,,http://www.worldpop.org.uk/data/summary?doi=10.5258/SOTON/WP00539,8243.0,47210.0,Kaberano,762.0,,0.0,,0.0,,0.0,,0.0,,,9/9/18,,,,,,,,,POINT (492535.17812730005 4824154.1545478115),1760.66,4206.12,7159.82,10904.84,15714.17,1769.19,4269.22,7322.4,11117.33,15935.42
006f100000d7ESoAAM,1013329,Rwanda,Rwanda - Rugarama - 1013329,Rejected,Vehicular Bridge Required,11/30/18,Northern Province,Burera,Gatebe,Rwasa,Rugarama,For rain,,,Project Pre-Assessment - 2018.9.9,-1.50973,29.92132,,http://www.worldpop.org.uk/data/summary?doi=10.5258/SOTON/WP00539,5700.0,32026.0,Rugarama,564.0,Rutovu,827.0,,0.0,,0.0,,0.0,,,9/9/18,,,,,,,,,POINT (491245.2753358339 4833078.846057842),1637.53,2432.41,4556.25,7885.52,10933.9,1727.01,2466.96,4788.58,8130.32,11134.69
006f100000d7EStAAM,1013330,Rwanda,Rwanda - Mu rubuye - 1013330,Rejected,Vehicular Bridge Required,11/30/18,Northern Province,Burera,Gitovu,Runoga (Gitwe),Mu rubuye,Gitwe,,,Project Pre-Assessment - 2018.9.9,-1.5145,29.79785,,http://www.worldpop.org.uk/data/summary?doi=10.5258/SOTON/WP00539,7593.0,46163.0,Gitwe,526.0,,0.0,,0.0,,0.0,,0.0,,,9/9/18,,,,,,,,,POINT (477506.776059439 4832550.565445409),1196.8,2478.52,5267.51,8616.29,12844.7,1273.78,2495.4,5069.53,8714.31,13016.24
006f100000d7Q8jAAE,1013484,Rwanda,Rwanda - Resume (kwa Frederick) - 1013484,Rejected,Technical,11/10/18,Northern Province,Burera,Kinyababa,Bugamba,Resume (kwa Frederick),Kabwa,,,Project Assessment - 2018.9.16,-1.37445,29.80846,,http://www.worldpop.org.uk/data/summary?doi=10.5258/SOTON/WP00539,8195.0,42731.0,Gatare,700.0,Gitoma,0.0,Kabingo,764.0,Kirwa,428.0,,0.0,,,9/16/18,,,,,,,,,POINT (478686.0500543186 4848035.237261093),2780.86,4382.07,7028.26,9979.01,13432.7,2859.35,4432.08,7139.83,10182.56,13731.02
006f100000d7Q98AAE,1013487,Rwanda,Rwanda - Karunga - 1013487,Rejected,Technical,11/10/18,Northern Province,Burera,Kinyababa,Bugamba,Karunga,Mahongora,,,Project Assessment - 2018.9.16,-1.38143,29.81682,,http://www.worldpop.org.uk/data/summary?doi=10.5258/SOTON/WP00539,8698.0,45773.0,Kabingo,764.0,Kirwa,428.0,Ndabizi,522.0,,0.0,,0.0,,,9/16/18,,,,,,,,,POINT (479616.3863315357 4847263.570517376),1917.67,4149.11,6763.31,9771.74,13625.72,1731.34,4135.82,6772.32,9861.83,13871.85
006f100000d7Q9DAAU,1013488,Rwanda,Rwanda - Ku mashuri ya GSNDM Carmel Gahunga - 1013488,Rejected,Technical,11/5/18,Northern Province,Burera,Gahunga,Kidakama,Ku mashuri ya GSNDM Carmel Gahunga,Nyabyungo,,,Project Assessment - 2018.9.16,-1.45014,29.67945,,http://www.worldpop.org.uk/data/summary?doi=10.5258/SOTON/WP00539,14835.0,67854.0,Mubuga,1017.0,Rusenyi,733.0,Bahenga,649.0,Kabindi,720.0,,0.0,,,9/16/18,,,,,,,,,POINT (464331.26935832994 4839664.98567004),6631.69,12304.29,21157.11,30046.04,40018.51,7093.38,13006.59,22101.71,30742.08,40704.99
006f100000d7Q9IAAU,1013489,Rwanda,Rwanda - Nyagatoki - 1013489,Rejected,Technical,11/14/18,Northern Province,Burera,Kinoni,Nkenke,Nyagatoki,Rususa,,,Project Assessment - 2018.9.16,-1.43466,29.6722,,http://www.worldpop.org.uk/data/summary?doi=10.5258/SOTON/WP00539,10607.0,58313.0,Nyagatoki,500.0,Buhoro,402.0,,0.0,,0.0,,0.0,,,9/16/18,,,,,,,,,POINT (463524.28100972465 4841376.427830288),5092.91,11086.0,18099.06,27571.31,36466.77,5199.37,11217.11,18026.86,28215.39,37148.03
006f100000d7Q9NAAU,1013490,Rwanda,Rwanda - Kwa Twagira - 1013490,Rejected,Vehicular Bridge Required,10/31/18,Northern Province,Burera,Kinoni,Ntaruka,Kwa Twagira,Shenyi,,,Project Assessment - 2018.9.16,-1.46467,29.74894,,http://www.worldpop.org.uk/data/summary?doi=10.5258/SOTON/WP00539,7395.0,33283.0,Shenyi,353.0,Kigina,773.0,Nyarubuye,393.0,,0.0,,0.0,,,9/16/18,,,,,,,,,POINT (472063.9027734865 4838059.452298512),1492.3,2884.96,3912.0,5502.74,6725.34,1513.27,2933.74,3960.99,5577.69,6846.57
006f100000d7Q9SAAU,1013491,Rwanda,Rwanda - Gasagara - 1013491,Prospecting,,12/31/25,Northern Province,Burera,Gahunga,Nyangwe-Gisizi,Gasagara,Nyabyungo,Rwanda Full Scale Research - Randomized but Not Baselined,,Project Assessment - 2018.9.16,-1.43466,29.6722,,http://www.worldpop.org.uk/data/summary?doi=10.5258/SOTON/WP00539,10607.0,58313.0,Gasagara,227.0,Nyagasozi,182.0,Gikoro,720.0,Kabagabo,503.0,Gisizi,720.0,,,9/16/18,,,,,,,,,POINT (463524.28100972465 4841376.427830288),5092.91,11086.0,18099.06,27571.31,36466.77,5199.37,11217.11,18026.86,28215.39,37148.03
006f100000d7Q9XAAU,1013492,Rwanda,Rwanda - Ku mashuri ya karangara - 1013492,Rejected,Technical,11/5/18,Northern Province,Burera,Rugarama,Karangara,Ku mashuri ya karangara,Umwuzi (rain water) from volcanic,,,Project Assessment - 2018.9.16,-1.42212,29.70465,,http://www.worldpop.org.uk/data/summary?doi=10.5258/SOTON/WP00539,15586.0,68747.0,Busura,819.0,Nyabihu,1136.0,Gasiza,793.0,Karutwe,507.0,,0.0,,,9/16/18,,,,,,,,,POINT (467134.9881495921 4842763.409392937),4484.13,10762.51,21362.62,28808.35,35540.05,4731.15,10842.36,21740.05,29126.3,35754.44
006f100000d7Q9cAAE,1013493,Rwanda,Rwanda - Mugeshi - 1013493,Rejected,Technical,11/5/18,Northern Province,Burera,Cyanika,Kabyiniro,Mugeshi,Umwuzi (stormwater),,,Project Assessment - 2018.9.16,-1.38299,29.71278,,http://www.worldpop.org.uk/data/summary?doi=10.5258/SOTON/WP00539,11233.0,57027.0,Mugeshi,780.0,Gahama,720.0,Mugarama,898.0,,0.0,,0.0,,,9/16/18,,,,,,,,,POINT (468039.12913414877 4847089.942964455),3847.73,8959.29,14322.46,20097.77,26563.45,3815.5,8774.98,14317.3,20524.44,26954.78
006f100000d7Q9hAAE,1013494,Rwanda,Rwanda - Shaga - 1013494,Rejected,Technical,11/5/18,Northern Province,Burera,Kinyababa,Rutovu,Shaga,Bureberaho,,,Project Assessment - 2018.9.16,-1.34705,29.82387,,http://www.worldpop.org.uk/data/summary?doi=10.5258/SOTON/WP00539,6651.0,25692.0,Shaga,686.0,Musaga,743.0,Kavumu,838.0,,0.0,,0.0,,,9/16/18,,,,,,,,,POINT (480400.6093886756 4851064.832966342),2047.78,3379.0,5721.51,7745.07,10308.33,2294.56,3637.94,6077.91,8122.01,10723.04
006f100000d7Q9mAAE,1013495,Rwanda,Rwanda - Kwa Cosma - 1013495,Rejected,Technical,11/15/18,Northern Province,Burera,Kinyababa,Rutovu,Kwa Cosma,Gaswa,,,Project Assessment - 2018.9.16,-1.32782,29.83106,,http://www.worldpop.org.uk/data/summary?doi=10.5258/SOTON/WP00539,3371.0,15107.0,Nyakizi 1,452.0,Nyabizi 3,715.0,Nyabizi 2,687.0,,0.0,,0.0,,,9/16/18,,,,,,,,,POINT (481200.5541218164 4853191.041220763),925.45,1805.38,3306.9,5754.02,8771.24,971.52,1830.35,3312.25,5855.29,9026.84
006f100000d7Q9rAAE,1013496,Rwanda,Rwanda - Nyabizi ya 1 - 1013496,Complete,In Service,10/27/22,Northern Province,Burera,Kinyababa,Rutovu,Nyabizi ya 1,Kabwa,Rwanda Full Scale Research - Randomized and Baselined - Intervention,,Project Assessment - 2018.9.16,-1.33001,29.82555,,http://www.worldpop.org.uk/data/summary?doi=10.5258/SOTON/WP00539,4124.0,16289.0,Nyabizi 1,452.0,Nyabizi 2,687.0,Nyabizi 3,715.0,,0.0,,0.0,,,9/16/18,,,,,,,,,POINT (480587.42298012954 4852948.862758594),1048.84,2494.74,4675.39,6578.49,9305.49,1041.09,2562.86,4855.9,6785.67,9627.75
006f100000d7Q9wAAE,1013497,Rwanda,Rwanda - Nyarubuye - 1013497,Rejected,Technical,11/11/18,Northern Province,Burera,Kinoni,Ntaruka,Nyarubuye,Senyi,,,Project Assessment - 2018.9.16,-1.46659,29.74716,,http://www.worldpop.org.uk/data/summary?doi=10.5258/SOTON/WP00539,7878.0,33828.0,Nyarubuye,393.0,Shenyi,353.0,Kigina,773.0,,0.0,,0.0,,,9/16/18,,,,,,,,,POINT (471865.8602303286 4837847.145183924),1949.83,3163.05,4055.4,5380.9,7131.76,1982.5,3203.14,4091.51,5466.44,7273.66
006f100000d7QA1AAM,1013498,Rwanda,Rwanda - Muranbo - 1013498,Rejected,Vehicular Bridge Required,11/30/18,Northern Province,Burera,Kinyababa,Musasa,Muranbo,Kibwa,,,Project Pre-Assessment - 2018.9.16,-1.36675,29.80889,,http://www.worldpop.org.uk/data/summary?doi=10.5258/SOTON/WP00539,7651.0,39185.0,Murambo,816.0,Gitoma,652.0,Rukanya,774.0,Gatare,700.0,,0.0,,,9/16/18,,,,,,,,,POINT (478733.8313154924 4848886.587528596),2281.08,4464.67,7005.62,10027.23,13865.0,2332.79,4650.25,7104.96,10257.94,14319.96
006f100000d7QA6AAM,1013499,Rwanda,Rwanda - Buharo - 1013499,Rejected,Technical,11/30/18,Northern Province,Burera,Kinoni,gafuko,Buharo,Umwuzi (storm water),,,Project Pre-Assessment - 2018.9.16,-1.45314,29.73895,,http://www.worldpop.org.uk/data/summary?doi=10.5258/SOTON/WP00539,9832.0,45950.0,Buhoro,402.0,Nyagatoki,500.0,,0.0,,0.0,,0.0,,,9/16/18,,,,,,,,,POINT (470952.13410277007 4839334.140826622),1304.38,2693.91,5184.14,7494.84,10593.64,1330.23,2643.95,5190.56,7591.64,10709.83
006f100000d7QABAA2,1013500,Rwanda,Rwanda - Kwa ntawitonderisi - 1013500,Rejected,Vehicular Bridge Required,10/31/18,Northern Province,Burera,Kinoni,Ntaruka,Kwa ntawitonderisi,Nyagatoki,,,Project Assessment - 2018.9.16,-1.46061,29.74088,,http://www.worldpop.org.uk/data/summary?doi=10.5258/SOTON/WP00539,9613.0,41055.0,Kabaya,717.0,Nyarurembo,524.0,,0.0,,0.0,,0.0,,,9/16/18,,,,,,,,,POINT (471166.98780147714 4838508.244454173),2127.73,3586.62,4967.85,6680.41,9287.89,2145.56,3590.05,4971.32,6759.98,9451.61
006f100000d7QAGAA2,1013501,Rwanda,Rwanda - Gasumo - 1013501,Rejected,Technical,11/5/18,Northern Province,Burera,Kinyababa,Rutovu,Gasumo,Kabwa,,,Project Assessment - 2018.9.16,-1.33816,29.81862,,http://www.worldpop.org.uk/data/summary?doi=10.5258/SOTON/WP00539,5274.0,19812.0,Rubayu,672.0,Nyabizi 1,452.0,Gitenge,1002.0,Ryatambu,763.0,,0.0,,,9/16/18,,,,,,,,,POINT (479816.3251523952 4852047.7075016145),1690.82,2918.0,4786.5,7933.29,12177.39,1842.8,3176.1,5017.73,8228.37,12493.0
006f100000d7hMWAAY,1013618,Rwanda,Rwanda - Kwa Ndimurwango - 1013618,Rejected,Technical,12/11/18,Northern Province,Burera,Nemba,Kivumu,Kwa Ndimurwango,Muhondo,,,Project Assessment - 2018.12.10,-1.591966,29.876044,,http://www.worldpop.org.uk/data/summary?doi=10.5258/SOTON/WP00539,7190.0,41273.0,Kigeyo,776.0,Songorero,970.0,Muhondo,1200.0,,0.0,,0.0,,,12/10/18,,,,,,,,,POINT (486207.94011770905 4823986.246236037),1708.59,3335.16,5919.05,10412.47,14926.89,1749.38,3391.74,6023.24,10559.97,15136.81
006f100000d7jAsAAI,1013694,Rwanda,Rwanda - Bisayu2 - 1013694,Rejected,Technical,11/5/18,Northern Province,Burera,Rusarabuye,Ruhanga,Bisayu2,Kabare,,,Project Assessment - 2018.9.27,-1.46159,29.82579,,http://www.worldpop.org.uk/data/summary?doi=10.5258/SOTON/WP00539,7522.0,38662.0,Bisayu 2,327.0,Karorero,458.0,Kajerijeri,641.0,,0.0,,0.0,,,9/27/18,,,,,,,,,POINT (480615.2074547671 4838400.802004402),2170.45,4688.64,8385.83,12287.67,16311.33,2285.93,4879.47,8784.4,12651.05,16843.17
006f100000d7jAxAAI,1013695,Rwanda,Rwanda - Ngundu - 1013695,Rejected,Technical,10/31/18,Northern Province,Burera,Rusarabuye,Ruhanga,Ngundu,Rugezi,,,Project Assessment - 2018.9.28,-1.45343,29.85064,,http://www.worldpop.org.uk/data/summary?doi=10.5258/SOTON/WP00539,6793.0,44977.0,Ngundu,315.0,Kamugondo,427.0,Ruhurura ya 1,387.0,Bumbu,823.0,,0.0,,,9/27/18,,,,,,,,,POINT (483380.27755142516 4839303.205963468),817.08,3005.62,5901.0,10167.21,14729.92,775.18,3091.91,5889.86,10263.65,15114.68
006f100000d7jDXAAY,1013708,Rwanda,Rwanda - Nyarukore - 1013708,Rejected,Technical,11/12/18,Northern Province,Burera,Bungwe,Tumba,Nyarukore,Ruhoga,,,Project Assessment - 2018.9.28,-1.5066,29.99458,,http://www.worldpop.org.uk/data/summary?doi=10.5258/SOTON/WP00539,9366.0,54409.0,Murambo,627.0,Nyamabare,302.0,Nyarukore,487.0,,0.0,,0.0,,,9/28/18,,,,,,,,,POINT (499396.9158547352 4833425.0689615),2086.02,5273.64,8728.51,13799.85,19937.82,2095.49,5478.5,8953.18,14157.97,20554.47
006f100000d7jDcAAI,1013709,Rwanda,Rwanda - Sangabuzi - 1013709,Rejected,Technical,11/11/18,Northern Province,Burera,Bungwe,Mudugali,Sangabuzi,Ruhoga,,,Project Assessment - 2018.9.28,-1.47722,29.94955,,http://www.worldpop.org.uk/data/summary?doi=10.5258/SOTON/WP00539,6419.0,32233.0,Sangabuzi,375.0,Rubayu,525.0,Kivumu,305.0,Mushunga,602.0,,0.0,,,9/28/18,,,,,,,,,POINT (494386.34637320833 4836673.375466413),1517.66,2981.22,5028.25,8801.67,13473.74,1503.62,2969.81,5173.07,8898.49,13725.92
006f100000d7jDhAAI,1013710,Rwanda,Rwanda - Cyahera - 1013710,Rejected,Technical,11/14/18,Northern Province,Burera,Butaro,Muhotora,Cyahera,Rugezi,,,Project Assessment - 2018.9.28,-1.43601,29.85018,,http://www.worldpop.org.uk/data/summary?doi=10.5258/SOTON/WP00539,7671.0,45149.0,Cyahera,297.0,Gahunge,285.0,Gahinga,382.0,,0.0,,0.0,,,9/28/18,,,,,,,,,POINT (483328.96491647046 4841229.232752837),1191.85,3055.0,6416.92,11679.6,18909.62,1161.18,3047.49,6579.23,11769.0,19185.1
0063Z00000mZ1W5QAK,1025885,Rwanda,Rwanda - Nyabugogo - 1025885,Identified,Identified in Needs Assessment,5/15/24,Northern Province,Gakenke,Gashenyi - karambo,Taba - kanyanza,Nyabugogo,Nyabyamo,,,Project Pre-Assessment - 2021.2.16,-1.650908,29.826677,2762.0,https://api.worldpop.org/v1/services/stats?,7114.28,48325.71,Bushyita,613.0,Murambi,505.0,Marembo,543.0,Gatembe,620.0,Kabuhuno,481.0,,0.0,2/16/21,,0.0,,0.0,,0.0,,0.0,POINT (480715.6261901121 4817468.950763892),1714.07,3476.89,5918.54,9433.98,13980.19,1806.58,3680.12,6105.54,9764.24,14453.55
0063Z0000104gMUQAY,1046363,Rwanda,Rwanda - Vunga - 1046363,Identified,Requested,12/31/24,Northern Province,Gakenke,Mugunga,Nkomane,Vunga,Nyarutovu,,,Project Assessment - 2023.6.12,-1.929239,30.113072,4633.0,https://api.worldpop.org/v1/services/stats?,92859.83,421513.91,Nkomane,1200.0,Kanaba,1012.0,Rwamambe,506.0,Bushoka,865.0,Mugunga,1050.0,,0.0,6/12/23,,0.0,,0.0,,0.0,,0.0,POINT (512578.78057986026 4786695.899966658),15241.47,39980.16,69727.39,113726.45,163996.17,16026.34,41411.3,72355.53,117488.12,168306.84
006Ns000008usvbIAA,1050528,Rwanda,Rwanda - Cyangoga - 1050528,Complete,In Service,2/20/25,Northern Province,Gakenke,Rusasa,Gakenke,Cyangoga,Mukungwa,,,Project Pre-Assessment - 2024.2.16,-1.619444444,29.63333333,5142.0,https://api.worldpop.org/v1/services/stats?,7868.4,48947.23,Gisenyi,985.0,Mwambi,1263.0,Nyakigezi,1321.0,Mubuga,713.0,Kibaya,860.0,,0.0,2/16/24,,0.0,,0.0,,0.0,,0.0,POINT (459202.8472417822 4820944.842296982),1878.12,4296.66,8027.74,12346.51,17508.2,1954.89,4411.53,8230.09,12513.76,17800.28
006Ns000008usvbIAA,1050528,Rwanda,Rwanda - Cyangoga - 1050528,Complete,In Service,2/20/25,Northern Province,Gakenke,Rusasa,Gakenke,Cyangoga,Mukungwa,,,Project Assessment - 2018.8.17,-1.619444444,29.63333333,,https://api.worldpop.org/v1/services/stats?,7868.4,48947.23,Kibaya,680.0,Gisenyi,550.0,,0.0,,0.0,,0.0,,,8/17/18,,,,,,,,,POINT (459202.8472417822 4820944.842296982),1878.12,4296.66,8027.74,12346.51,17508.2,1954.89,4411.53,8230.09,12513.76,17800.28
006f100000ZQRq0AAH,RW102,Rwanda,Rwanda - Rutenderi - RW102,Complete,In Service,6/1/14,Northern Province,Gakenke,Gashenyi,Gatanderi,Rutenderi,Base,,,Project Assessment - 2022.11.17,-1.660639,29.873889,2313.0,http://www.worldpop.org.uk/data/summary?doi=10.5258/SOTON/WP00539,6409.0,45917.0,Gifuba,520.0,Kabere,567.0,Gitaba,556.0,Gaseke,670.0,,0.0,,0.0,11/17/22,,0.0,,0.0,,0.0,,0.0,POINT (485968.63629529596 4816393.443896936),1151.43,3890.85,6912.33,10784.91,15480.19,1135.0,3761.83,6963.95,10971.37,15678.21
006f100000a86D0AAI,1007338,Rwanda,Rwanda - Mazimeru - 1007338,Rejected,Technical,11/15/18,Northern Province,Gakenke,Minazi-gakenke,Raba/ mutara,Mazimeru,,,,Project Assessment - 2018.8.4,-1.690555556,29.81666667,,http://www.worldpop.org.uk/data/summary?doi=10.5258/SOTON/WP00539,6380.0,39333.0,Buheta/gihemba,650.0,Mutara,890.0,Ndora,200.0,Gatwa,200.0,,0.0,,,8/4/18,,,,,,,,,POINT (479602.2557291672 4813085.229527358),1644.76,3430.07,5777.44,8653.04,12274.56,1626.14,3447.99,5877.89,8786.56,12452.6
006f100000a86D1AAI,1007339,Rwanda,Rwanda - Kwabarihuta - 1007339,Rejected,Technical,11/15/18,Northern Province,Gakenke,Mataba-Minazi,Bukonde-gabiro,Kwabarihuta,,,,Project Assessment - 2018.8.4,-1.698333333,29.79861111,,http://www.worldpop.org.uk/data/summary?doi=10.5258/SOTON/WP00539,6434.0,36882.0,Minazi/combined bukonde and gabiro village,3500.0,,0.0,,0.0,,0.0,,0.0,,,8/4/18,,,,,,,,,POINT (477593.4678803646 4812225.081608907),1248.65,2800.14,5216.84,7845.43,11234.62,1254.67,2868.21,5322.04,8057.14,11346.98
006f100000a86D2AAI,1007340,Rwanda,Rwanda - Gitwa - 1007340,Complete,In Service,6/30/21,Northern Province,Gakenke,Mataba-minazi,Gitwa/gitwa-nyundo/mwanza,Gitwa,Base,Rwanda Full Scale Research - Randomized and Baselined - Intervention,,Project Assessment - 2018.8.17,-1.738888,29.755277,,http://www.worldpop.org.uk/data/summary?doi=10.5258/SOTON/WP00539,4834.0,29730.0,Gitwa,950.0,Muhororo,960.0,Mwanza,950.0,,0.0,,0.0,,,8/17/18,,,,,,,,,POINT (472772.6614239523 4807740.589211616),912.6,2229.24,4267.64,7103.82,10656.93,941.14,2365.47,4433.66,7291.4,10935.54
006f100000a86D4AAI,1007342,Rwanda,Rwanda - G.s Mugunga - 1007342,Complete,In Service,6/16/23,Northern Province,Gakenke,Mugunga,Nkomane/ kanaba- rwamambe-bushoka,G.s Mugunga,Nyarutovu,Rwanda Full Scale Research - Randomized and Lost,,Project Assessment - 2018.8.5,-1.693888889,29.64861111,,http://www.worldpop.org.uk/data/summary?doi=10.5258/SOTON/WP00539,9313.0,52354.0,Kanaba,3000.0,Rwamambe/bushoka,1000.0,,0.0,,0.0,,0.0,,,8/4/18,,,,,,,,,POINT (460904.2101374172 4812714.101236096),1989.2,4745.17,10557.07,16487.02,23087.5,2031.65,4789.17,10709.8,16691.26,23340.52
006f100000a86D5AAI,1007343,Rwanda,Rwanda - Mugari - 1007343,Rejected,Technical,11/5/18,Northern Province,Gakenke,Kivuruga,Rugimbu/Gasave-mugari/rugimbu,Mugari,,,,Project Assessment - 2018.8.17,-1.603205,29.719441,,http://www.worldpop.org.uk/data/summary?doi=10.5258/SOTON/WP00539,8252.0,55813.0,Mugari,520.0,Gasave,450.0,,0.0,,0.0,,0.0,,,8/17/18,,,,,,,,,POINT (468783.4553414107 4822741.892701437),1780.43,3870.62,7071.22,10727.14,15723.72,1810.77,3913.82,7071.94,10705.73,15978.7
006f100000a86D6AAI,1007344,Rwanda,Rwanda - Kabarashi - 1007344,Rejected,Technical,11/13/18,Northern Province,Gakenke,Gakenke-Mataba,Kagoma-Buyange,Kabarashi,,,,Project Assessment - 2018.8.4,-1.694722222,29.79777778,,http://www.worldpop.org.uk/data/summary?doi=10.5258/SOTON/WP00539,6469.0,37783.0,Gabiro village,750.0,Kamatare village,550.0,Rugendabari village,350.0,Bukonde village,450.0,Minazi village,1500.0,,,8/4/18,,,,,,,,,POINT (477500.70946131926 4812624.333997759),1454.96,3022.36,5359.22,8070.1,11544.0,1483.79,3032.62,5480.33,8218.38,11754.68
006f100000a86D7AAI,1007345,Rwanda,Rwanda - Rutenga - 1007345,Rejected,Technical,11/12/18,Northern Province,Gakenke,Mwumba-butereri,Rutenga-rubaga,Rutenga,,,,Project Assessment - 2018.8.4,-1.623888889,29.71166667,,http://www.worldpop.org.uk/data/summary?doi=10.5258/SOTON/WP00539,8680.0,49685.0,Rubaga,609.0,Rutenga,691.0,Bunyangezi,626.0,,0.0,,0.0,,,8/4/18,,,,,,,,,POINT (467918.75724811014 4820454.847901868),1619.8,3730.44,6891.37,10300.92,14349.09,1660.78,3787.95,7008.73,10369.73,14595.29
006f100000a86D9AAI,1007347,Rwanda,Rwanda - Ntaruka - 1007347,Complete,In Service,6/28/21,Northern Province,Gakenke,Muhondo-muyongwe,/musenyi/musenyi-/va/gikombe,Ntaruka,Cyacika,Rwanda Full Scale Research - Randomized and Baselined - Intervention,,Project Assessment - 2018.8.5,-1.781111111,29.87916667,,http://www.worldpop.org.uk/data/summary?doi=10.5258/SOTON/WP00539,5534.0,35027.0,Gikombe,750.0,Musenyi,850.0,,0.0,,0.0,,0.0,,,8/4/18,,,,,,,,,POINT (486556.68496054114 4803073.545812403),1036.36,2455.25,4511.15,6617.29,10526.37,1053.4,2499.56,4540.33,6750.38,10715.04
006f100000a86D9AAI,1007347,Rwanda,Rwanda - Ntaruka - 1007347,Complete,In Service,6/28/21,Northern Province,Gakenke,Muhondo-muyongwe,/musenyi/musenyi-/va/gikombe,Ntaruka,Cyacika,Rwanda Full Scale Research - Randomized and Baselined - Intervention,,Project Assessment - 2018.8.5,-1.781111111,29.87916667,,http://www.worldpop.org.uk/data/summary?doi=10.5258/SOTON/WP00539,5534.0,35027.0,Gikombe,750.0,Musenyi,850.0,,0.0,,0.0,,0.0,,,8/4/18,,,,,,,,,POINT (486556.68496054114 4803073.545812403),1036.36,2455.25,4511.15,6617.29,10526.37,1053.4,2499.56,4540.33,6750.38,10715.04
006f100000a86DAAAY,1007348,Rwanda,Rwanda - Nyarutovu - 1007348,Rejected,Technical,11/10/18,Northern Province,Gakenke,Muzo -mugunga,Kavuza/mubuga-gatonde/nyakagezi,Nyarutovu,,,,Project Assessment - 2018.8.17,-1.688888888,29.66805556,,http://www.worldpop.org.uk/data/summary?doi=10.5258/SOTON/WP00539,9361.0,50136.0,Nyakagezi,642.0,Kavuza,947.0,,0.0,,0.0,,0.0,,,8/17/18,,,,,,,,,POINT (463067.5446423818 4813267.312951635),2204.16,5833.31,9395.81,13366.23,18611.35,2235.51,5866.4,9593.12,13639.65,19047.45
006f100000a86DBAAY,1007349,Rwanda,Rwanda - Mugunga - 1007349,Rejected,Technical,11/15/18,Northern Province,Gakenke,Busengo,Mwumba/mugunga,Mugunga,,,,Project Assessment - 2018.8.4,-1.623611111,29.70305556,,http://www.worldpop.org.uk/data/summary?doi=10.5258/SOTON/WP00539,8435.0,51798.0,Mugunga,364.0,Gasakuza,300.0,,0.0,,0.0,,0.0,,,8/4/18,,,,,,,,,POINT (466960.63402035343 4820485.421915577),1886.65,3929.53,6433.06,9953.62,14715.86,1931.96,3988.8,6542.67,10145.61,14879.54
006f100000a86DCAAY,1007350,Rwanda,Rwanda - Gitongo - 1007350,Rejected,Technical,11/12/18,Northern Province,Gakenke,Rushashi,Gitongo-,Gitongo,,,,Project Assessment - 2018.8.4,-1.704166667,29.84666667,,http://www.worldpop.org.uk/data/summary?doi=10.5258/SOTON/WP00539,5738.0,42081.0,Gitongo,550.0,Mataba,200.0,Rugarama,450.0,,0.0,,0.0,,,8/4/18,,,,,,,,,POINT (482940.1965726185 4811580.611920084),1365.87,2847.63,5022.97,8134.39,12397.19,1390.46,2895.11,5107.26,8406.83,12678.06
006f100000a86DEAAY,1007352,Rwanda,Rwanda - Kinoko - 1007352,Rejected,Technical,11/16/18,Northern Province,Gakenke,Muzo,Mubuga/butambwe,Kinoko,,,,Project Assessment - 2018.8.4,-1.699722222,29.69666667,,http://www.worldpop.org.uk/data/summary?doi=10.5258/SOTON/WP00539,6630.0,42598.0,Butambwe,550.0,Buhanga,450.0,,0.0,,0.0,,0.0,,,8/4/18,,,,,,,,,POINT (466251.0628550765 4812070.037425778),1422.13,2870.17,5014.96,8692.74,13332.96,1427.53,2936.82,5131.28,8841.73,13608.6
006f100000a86DGAAY,1007354,Rwanda,Rwanda - Karuhunge - 1007354,Rejected,Technical,11/13/18,Northern Province,Gakenke,Kivuruga,,Karuhunge,,,,Project Assessment - 2018.8.17,-1.6025,29.70666,,http://www.worldpop.org.uk/data/summary?doi=10.5258/SOTON/WP00539,9071.0,57999.0,Kirwa,850.0,Karuhunge,750.0,Gasakuza,650.0,,0.0,,0.0,,,8/17/18,,,,,,,,,POINT (467361.347275711 4822819.642147198),1647.09,3408.84,7194.18,11022.37,16267.39,1653.25,3460.68,7279.19,11095.64,16495.28
006f100000a86DIAAY,1007356,Rwanda,Rwanda - Buranga - 1007356,Rejected,Technical,12/31/18,Northern Province,Gakenke,Nemba,,Buranga,Mabare,Rwanda Full Scale Research - Randomized and Baselined - Long Term Control,,Project Assessment - 2018.8.17,-1.639722,29.784722,,http://www.worldpop.org.uk/data/summary?doi=10.5258/SOTON/WP00539,9679.0,49915.0,Kageyo,550.0,Mucyahafi,600.0,kabuga,1002.0,Mwanza,806.0,,0.0,,,8/17/18,,,,,,,,,POINT (476047.4489566807 4818705.273871006),2885.06,6333.41,10595.71,15141.66,20562.19,2889.53,6449.11,10796.2,15403.36,20773.11
006f100000a86DMAAY,1007360,Rwanda,Rwanda - Gasigwe - 1007360,Rejected,Technical,11/16/18,Northern Province,Gakenke,Karambo-Gashenyi,Karambo/cyumba-nyakina/gasigwe,Gasigwe,,,,Project Assessment - 2018.8.17,-1.627777777,29.84055556,,http://www.worldpop.org.uk/data/summary?doi=10.5258/SOTON/WP00539,7641.0,45245.0,Bwiyando,801.0,Cyumba,501.0,,0.0,,0.0,,0.0,,,8/17/18,,,,,,,,,POINT (482259.5919392002 4820026.462819698),2089.37,3954.69,6997.88,10253.49,14210.91,2144.18,4018.45,7218.32,10532.29,14527.33
006f100000a86E4AAI,1007404,Rwanda,Rwanda - Kabuga - 1007404,Rejected,,11/27/18,Northern Province,Gakenke,Rongi-Mataba,Kabuga-muhororo,Kabuga,,,,Project Assessment - 2018.8.17,-1.750277,29.745,,http://www.worldpop.org.uk/data/summary?doi=10.5258/SOTON/WP00539,4464.0,28472.0,Muhororo,650.0,Muyaga,550.0,Gashyushya,750.0,,0.0,,0.0,,,8/17/18,,,,,,,,,POINT (471629.42836725747 4806481.20915811),1223.83,2849.16,4904.42,6688.1,9473.73,1236.01,2875.22,4989.1,6771.38,9695.17
006f100000asYQDAA2,1009329,Rwanda,Rwanda - Gihinga - 1009329,Rejected,Local Investment,12/14/18,Northern Province,Gakenke,,,Gihinga,Cyacika,,,Project Assessment - 2018.12.13,-1.829439,29.882134,,http://www.worldpop.org.uk/data/summary?doi=10.5258/SOTON/WP00539,5567.0,34472.0,Gihinga cell,8500.0,Musagara cell,7800.0,,0.0,,0.0,,0.0,,,12/13/18,,,,,,,,,POINT (486887.1620863712 4797730.215628496),1039.65,2489.5,4478.71,6880.22,9794.34,1079.76,2523.4,4541.8,6967.32,9919.96
006f100000bKz7zAAC,1009553,Rwanda,Rwanda - Kurutare - 1009553,Rejected,,11/27/18,Northern Province,Gakenke,Mugunga,Rutaraga,Kurutare,,,,Project Assessment - 2018.8.4,-1.733888889,29.65638889,,http://www.worldpop.org.uk/data/summary?doi=10.5258/SOTON/WP00539,9401.0,48949.0,Mugunga/Mutega/Rutaraga,780.0,Mwumba village,820.0,Kamasanze,650.0,Kamunyana,600.0,,0.0,,,8/4/18,,,,,,,,,POINT (461770.3755647217 4808291.607994659),1776.26,4194.65,7615.53,11380.84,15765.08,1950.74,4291.08,7868.22,11675.13,16138.4
006f100000bKzAFAA0,1009554,Rwanda,Rwanda - Rutagara - 1009554,Rejected,Vehicular Bridge Required,8/20/18,Northern Province,Gakenke,Mugunga,Rutagara,Rutagara,Rutagara,,,Project Pre-Assessment - 2018.8.20,-1.730472,29.662278,0.0,http://www.worldpop.org.uk/data/summary?doi=10.5258/SOTON/WP00539,8890.0,47395.0,,0.0,,0.0,,0.0,,0.0,,0.0,,0.0,8/20/18,,0.0,,0.0,,0.0,,0.0,POINT (462425.52893578634 4808669.518178447),1816.39,3983.74,7090.36,11195.86,16052.65,1872.09,4166.66,7277.21,11461.76,16290.11
006f100000c5VQsAAM,1007897,Rwanda,Rwanda - Baramba - 1007897,Rejected,Technical,12/12/18,Northern Province,Gakenke,Coko,Nyanza/baramba,Baramba,Baramba,,,Project Assessment - 2018.12.12,-1.75261,29.81207,,https://api.worldpop.org/v1/services/stats?,3428.38,22788.1,Baramba,960.0,Mucumazo,860.0,Gahunda,856.0,Mbogo,1356.0,,0.0,,,12/12/18,,,,,,,,,POINT (479091.5025397433 4806224.142322309),812.35,2068.32,3439.25,5255.28,7522.22,833.87,2179.99,3509.46,5361.83,7694.82
006f100000c5VbqAAE,1007898,Rwanda,Rwanda - Gatembe - 1007898,Identified,,12/31/18,Northern Province,Gakenke,Buheta,Gatembe,Gatembe,Sebeya,,,Project Assessment - 2018.12.12,-1.65575,29.8198,,http://www.worldpop.org.uk/data/summary?doi=10.5258/SOTON/WP00539,7031.0,47131.0,Buheta,3000.0,Kanyanza,5000.0,,0.0,,0.0,,0.0,,,12/12/18,,,,,,,,,POINT (479950.51913634385 4816933.528516867),1645.29,3605.96,6013.99,9721.73,14257.03,1712.19,3660.14,6175.37,9859.66,14699.44
006f100000d6krTAAQ,1012804,Rwanda,Rwanda - Kabuyenge - 1012804,Rejected,Local Investment,12/31/18,Northern Province,Gakenke,Rusasa,Rurembo/ mazinga,Kabuyenge,Gaseke,,,Project Assessment - 2018.8.17,-1.6225,29.66777,,http://www.worldpop.org.uk/data/summary?doi=10.5258/SOTON/WP00539,7889.0,54225.0,Mazinga,673.0,Nyagahama,820.0,,0.0,,0.0,,0.0,,,8/17/18,,,,,,,,,POINT (463034.5428040554 4820607.662212715),1250.42,3211.4,6189.66,10333.95,15346.24,1260.3,3315.27,6195.4,10494.44,15592.99
006f100000d7cjcAAA,1013599,Rwanda,Rwanda - Cyacika - 1013599,Identified,,11/16/18,Northern Province,Gakenke,Rushashi,Rwankuba/ngambi,Cyacika,Cyacika,,,Project Assessment - 2018.9.24,-1.74886,29.87465,,http://www.worldpop.org.uk/data/summary?doi=10.5258/SOTON/WP00539,6205.0,39541.0,Nganzo,740.0,Ngambe,632.0,,0.0,,0.0,,0.0,,,9/24/18,,,,,,,,,POINT (486053.9416625405 4806639.3414302785),1464.72,2987.35,5070.3,7801.92,11972.67,1496.28,3019.98,5177.73,7965.62,12202.24
006f100000d7cnFAAQ,1013601,Rwanda,Rwanda - Kabingo - 1013601,Rejected,Technical,11/16/18,Northern Province,Gakenke,Muyongwe,Gisiza/kabingo,Kabingo,Cyacika,,,Project Assessment - 2018.9.24,-1.73099,29.87352,,http://www.worldpop.org.uk/data/summary?doi=10.5258/SOTON/WP00539,6828.0,42204.0,Nganzo,686.0,Murambi,564.0,,0.0,,0.0,,0.0,,,9/24/18,,,,,,,,,POINT (485928.0886793807 4808615.120839054),1215.11,3202.31,6278.75,9764.86,13118.7,1194.12,3257.06,6412.47,10005.66,13400.14
006f100000d7crlAAA,1013603,Rwanda,Rwanda - Cyinoni 1 - 1013603,Rejected,Social,12/31/18,Northern Province,Gakenke,Gakenke,Rushagara/kabaya,Cyinoni 1,Cyinoni,Rwanda Full Scale Research - Randomized and Lost,,Project Assessment - 2018.9.24,-1.65105,29.80862,,http://www.worldpop.org.uk/data/summary?doi=10.5258/SOTON/WP00539,7648.0,48508.0,Kabaya,674.0,Karenge,603.0,Gatembe,615.0,,0.0,,0.0,,,9/24/18,,,,,,,,,POINT (478706.55113257555 4817453.066353052),1878.66,4147.85,7888.29,12424.4,16915.33,1940.22,4087.95,7955.59,12748.07,17251.31
006f100000d7iQLAAY,1013627,Rwanda,Rwanda - Nyarutovu - 1013627,Rejected,Technical,11/12/18,Northern Province,Gakenke,Mugunga,Gahinga/nyakagezi,Nyarutovu,Nyarutovu,,,Project Assessment - 2018.9.27,-1.68267,29.67093,,http://www.worldpop.org.uk/data/summary?doi=10.5258/SOTON/WP00539,9360.0,50091.0,Nyakagezi,700.0,Kinoko,407.0,Kabuhoro,485.0,,0.0,,0.0,,,9/27/18,,,,,,,,,POINT (463387.24495392304 4813954.964968793),2737.93,5261.21,8960.2,13164.69,18729.99,2781.16,5329.58,9088.88,13504.72,19106.53
006f100000d7iQfAAI,1013628,Rwanda,Rwanda - Shyira - 1013628,Identified,Requested,12/31/25,Northern Province,Gakenke,Mugunga - Shyira,Mugunga/rutenderi/nyundo,Shyira,Mukungwa,Rwanda Full Scale Research - Randomized and Baselined - Intervention,,Project Pre-Assessment - 2024.9.12,-1.69922,29.634222,4304.0,http://www.worldpop.org.uk/data/summary?doi=10.5258/SOTON/WP00539,8952.0,51010.0,Nyundo,998.0,Mataba,772.0,Nyakazenga,647.0,Kibuye,917.0,Kazirankara,970.0,,0.0,9/12/24,,0.0,,0.0,,0.0,,0.0,POINT (459303.3570136588 4812124.363008152),4059.82,7078.49,11569.36,15812.11,21127.61,4091.74,7300.86,11742.17,16042.4,21451.43
006f100000d7iQfAAI,1013628,Rwanda,Rwanda - Shyira - 1013628,Identified,Requested,12/31/25,Northern Province,Gakenke,Mugunga - Shyira,Mugunga/rutenderi/nyundo,Shyira,Mukungwa,Rwanda Full Scale Research - Randomized and Baselined - Intervention,,Project Assessment - 2018.9.27,-1.69922,29.634222,,http://www.worldpop.org.uk/data/summary?doi=10.5258/SOTON/WP00539,8952.0,51010.0,Kazirankomo,450.0,Rutenderi,3206.0,Kazirankora,450.0,Matabo,490.0,,0.0,,,9/27/18,,,,,,,,,POINT (459303.3570136588 4812124.363008152),4059.82,7078.49,11569.36,15812.11,21127.61,4091.74,7300.86,11742.17,16042.4,21451.43
006f100000d7iaaAAA,1013666,Rwanda,Rwanda - Cyinoni 2 - 1013666,Rejected,Technical,11/12/18,Northern Province,Gakenke,Karambo,Gakenke,Cyinoni 2,Cyinoni,,,Project Assessment - 2018.9.27,-1.64738,29.80296,,http://www.worldpop.org.uk/data/summary?doi=10.5258/SOTON/WP00539,8381.0,49764.0,Kabaya,674.0,Bukwete,690.0,,0.0,,0.0,,0.0,,,9/27/18,,,,,,,,,POINT (478076.76182652754 4817858.777648247),2217.17,4927.32,9275.07,13409.74,18292.14,2237.39,4974.96,9442.65,13627.92,18717.46
006f100000d7iauAAA,1013667,Rwanda,Rwanda - Kamuhimba - 1013667,Rejected,Technical,11/14/18,Northern Province,Gakenke,Nemba,Mucaca/kamuvunyi,Kamuhimba,Musange,,,Project Assessment - 2018.9.27,-1.6279,29.79311,,http://www.worldpop.org.uk/data/summary?doi=10.5258/SOTON/WP00539,10317.0,52163.0,Kabushara,370.0,Kamuvunyi,500.0,,0.0,,0.0,,0.0,,,9/27/18,,,,,,,,,POINT (476980.5955100884 4820012.469859814),2668.62,5962.64,9967.21,15683.83,21192.29,2715.91,6018.86,10175.26,15894.0,21446.15
006f100000d7ib4AAA,1013668,Rwanda,Rwanda - Musange - 1013668,Identified,,3/6/24,Northern Province,Gakenke,Nemba,Mucaca/kiryamo,Musange,Musange,Rwanda Full Scale Research - Randomized and Baselined - Intervention,,Project Assessment - 2018.9.27,-1.61697,29.79172,,http://www.worldpop.org.uk/data/summary?doi=10.5258/SOTON/WP00539,10294.0,54122.0,Kiryamo,750.0,Kanunga,860.0,,0.0,,0.0,,0.0,,,9/27/18,,,,,,,,,POINT (476825.81351762946 4821220.927671938),2858.42,5874.6,9683.36,13740.34,18335.64,2891.34,5957.27,9867.71,13910.14,18574.13
006f100000d7ibJAAQ,1013669,Rwanda,Rwanda - Munyege - 1013669,Rejected,Technical,11/14/18,Northern Province,Gakenke,Nemba,Mucaca/munyege,Munyege,Nyamyumba,,,Project Assessment - 2018.9.27,-1.61413,29.79371,,http://www.worldpop.org.uk/data/summary?doi=10.5258/SOTON/WP00539,10095.0,54320.0,Munyege,540.0,Gisagara,596.0,,0.0,,0.0,,0.0,,,9/27/18,,,,,,,,,POINT (477047.1991221087 4821534.954367821),2605.49,5576.69,9074.75,12802.54,18046.4,2638.23,5706.06,9144.08,13015.97,18317.11
006f100000d7ibTAAQ,1013670,Rwanda,Rwanda - Musange kukibuga - 1013670,Complete,In Service,6/2/23,Northern Province,Gakenke,Nemba,Mucaca/ngahinga,Musange kukibuga,Mucaca,Rwanda Full Scale Research - Randomized and Baselined - Intervention,,Project Assessment - 2018.9.27,-1.63647,29.78962,,http://www.worldpop.org.uk/data/summary?doi=10.5258/SOTON/WP00539,9999.0,50465.0,Cyahafi,956.0,Karukara,856.0,,0.0,,0.0,,0.0,,,9/27/18,,,,,,,,,POINT (476592.38158511964 4819064.888769499),2860.38,6339.55,10670.64,15759.21,20969.24,2949.45,6525.0,10830.29,16072.54,21277.38
006f100000d7ibYAAQ,1013671,Rwanda,Rwanda - Mugera - 1013671,Rejected,Technical,11/16/18,Northern Province,Gakenke,Coko,Mbirima,Mugera,Mugera,,,Project Assessment - 2018.9.27,-1.79797,29.80379,,http://www.worldpop.org.uk/data/summary?doi=10.5258/SOTON/WP00539,3617.0,26603.0,Mbogo,476.0,Kanduga,864.0,,0.0,,0.0,,0.0,,,9/27/18,,,,,,,,,POINT (478170.82445239817 4801208.822403891),674.15,1739.62,3536.16,5980.44,8534.84,710.25,1733.81,3587.82,6120.15,8704.22
006f100000d7ibsAAA,1013672,Rwanda,Rwanda - Mabare 1 - 1013672,Identified,Requested,12/31/18,Northern Province,Gakenke,Nemba,Mucaca/kiruhura,Mabare 1,Mabare,Rwanda Full Scale Research - Randomized but Not Baselined,,Project Assessment - 2018.9.27,-1.62126,29.78084,,http://www.worldpop.org.uk/data/summary?doi=10.5258/SOTON/WP00539,9889.0,53165.0,Kiruhura,800.0,Buranga,900.0,,0.0,,0.0,,0.0,,,9/27/18,,,,,,,,,POINT (475615.3003768042 4820746.476755823),2499.49,5651.23,9918.68,14442.52,19474.04,2549.53,5726.32,10181.28,14701.04,19867.99
006f100000d7ic2AAA,1013673,Rwanda,Rwanda - Nyakaruru - 1013673,Identified,,2/3/21,Northern Province,Gakenke,Gakenke,Rusagara/museke,Nyakaruru,Nyabutaka,Rwanda Full Scale Research - Randomized and Lost,,Project Assessment - 2018.9.27,-1.65647,29.79743,,http://www.worldpop.org.uk/data/summary?doi=10.5258/SOTON/WP00539,7744.0,48861.0,Museke,653.0,Kivumu,865.0,,0.0,,0.0,,0.0,,,9/27/18,,,,,,,,,POINT (477461.57798393175 4816853.681608871),2371.71,4867.5,7976.16,12283.43,17188.93,2362.36,4980.22,8029.7,12381.38,17548.91
006f100000d7icMAAQ,1013675,Rwanda,Rwanda - Nyakina - 1013675,Rejected,Technical,11/14/18,Northern Province,Gakenke,Gashenyi,Nyacyina/mukira,Nyakina,Nyakina,,,Project Assessment - 2018.9.27,-1.64821,29.85487,,http://www.worldpop.org.uk/data/summary?doi=10.5258/SOTON/WP00539,7122.0,44623.0,Taba,5265.0,Kanteko,6143.0,,0.0,,0.0,,0.0,,,9/27/18,,,,,,,,,POINT (483852.43932548683 4817767.504916738),1559.21,3430.24,5942.85,9530.75,13791.94,1599.53,3545.54,6149.17,9722.37,14097.87
006f100000d7icRAAQ,1013676,Rwanda,Rwanda - Cyondo - 1013676,Rejected,Technical,11/16/18,Northern Province,Gakenke,Gashenyi,Nyakina,Cyondo,Mugobore,,,Project Assessment - 2018.9.27,-1.62306,29.86773,,http://www.worldpop.org.uk/data/summary?doi=10.5258/SOTON/WP00539,6648.0,44583.0,Cyondo,968.0,Masoro,800.0,,0.0,,0.0,,0.0,,,9/27/18,,,,,,,,,POINT (485283.097541094 4820548.2996830195),1327.21,2632.48,5346.69,9594.56,14788.74,1347.18,2695.54,5404.05,9754.62,15064.41
006f100000d7icbAAA,1013677,Rwanda,Rwanda - Rutenderi - 1013677,Rejected,Technical,11/15/18,Northern Province,Gakenke,Gashenyi,Taba/gihanga,Rutenderi,Base,,,Project Assessment - 2018.9.27,-1.66137,29.84701,,http://www.worldpop.org.uk/data/summary?doi=10.5258/SOTON/WP00539,7365.0,43739.0,Gihanga,560.0,Gisaro,890.0,,0.0,,0.0,,0.0,,,9/27/18,,,,,,,,,POINT (482978.0243910145 4816312.41012538),1930.4,3467.81,5937.96,9529.4,13507.61,2022.4,3582.51,6067.38,9821.84,13837.9
006f100000d7icgAAA,1013678,Rwanda,Rwanda - Kwiterambere - 1013678,Complete,In Service,6/30/21,Northern Province,Gakenke,Gashenyi,Taba/bushita,Kwiterambere,Base,Rwanda Full Scale Research - Randomized and Baselined - Intervention,,Project Assessment - 2018.9.27,-1.66344,29.83439,,https://api.worldpop.org/v1/services/stats?,6233.35,42756.44,Bushita,680.0,Murandi,850.0,,0.0,,0.0,,0.0,,,9/27/18,,,,,,,,,POINT (481573.91317814164 4816083.428184385),1168.31,3003.58,5865.03,9718.28,13230.66,1204.4,3156.31,6067.42,9913.91,13644.34
006f100000d7icqAAA,1013679,Rwanda,Rwanda - Ryumuzungu - 1013679,Rejected,Technical,11/15/18,Northern Province,Gakenke,Rushashi,Rwankuba/ngambe,Ryumuzungu,Cyacika,,,Project Assessment - 2018.9.27,-1.76435,29.8756,,http://www.worldpop.org.uk/data/summary?doi=10.5258/SOTON/WP00539,6034.0,37199.0,Ngambe,632.0,Bukwera,642.0,,0.0,,0.0,,0.0,,,9/27/18,,,,,,,,,POINT (486159.74991532095 4804926.703991492),887.87,2701.14,4777.71,7672.04,10417.75,909.04,2751.51,4818.78,7798.32,10613.78
006f100000d7idtAAA,1013681,Rwanda,Rwanda - Congori - 1013681,Rejected,Technical,11/15/18,Northern Province,Gakenke,Coko,Mbirima/murambi,Congori,Congori,,,Project Assessment - 2018.9.27,-1.79831,29.83496,,http://www.worldpop.org.uk/data/summary?doi=10.5258/SOTON/WP00539,5023.0,29179.0,Murambi,530.0,Congori,641.0,,0.0,,0.0,,0.0,,,9/27/18,,,,,,,,,POINT (481638.6300579205 4801171.573385575),1171.87,2692.49,4283.24,6784.72,9472.46,1141.03,2833.96,4506.68,7055.07,9778.22
006f100000d7ieDAAQ,1013682,Rwanda,Rwanda - Nyarutovu 2 - 1013682,Rejected,Technical,11/14/18,Northern Province,Gakenke,Mugunga,Rutabu/kabuhoro,Nyarutovu 2,Nyarutovu,,,Project Assessment - 2018.9.27,-1.68267,29.67093,,http://www.worldpop.org.uk/data/summary?doi=10.5258/SOTON/WP00539,9360.0,50091.0,Kinoko,407.0,Kabuhoro,485.0,,0.0,,0.0,,0.0,,,9/27/18,,,,,,,,,POINT (463387.24495392304 4813954.964968793),2737.93,5261.21,8960.2,13164.69,18729.99,2781.16,5329.58,9088.88,13504.72,19106.53
006f100000d7ieSAAQ,1013683,Rwanda,Rwanda - Kirwa - 1013683,Complete,In Service,6/2/23,Northern Province,Gakenke,Busengo,Butereri/kirwa,Kirwa,Gaseke,Rwanda Full Scale Research - Randomized and Baselined - Intervention,,Project Assessment - 2018.9.27,-1.61152,29.70026,,http://www.worldpop.org.uk/data/summary?doi=10.5258/SOTON/WP00539,8427.0,56356.0,Kirwa,590.0,Karaba,650.0,,0.0,,0.0,,0.0,,,9/27/18,,,,,,,,,POINT (466649.3872561642 4821822.237254919),1630.71,3660.08,6425.19,10156.85,14945.17,1652.01,3732.06,6529.95,10291.09,15116.08
006f100000d7ieXAAQ,1013684,Rwanda,Rwanda - Kamubuga - 1013684,Rejected,Technical,11/13/18,Northern Province,Gakenke,Busengo,Mwumba/rutenga,Kamubuga,Gaseke,,,Project Assessment - 2018.9.27,-1.61659,29.7064,,http://www.worldpop.org.uk/data/summary?doi=10.5258/SOTON/WP00539,8621.0,53426.0,Rubaga,650.0,Gasakuza,750.0,,0.0,,0.0,,0.0,,,9/27/18,,,,,,,,,POINT (467332.64219272404 4821261.769355717),2047.16,3827.68,6326.71,10176.64,14685.3,2108.03,3871.74,6453.15,10327.2,14905.3
006f100000d7iecAAA,1013685,Rwanda,Rwanda - Rusenyi - 1013685,Rejected,Technical,11/16/18,Northern Province,Gakenke,Busengo,Butereri,Rusenyi,Gaseke,,,Project Assessment - 2018.9.27,-1.62252,29.70826,,http://www.worldpop.org.uk/data/summary?doi=10.5258/SOTON/WP00539,8670.0,50717.0,Rubaga,870.0,Mwumba,680.0,,0.0,,0.0,,0.0,,,9/27/18,,,,,,,,,POINT (467539.6909589852 4820606.145491805),1903.64,3876.55,6628.71,9955.91,14754.27,1951.76,3924.45,6697.02,10173.28,15039.32
006f100000d7iewAAA,1013686,Rwanda,Rwanda - Mubatarugera - 1013686,Rejected,Technical,11/16/18,Northern Province,Gakenke,Busengo,Butereri/rugendabari,Mubatarugera,Runoga,,,Project Assessment - 2018.9.27,-1.61835,29.7302,,http://www.worldpop.org.uk/data/summary?doi=10.5258/SOTON/WP00539,8031.0,50740.0,Rugendabari,900.0,Mwendo,650.0,,0.0,,0.0,,0.0,,,9/27/18,,,,,,,,,POINT (469980.79185428243 4821067.54167005),1569.23,3401.32,6071.94,9625.61,14671.95,1596.74,3448.22,6252.96,9822.73,15016.1
006f100000d7if6AAA,1013687,Rwanda,Rwanda - Rwungo - 1013687,Rejected,Technical,12/31/18,Northern Province,Gakenke,Busengo,Mwumba/kabuga,Rwungo,Gaseke,Rwanda Full Scale Research - Randomized and Lost,,Project Assessment - 2018.9.27,-1.63957,29.71774,,http://www.worldpop.org.uk/data/summary?doi=10.5258/SOTON/WP00539,7986.0,46854.0,Kajereri,550.0,Kabuga,890.0,,0.0,,0.0,,0.0,,,9/27/18,,,,,,,,,POINT (468594.7516010953 4818721.153893312),1584.37,3788.58,5940.51,9812.12,13772.82,1634.56,3857.05,6063.85,10074.2,14011.79
006f100000d7ifGAAQ,1013689,Rwanda,Rwanda - Nyabutaka kwamuvara - 1013689,Rejected,Technical,11/16/18,Northern Province,Gakenke,Gakenke,Rusagara,Nyabutaka kwamuvara,Nyabutaka,,,Project Assessment - 2018.9.27,-1.66377,29.80285,,http://www.worldpop.org.uk/data/summary?doi=10.5258/SOTON/WP00539,6903.0,46500.0,Busingigi,650.0,Gitenga,860.0,,0.0,,0.0,,0.0,,,9/27/18,,,,,,,,,POINT (478064.7030123839 4816046.619317326),1475.69,3421.58,6660.71,10470.72,15744.91,1503.46,3402.8,6663.59,10710.28,15986.64
006f100000d7igsAAA,1013690,Rwanda,Rwanda - Kirebe - 1013690,Rejected,Technical,11/15/18,Northern Province,Gakenke,Karambo,Kirebe/bukunga,Kirebe,Kirutira,,,Project Assessment - 2018.9.27,-1.63772,29.81581,,http://www.worldpop.org.uk/data/summary?doi=10.5258/SOTON/WP00539,8050.0,49644.0,Bukunga,858.0,Bukweto,980.0,,0.0,,0.0,,0.0,,,9/27/18,,,,,,,,,POINT (479506.39655869553 4818926.9694388155),1784.36,3938.7,7452.39,11579.41,17021.7,1765.61,4070.53,7693.66,11909.1,17484.21
006f100000d7ihbAAA,1013691,Rwanda,Rwanda - Ndurumu - 1013691,Rejected,Technical,11/15/18,Northern Province,Gakenke,Karambo,Kirebe/nyabigugu,Ndurumu,Ndurumo,,,Project Assessment - 2018.9.27,-1.62681,29.80387,,http://www.worldpop.org.uk/data/summary?doi=10.5258/SOTON/WP00539,9240.0,51536.0,Nyabigugu,860.0,Kirebe,960.0,,0.0,,0.0,,0.0,,,9/27/18,,,,,,,,,POINT (478177.789030935 4820133.105070035),2257.74,4918.15,8581.88,13042.96,19265.28,2309.03,4973.31,8649.67,13238.58,19579.23
006f100000d7wubAAA,1013787,Rwanda,Rwanda - Cyiryamo - 1013787,Rejected,Technical,11/16/18,Northern Province,Gakenke,Muzo,Kiryamo,Cyiryamo,Mugambazi,,,Project Assessment - 2018.10.7,-1.68275,29.74224,,http://www.worldpop.org.uk/data/summary?doi=10.5258/SOTON/WP00539,6728.0,41760.0,Rugege,650.0,Rugarama,580.0,,0.0,,0.0,,0.0,,,10/7/18,,,,,,,,,POINT (471321.3504552498 4813947.31284098),1492.22,3321.88,6222.49,10075.08,13920.26,1553.36,3341.45,6312.53,10222.44,14161.47
006f100000d7wugAAA,1013788,Rwanda,Rwanda - Mugambazi - 1013788,Rejected,Technical,11/16/18,Northern Province,Gakenke,Muzo,Mwiyando/gitoki,Mugambazi,Mugambazi,,,Project Assessment - 2018.10.7,-1.72692,29.72306,,http://www.worldpop.org.uk/data/summary?doi=10.5258/SOTON/WP00539,5902.0,33438.0,Gitoki,800.0,Nyagasozi,608.0,Rubayo,780.0,Nyangoma,0.0,,0.0,,,10/7/18,,,,,,,,,POINT (469188.0495743187 4809063.342338006),1139.66,2724.41,5342.54,8742.72,12444.4,1136.65,2747.01,5352.94,8797.0,12604.76
006f100000d7wulAAA,1013789,Rwanda,Rwanda - Gikokwe - 1013789,Rejected,Technical,11/16/18,Northern Province,Gakenke,Janja,Gashyamba,Gikokwe,Nyarutovu,,,Project Assessment - 2018.10.7,-1.67796,29.70261,,http://www.worldpop.org.uk/data/summary?doi=10.5258/SOTON/WP00539,6866.0,45239.0,Muhororo,650.0,Gashyamba,450.0,,0.0,,0.0,,0.0,,,10/7/18,,,,,,,,,POINT (466911.9570929561 4814476.295112072),1493.28,2970.96,5417.22,9183.81,13752.61,1508.26,3008.19,5568.76,9311.02,14073.04
006f100000d7wuqAAA,1013790,Rwanda,Rwanda - Burera - 1013790,Rejected,Vehicular Bridge Required,12/31/18,Northern Province,Gakenke,Janja,Gatwa/Nyagisozi,Burera,No river just erosion,,,Project Assessment - 2018.10.7,-1.68033,29.69028,,http://www.worldpop.org.uk/data/summary?doi=10.5258/SOTON/WP00539,8172.0,46514.0,Nyagisozi,850.0,,0.0,,0.0,,0.0,,0.0,,,10/7/18,,,,,,,,,POINT (465540.13174751337 4814214.0413499875),1384.73,3814.23,6710.85,10497.34,14849.77,1519.74,3804.67,6872.89,10870.92,15214.45
006f100000d7wuvAAA,1013791,Rwanda,Rwanda - Cyifuzo - 1013791,Rejected,Technical,11/16/18,Northern Province,Gakenke,Janja,Rukungu,Cyifuzo,Gaseke,,,Project Assessment - 2018.10.7,-1.65975,29.72655,,http://www.worldpop.org.uk/data/summary?doi=10.5258/SOTON/WP00539,6790.0,45339.0,Cyifuzo,850.0,Rusebeya,750.0,,0.0,,0.0,,0.0,,,10/7/18,,,,,,,,,POINT (469575.2975960782 4816490.080051062),1478.37,3354.91,5734.55,8865.16,13266.72,1594.11,3439.71,5790.26,9105.41,13618.96
006f100000d7wv0AAA,1013792,Rwanda,Rwanda - Nyarusange - 1013792,Complete,In Service,6/30/23,Northern Province,Gakenke,Mataba,Nyundo/kabuyora,Nyarusange,Base,Rwanda Full Scale Research - Randomized and Baselined - Intervention,,Project Assessment - 2018.10.8,-1.72848,29.76589,,http://www.worldpop.org.uk/data/summary?doi=10.5258/SOTON/WP00539,4672.0,32211.0,Gitaba,650.0,Kabuyora,690.0,Mwanza,750.0,Gihororo,650.0,,0.0,,,10/7/18,,,,,,,,,POINT (473953.30477964476 4808891.501141029),997.96,2283.12,3612.21,6418.62,9893.7,1041.7,2404.43,3761.57,6535.84,10123.57
006f100000d7wv5AAA,1013793,Rwanda,Rwanda - Gihonga - 1013793,Rejected,Technical,11/15/18,Northern Province,Gakenke,Janja,Gakindo/bukerera,Gihonga,Gihonga,,,Project Assessment - 2018.10.7,-1.64305,29.67318,,http://www.worldpop.org.uk/data/summary?doi=10.5258/SOTON/WP00539,7816.0,51794.0,Bukerera,859.0,Rurambi,850.0,,0.0,,0.0,,0.0,,,10/7/18,,,,,,,,,POINT (463636.86050903547 4818335.630423383),1628.31,3831.97,7321.27,11099.85,15620.47,1584.69,3899.35,7431.93,11382.48,16084.86
006f100000d7wvAAAQ,1013794,Rwanda,Rwanda - Cyimbogo - 1013794,Rejected,Technical,11/16/18,Northern Province,Gakenke,Muhondo,Rwinkuba/cyimbogo,Cyimbogo,Mugwato,,,Project Assessment - 2018.10.7,-1.81602,29.85876,,http://www.worldpop.org.uk/data/summary?doi=10.5258/SOTON/WP00539,5460.0,34107.0,Kimbogo,850.0,Ngayaki,650.0,Kanyana,690.0,,0.0,,0.0,,,10/7/18,,,,,,,,,POINT (484286.63473236223 4799213.695347153),934.76,2407.05,5383.0,9303.83,12186.42,992.56,2441.78,5600.12,9471.75,12386.59
006f100000d7wvFAAQ,1013795,Rwanda,Rwanda - Kugasumo - 1013795,Rejected,Technical,11/15/18,Northern Province,Gakenke,Cyabingo,Muhororo/gakoro,Kugasumo,Gasumo,,,Project Assessment - 2018.10.7,-1.56001,29.69342,,http://www.worldpop.org.uk/data/summary?doi=10.5258/SOTON/WP00539,12689.0,70445.0,Gihango,650.0,Tongoburo,490.0,Gakoro,560.0,,0.0,,0.0,,,10/7/18,,,,,,,,,POINT (465887.48315570824 4827517.361140762),2819.56,6159.46,10247.25,15956.42,23000.92,2795.54,6127.4,10425.62,16154.27,23326.96
006f100000d7wvKAAQ,1013796,Rwanda,Rwanda - Kumusenyi - 1013796,Rejected,Technical,11/16/18,Northern Province,Gakenke,Cyabingo,Rukore/rugendabari,Kumusenyi,Karangara,,,Project Assessment - 2018.10.7,-1.5905,29.7052,,http://www.worldpop.org.uk/data/summary?doi=10.5258/SOTON/WP00539,10471.0,62390.0,Ntaraga,750.0,Nyamugari,650.0,,0.0,,0.0,,0.0,,,10/7/18,,,,,,,,,POINT (467198.707858918 4824146.405445645),1823.23,4557.66,7868.27,12716.79,18107.87,1777.82,4616.41,8036.63,12877.5,18413.45
006f100000d7wvZAAQ,1013797,Rwanda,Rwanda - Kigembe - 1013797,Rejected,Technical,11/16/18,Northern Province,Gakenke,Rusasa,Kamonyi/gapfura,Kigembe,Musarara,,,Project Assessment - 2018.10.7,-1.62963,29.65738,,http://www.worldpop.org.uk/data/summary?doi=10.5258/SOTON/WP00539,8546.0,51976.0,Gapfura,650.0,Gakindo,986.0,Bukiza,750.0,,0.0,,0.0,,,10/7/18,,,,,,,,,POINT (461878.623142895 4819819.133153503),1611.3,3944.39,7219.35,10770.99,16699.23,1626.89,4026.28,7313.58,10951.26,16866.53
006f100000d7wveAAA,1013798,Rwanda,Rwanda - Kugatare - 1013798,Rejected,Technical,11/16/18,Northern Province,Gakenke,Cyabingo,Rukore/nyamugari,Kugatare,Karangara,,,Project Assessment - 2018.10.7,-1.5932,29.70506,,http://www.worldpop.org.uk/data/summary?doi=10.5258/SOTON/WP00539,10119.0,61449.0,Rugendabari,680.0,Ntaraga,690.0,,0.0,,0.0,,0.0,,,10/7/18,,,,,,,,,POINT (467183.17313447385 4823847.876241786),1784.92,4234.6,7624.97,12360.43,18040.83,1788.91,4199.76,7684.83,12337.04,18229.85
006f100000d7wvjAAA,1013799,Rwanda,Rwanda - Kirombe - 1013799,Rejected,Technical,11/16/18,Northern Province,Gakenke,Rusasa,Kamonyi/gapfura,Kirombe,Musarara,,,Project Assessment - 2018.10.7,-1.63737,29.65462,,http://www.worldpop.org.uk/data/summary?doi=10.5258/SOTON/WP00539,8248.0,52091.0,Gapfura,808.0,Karuhunge,960.0,,0.0,,0.0,,0.0,,,10/7/18,,,,,,,,,POINT (461571.6769872493 4818963.298797994),1923.65,4295.87,7343.19,11725.82,17806.16,1970.01,4372.72,7430.57,11928.21,18203.9
006f100000d7wvoAAA,1013800,Rwanda,Rwanda - Kubahamya - 1013800,Rejected,Technical,11/15/18,Northern Province,Gakenke,Rushashi,Kageyo/karambi-burimba/kabuye,Kubahamya,Banga,,,Project Assessment - 2018.10.7,-1.73494,29.85478,,http://www.worldpop.org.uk/data/summary?doi=10.5258/SOTON/WP00539,6860.0,38076.0,Karambi,441.0,Kabuye,547.0,Nganzo,146.0,Kabona,408.0,,0.0,,,10/7/18,,,,,,,,,POINT (483843.1431141422 4808178.24137668),2019.9,3807.13,5768.32,8545.83,12087.95,2077.54,3925.54,5826.61,8692.7,12341.6
006f100000d7wvtAAA,1013801,Rwanda,Rwanda - Razi - 1013801,Rejected,Technical,11/14/18,Northern Province,Gakenke,Rushashi,Razi/gikongoro,Razi,Ruguho,,,Project Assessment - 2018.10.7,-1.69699,29.86647,,http://www.worldpop.org.uk/data/summary?doi=10.5258/SOTON/WP00539,7387.0,43683.0,Gikongoro,602.0,Kirwa,560.0,Gahinga,709.0,,0.0,,0.0,,,10/7/18,,,,,,,,,POINT (485143.45637596224 4812374.260534367),1441.6,3021.95,5537.28,8387.8,12547.47,1469.43,3042.87,5646.25,8610.21,12799.87
006f100000d7ww3AAA,1013802,Rwanda,Rwanda - Mbizi - 1013802,Rejected,Technical,11/12/18,Northern Province,Gakenke,Rushashi,Shombwe/gatwa-Burimba/kara,Mbizi,Mbizi,,,Project Assessment - 2018.10.7,-1.72314,29.84565,,http://www.worldpop.org.uk/data/summary?doi=10.5258/SOTON/WP00539,6650.0,38767.0,Gatwa,458.0,Murara,690.0,Gatare,740.0,Kivumu,0.0,,0.0,,,10/7/18,,,,,,,,,POINT (482827.2510087462 4809482.823640182),1372.74,3519.19,5891.47,8658.65,11378.44,1393.24,3558.22,6032.73,9012.0,11808.85
006f100000d7ww8AAA,1013803,Rwanda,Rwanda - Kabere - 1013803,Rejected,Vehicular Bridge Required,12/2/18,Northern Province,Gakenke,Janja,Gatwa/murambi,Kabere,Erosion,,,Project Pre-Assessment - 2018.10.7,-1.69199,29.70148,,http://www.worldpop.org.uk/data/summary?doi=10.5258/SOTON/WP00539,6669.0,42801.0,Murambi,650.0,,0.0,,0.0,,0.0,,0.0,,,10/7/18,,,,,,,,,POINT (466786.4681639442 4812925.039385442),1231.76,2970.62,5433.03,8770.77,12757.94,1219.19,2998.17,5563.96,8961.7,13155.42
006f100000dhpEhAAI,1012549,Rwanda,Rwanda - Gitenga - 1012549,Rejected,Technical,11/14/18,Northern Province,Gakenke,Gakenke,Kagarama/gitenga-buheta/buyagiro,Gitenga,,,,Project Assessment - 2018.8.4,-1.668055556,29.80361111,,http://www.worldpop.org.uk/data/summary?doi=10.5258/SOTON/WP00539,6741.0,45352.0,Buheta and kagoma,4500.0,,0.0,,0.0,,0.0,,0.0,,,8/4/18,,,,,,,,,POINT (478149.4331587196 4815572.796078556),1392.78,3095.37,5931.15,10173.54,15214.16,1431.95,3254.32,5931.69,10339.44,15474.99
006f100000dhpEmAAI,1012550,Rwanda,Rwanda - Banga - 1012550,Identified,Requested,12/31/25,Northern Province,Gakenke,Gakenke-Minazi,Ndora-mutara,Banga,,Rwanda Full Scale Research - Randomized and Baselined - Intervention,,Project Assessment - 2018.8.4,-1.6897222,29.80888,,http://www.worldpop.org.uk/data/summary?doi=10.5258/SOTON/WP00539,6569.0,39081.0,Ndora,250.0,Mutara,350.0,,0.0,,0.0,,0.0,,,8/4/18,,,,,,,,,POINT (478735.89528466406 4813177.285849953),1633.33,3207.68,5682.6,8622.68,12482.24,1685.88,3222.58,5800.77,8760.28,12641.58
006f100000fHqCoAAK,1015693,Rwanda,Rwanda - Kabutimbo - 1015693,Complete,In Service,6/28/21,Northern Province,Gakenke,Rusasa,Rurembo - kamonyi,Kabutimbo,Gaseke,Rwanda Full Scale Research - Randomized and Baselined - Intervention,,Project Assessment - 2019.2.22,-1.621187,29.660569,,https://api.worldpop.org/v1/services/stats?,6877.58,50809.14,Rurembo,662.0,Nyundo,618.0,,0.0,,0.0,,0.0,,,2/22/19,,,,,,,,,POINT (462233.2923416713 4820752.702474268),1432.24,3169.1,6853.1,11007.57,15884.66,1460.35,3212.88,6995.55,11118.44,16174.43
0063Z00000hwQZ7QAM,1022386,Rwanda,Rwanda - Sector 3 bridge - 1022386,Rejected,,12/31/19,Kigali,Gasabo,Ndera_Kanombe,,Sector 3 bridge,Nyandugu,,,Project Assessment - 2019.12.23,-1.952646,30.139628,500.0,https://api.worldpop.org/v1/services/stats?,62110.8,363062.62,Ndera,500.0,,0.0,,0.0,,0.0,,0.0,,0.0,12/23/19,,0.0,,0.0,,0.0,,0.0,POINT (515532.8146898722 4784107.689861932),13490.15,34031.85,63865.5,98314.25,137850.84,14624.92,35392.38,65795.16,100907.56,141781.48
0063Z00000hwQZRQA2,1022387,Rwanda,Rwanda - Sector 4A - 1022387,Rejected,,12/31/19,Kigali,Gasabo,Ndera,Nyandugu Ecotourism Park,Sector 4A,Nyandugu,,,Project Assessment - 2019.12.23,-1.957537,30.151651,500.0,https://api.worldpop.org/v1/services/stats?,48232.07,299816.41,Ndera,500.0,,0.0,,0.0,,0.0,,0.0,,0.0,12/23/19,,0.0,,0.0,,0.0,,0.0,POINT (516870.25870862167 4783566.801096052),8626.35,19583.89,36278.39,63734.49,101701.59,8719.05,20254.31,37034.48,66214.4,105125.84
0063Z00000hwQZgQAM,1022388,Rwanda,Rwanda - Sector 4B - 1022388,Rejected,,12/31/19,Kigali,Gasabo,Nyandugu Ecotourism Park,Sector 4 near infocenter,Sector 4B,,,,Project Assessment - 2019.12.23,-1.951633,30.146159,1500.0,https://api.worldpop.org/v1/services/stats?,52514.55,331536.88,Tourists,500.0,Researchers,500.0,Sportives,500.0,,0.0,,0.0,,0.0,12/23/19,,0.0,,0.0,,0.0,,0.0,POINT (516259.3622861915 4784219.630333371),5668.87,23542.93,46846.37,74688.42,119200.82,5764.83,25009.23,48997.42,77457.08,122229.45
0063Z00000pn2FQQAY,1037311,Rwanda,Rwanda - Marenge - 1037311,Complete,In Service,5/13/22,Kigali,Gasabo,Nduba,"Sha, Ngiryi",Marenge,Nyabugogo,,,Project Pre-Assessment - 2021.8.31,-1.83181776,30.07863042,,https://api.worldpop.org/v1/services/stats?,9780.63,66841.92,,,,0.0,,0.0,,0.0,,0.0,,0.0,8/31/21,,0.0,,0.0,,0.0,,0.0,POINT (508747.78297431 4797467.448276231),1587.37,4203.6,8209.97,14586.41,21507.14,1614.81,4367.99,8314.87,14812.52,21865.63
0063Z00000pn2FQQAY,1037311,Rwanda,Rwanda - Marenge - 1037311,Complete,In Service,5/13/22,Kigali,Gasabo,Nduba,"Sha, Ngiryi",Marenge,Nyabugogo,,,Project Assessment - 2022.2.11,-1.83181776,30.07863042,2062.0,https://api.worldpop.org/v1/services/stats?,9780.63,66841.92,Ngara,808.0,kamuyange,519.0,Kigarama,735.0,,0.0,,0.0,,0.0,2/11/22,,0.0,,0.0,,0.0,,0.0,POINT (508747.78297431 4797467.448276231),1587.37,4203.6,8209.97,14586.41,21507.14,1614.81,4367.99,8314.87,14812.52,21865.63
0063Z00000rBBlNQAW,1037824,Rwanda,Rwanda - Agateko - 1037824,Complete,In Service,6/30/23,Kigali,Gasabo,Jali,Gashyushya - Agateko,Agateko,Jali,,,Project Pre-Assessment - 2021.11.8,-1.899344,30.038678,1160.0,https://api.worldpop.org/v1/services/stats?,45829.72,320980.38,Gashyushya,560.0,Gatereko,600.0,,0.0,,0.0,,0.0,,0.0,11/8/21,,0.0,,0.0,,0.0,,0.0,POINT (504302.83556490846 4790001.594133714),11299.67,23017.21,35994.45,57842.93,95670.45,11603.88,23240.62,36711.34,59459.22,98136.5
0063Z00000rBBlNQAW,1037824,Rwanda,Rwanda - Agateko - 1037824,Complete,In Service,6/30/23,Kigali,Gasabo,Jali,Gashyushya - Agateko,Agateko,Jali,,,Project Assessment - 2021.12.2,-1.899344,30.038678,0.0,https://api.worldpop.org/v1/services/stats?,45829.72,320980.38,,0.0,,0.0,,0.0,,0.0,,0.0,,0.0,12/2/21,,0.0,,0.0,,0.0,,0.0,POINT (504302.83556490846 4790001.594133714),11299.67,23017.21,35994.45,57842.93,95670.45,11603.88,23240.62,36711.34,59459.22,98136.5
0063Z00000rCygsQAC,1038493,Rwanda,Rwanda - Nyakabungo - 1038493,Complete,In Service,6/24/22,Kigali,Gasabo,Jali,Nyakabungo,Nyakabungo,Gahanga,,,Project Pre-Assessment - 2022.1.4,-1.888097,30.032909,500.0,https://api.worldpop.org/v1/services/stats?,17353.38,214919.25,Nyakabungo,500.0,,0.0,,0.0,,0.0,,0.0,,0.0,1/4/22,,0.0,,0.0,,0.0,,0.0,POINT (503661.071552863 4791245.125781314),4526.38,9046.12,14796.32,32525.79,48654.62,4624.53,9130.21,15202.53,32858.42,49290.93
0063Z00000rCygsQAC,1038493,Rwanda,Rwanda - Nyakabungo - 1038493,Complete,In Service,6/24/22,Kigali,Gasabo,Jali,Nyakabungo,Nyakabungo,Gahanga,,,Project Pre-Assessment - 2022.2.19,-1.888097,30.032909,2972.0,https://api.worldpop.org/v1/services/stats?,17353.38,214919.25,Karenge,1879.0,Bugarama,1093.0,,0.0,,0.0,,0.0,,0.0,2/19/22,,0.0,,0.0,,0.0,,0.0,POINT (503661.071552863 4791245.125781314),4526.38,9046.12,14796.32,32525.79,48654.62,4624.53,9130.21,15202.53,32858.42,49290.93
0063Z00000rCygsQAC,1038493,Rwanda,Rwanda - Nyakabungo - 1038493,Complete,In Service,6/24/22,Kigali,Gasabo,Jali,Nyakabungo,Nyakabungo,Gahanga,,,Project Pre-Assessment - 2022.2.26,-1.888097,30.032909,2972.0,https://api.worldpop.org/v1/services/stats?,17353.38,214919.25,Karenge,1093.0,Bugalama,1879.0,,0.0,,0.0,,0.0,,0.0,2/26/22,,0.0,,0.0,,0.0,,0.0,POINT (503661.071552863 4791245.125781314),4526.38,9046.12,14796.32,32525.79,48654.62,4624.53,9130.21,15202.53,32858.42,49290.93
0063Z00000wbKcvQAE,1042761,Rwanda,Rwanda - Ntora - 1042761,Cancelled,,12/31/22,Kigali,Gasabo,Gisozi,Ruhango,Ntora,Nyabugogo,,,Project Pre-Assessment - 2022.11.3,-1.914432,30.050064,5600.0,https://api.worldpop.org/v1/services/stats?,136250.23,474245.12,Ntora,1500.0,Rukeri,900.0,Rugoro,1400.0,Akisoko,900.0,Akimihigo,900.0,,0.0,11/3/22,,0.0,,0.0,,0.0,,0.0,POINT (505569.45278466365 4788333.364595293),28052.23,76057.12,132430.81,174685.19,219830.0,28959.0,79024.43,135426.22,177537.22,221760.89
0063Z0000103w8rQAA,1045919,Rwanda,Rwanda - Akinyana - 1045919,Complete,In Service,3/8/24,Kigali,Gasabo,Jabana,Bweramvura,Akinyana,Murongozi,,,Project Pre-Assessment - 2023.5.16,-1.878923,30.035777,9786.0,https://api.worldpop.org/v1/services/stats?,11606.87,160588.53,Gitaba,1650.0,Ruhihi,2700.0,Gikingo,2756.0,Akinyana,1230.0,Nyakabingo,1450.0,,0.0,5/16/23,,0.0,,0.0,,0.0,,0.0,POINT (503980.1526432415 4792259.437647418),3522.75,7603.12,15474.26,25253.31,40496.47,3599.98,7767.69,15684.36,25733.85,41010.01
0063Z0000103w9fQAA,1045922,Rwanda,Rwanda - Gikingo jabana - 1045922,Identified,Requested,12/31/24,Kigali,Gasabo,Jabana,Bweramvura,Gikingo jabana,Murongozi,,,Project Assessment - 2023.5.16,-1.88638,30.04138,9536.0,https://api.worldpop.org/v1/services/stats?,23754.35,244528.28,Gikingo,2756.0,Akinyana,1230.0,Ruhihi,2700.0,Gitaba,1650.0,Rugogwe,1200.0,,0.0,5/16/23,,0.0,,0.0,,0.0,,0.0,POINT (504603.4608864202 4791434.944815438),4719.92,12876.4,24635.25,44190.01,55442.34,4755.19,12933.29,25307.41,44736.9,56604.46
0063Z0000104Dg2QAE,1046090,Rwanda,Rwanda - KAJEVUBA - 1046090,Complete,In Service,3/18/25,Kigali,Gasabo,Jali,Nkusi,KAJEVUBA,Yanza,,,Project Pre-Assessment - 2023.5.25,1.84777,29.9911,4173.0,https://api.worldpop.org/v1/services/stats?,7318.88,41179.29,Kajevuba,782.0,Agatwa,665.0,Nyagasayo,758.0,Kigarama,1153.0,Gisiza,815.0,,0.0,5/25/23,,0.0,,0.0,,0.0,,0.0,POINT (499009.8672674729 5204296.111576888),250.95,875.28,1188.34,1485.87,2067.28,250.95,875.28,1188.34,1492.56,2216.83
0063Z0000104DgbQAE,1046095,Rwanda,Rwanda - AGATARE - 1046095,Identified,Requested,6/30/25,Kigali,Gasabo,Jali,Nyamitanga,AGATARE,Yanza,,,Project Assessment - 2023.5.25,-1.905,30.00444,4580.0,https://api.worldpop.org/v1/services/stats?,1703.85,24021.62,Agatare,850.0,Urunyinya,960.0,Mubuga,1120.0,Mataba,860.0,Ngendo,790.0,,0.0,5/25/23,,0.0,,0.0,,0.0,,0.0,POINT (500493.9378006775 4789376.289151394),3257.38,7407.63,14117.26,24649.38,32828.87,3387.76,7630.34,14799.74,25045.93,33490.43
0063Z0000105bARQAY,1047206,Rwanda,Rwanda - Byimana - 1047206,Identified,,6/30/25,Kigali,Gasabo,Jali,Agateko,Byimana,Gauge,,,Project Assessment - 2023.7.22,-1.894142,30.034157,7105.0,https://api.worldpop.org/v1/services/stats?,26880.42,263448.19,Rwankuba,1700.0,Bugarama,1854.0,Byimana,2005.0,Runyinya,1546.0,,0.0,,0.0,7/22/23,,0.0,,0.0,,0.0,,0.0,POINT (503799.8963460079 4790576.761020806),6360.38,11033.41,25329.18,39620.16,57568.77,6420.88,11354.55,25679.31,40211.21,58747.97
0063Z0000105bAbQAI,1047208,Rwanda,Rwanda - Kiriza - 1047208,Identified,,6/30/25,Kigali,Gasabo,Bumbogo,Nyabikenke,Kiriza,Ruvemera,,,Project Assessment - 2023.7.22,-1.907277,30.14043,11207.0,https://api.worldpop.org/v1/services/stats?,25915.24,202007.62,Birembo,2100.0,Kiriza,1620.0,Karama,3345.0,Gikumba,2242.0,Munini,1900.0,,0.0,7/22/23,,0.0,,0.0,,0.0,,0.0,POINT (515622.4468270684 4789123.897353905),5549.55,16177.26,28729.53,44096.89,64010.34,5827.47,17004.76,29540.31,45475.39,65584.56
0063Z0000105bAgQAI,1047209,Rwanda,Rwanda - Zindiro - 1047209,Identified,,3/31/25,Kigali,Gasabo,Bumbogo,Kinyaga,Zindiro,Mukariza,,,Project Assessment - 2023.7.22,-1.918399,30.145997,1.0,https://api.worldpop.org/v1/services/stats?,32613.43,231708.88,Gikumba,1.0,,0.0,,0.0,,0.0,,0.0,,0.0,7/22/23,,0.0,,0.0,,0.0,,0.0,POINT (516241.65681893425 4787894.143949957),6173.65,15624.71,31247.98,48927.94,72552.28,6370.86,16221.13,32309.71,50586.93,74975.89
006Ns00000DDaxUIAT,1051141,Rwanda,Rwanda - Gasange - 1051141,Identified,Requested,12/31/24,Kigali,Gasabo,Kimihuira,Rugando,Gasange,Gorge,,,Project Pre-Assessment - 2024.4.17,-1.959353,30.100831,7663.0,https://api.worldpop.org/v1/services/stats?,91901.19,504094.0,Gasange,1633.0,Gasasa,2160.0,Taba,720.0,Ukwezi,1310.0,Amajyambere,1840.0,,0.0,4/17/24,,0.0,,0.0,,0.0,,0.0,POINT (511216.82093486754 4783366.441118122),24593.21,49674.43,86050.16,141876.12,205235.53,25005.23,51138.59,88737.64,144697.66,211000.44
006Ns00000DDczGIAT,1051140,Rwanda,Rwanda - RUGINA - 1051140,Identified,Requested,12/31/24,Kigali,Gasabo,JALI,NYAKABUNGO,RUGINA,Gorge,,,Project Pre-Assessment - 2024.4.17,-1.877215,30.032906,8743.0,https://api.worldpop.org/v1/services/stats?,9703.4,138431.38,Karenge,1057.0,Gitaba,3234.0,Akabande,1013.0,Ruhihi,1657.0,Bwocya,879.0,Rugina,903.0,4/17/24,,0.0,,0.0,,0.0,,0.0,POINT (503660.76050891 4792448.287969153),3523.99,6969.23,12977.8,22806.2,33065.86,3593.79,6994.33,13160.93,23157.59,33647.33
006f100000ZQRpzAAH,RW101,Rwanda,Rwanda - Sha - RW101,Complete,In Service,12/31/14,Kigali,Gasabo,Nduba,,Sha,Karuruma,,,Project Pre-Assessment - 2024.12.5,-1.81375,30.098744,0.0,https://api.worldpop.org/v1/services/stats?,8411.23,54172.1,,0.0,,0.0,,0.0,,0.0,,0.0,,0.0,12/5/24,,0.0,,0.0,,0.0,,0.0,POINT (510985.5683068185 4799464.990528315),1646.74,4115.58,7816.81,12575.98,17615.91,1719.36,4282.47,8001.39,12815.49,17925.63
006f100000ZQRpzAAH,RW101,Rwanda,Rwanda - Sha - RW101,Complete,In Service,12/31/14,Kigali,Gasabo,Nduba,,Sha,Karuruma,,,Project Pre-Assessment - 2024.12.6,-1.81375,30.098744,3560.0,https://api.worldpop.org/v1/services/stats?,8411.23,54172.1,Bikumba,635.0,Gatare,690.0,Kamuyange,535.0,Ngara,800.0,Amataba (Rulindo),900.0,,0.0,12/6/24,,0.0,,0.0,,0.0,,0.0,POINT (510985.5683068185 4799464.990528315),1646.74,4115.58,7816.81,12575.98,17615.91,1719.36,4282.47,8001.39,12815.49,17925.63
006f100000ZQRq3AAH,RW104,Rwanda,Rwanda - Gasura - RW104,Complete,In Service,6/1/15,Kigali,Gasabo,Nduba,,Gasura,Nyabugogo,,,Project Pre-Assessment - 2024.12.5,-1.820693,30.114383,0.0,http://www.worldpop.org.uk/data/summary?doi=10.5258/SOTON/WP00539,4670.0,32494.0,,0.0,,0.0,,0.0,,0.0,,0.0,,0.0,12/5/24,,0.0,,0.0,,0.0,,0.0,POINT (512725.40786838206 4798697.238393334),705.19,2605.98,7029.96,11164.22,15945.84,735.8,2656.66,7177.51,11380.14,16293.46
006f100000ZQRq3AAH,RW104,Rwanda,Rwanda - Gasura - RW104,Complete,In Service,6/1/15,Kigali,Gasabo,Nduba,,Gasura,Nyabugogo,,,Project Pre-Assessment - 2024.12.6,-1.820693,30.114383,3107.0,http://www.worldpop.org.uk/data/summary?doi=10.5258/SOTON/WP00539,4670.0,32494.0,Kazi (Nduba),531.0,Gashinya,380.0,Agacyamo,723.0,Uruhahiro,500.0,Kazi (Ntarabana),973.0,,0.0,12/6/24,,0.0,,0.0,,0.0,,0.0,POINT (512725.40786838206 4798697.238393334),705.19,2605.98,7029.96,11164.22,15945.84,735.8,2656.66,7177.51,11380.14,16293.46
006f100000ZQRq3AAH,RW104,Rwanda,Rwanda - Gasura - RW104,Complete,In Service,6/1/15,Kigali,Gasabo,Nduba,,Gasura,Nyabugogo,,,Inspection Form - Suspension - 2018.2.7,-1.820693,30.114383,,http://www.worldpop.org.uk/data/summary?doi=10.5258/SOTON/WP00539,4670.0,32494.0,,,,,,,,,,,,,2/7/18,,,,,,,,,POINT (512725.40786838206 4798697.238393334),705.19,2605.98,7029.96,11164.22,15945.84,735.8,2656.66,7177.51,11380.14,16293.46
006f100000a86G7AAI,1007531,Rwanda,Rwanda - Kumagare - 1007531,Rejected,Technical,11/30/18,Kigali,Gasabo,Muhima-Gisozi,,Kumagare,Nyabugogo,,,Project Assessment - 2018.6.11,-1.935831,30.051385,0.0,http://www.worldpop.org.uk/data/summary?doi=10.5258/SOTON/WP00539,138047.0,454052.0,,0.0,,0.0,,0.0,,0.0,,0.0,,,6/11/18,,,,,,,,,POINT (505716.3383796711 4785967.390171063),36217.24,92648.77,152081.69,221770.09,280834.19,34703.79,93437.41,154572.03,225784.97,285490.69
006f100000a86G7AAI,1007531,Rwanda,Rwanda - Kumagare - 1007531,Rejected,Technical,11/30/18,Kigali,Gasabo,Muhima-Gisozi,,Kumagare,Nyabugogo,,,Project Assessment - 2018.11.19,-1.935831,30.051385,,http://www.worldpop.org.uk/data/summary?doi=10.5258/SOTON/WP00539,138047.0,454052.0,Gisozi,48588.0,32450,0.0,,0.0,,0.0,,0.0,,,11/19/18,,,,,,,,,POINT (505716.3383796711 4785967.390171063),36217.24,92648.77,152081.69,221770.09,280834.19,34703.79,93437.41,154572.03,225784.97,285490.69
006f100000a86I4AAI,1007652,Rwanda,Rwanda - Nyungwe - 1007652,Rejected,Technical,12/2/18,Kigali,Gasabo,Shyorongi-Jari,Nkusi,Nyungwe,Yanze,,,Project Assessment - 2018.11.30,-1.857823,29.992177,,http://www.worldpop.org.uk/data/summary?doi=10.5258/SOTON/WP00539,7307.0,35666.0,Nyagasayo,812.0,Munyinya,618.0,Kajevuba,654.0,Nyarushinga,754.0,Gisiza,564.0,,,11/30/18,,,,,,,,,POINT (499129.6893607118 4794592.385274699),1947.11,4828.21,9057.83,12620.48,18113.54,2022.12,5064.16,9210.16,12957.66,18432.69
006f100000a86I5AAI,1007653,Rwanda,Rwanda - Kiziranyenzi - 1007653,Rejected,Technical,11/30/18,Kigali,Gasabo,Shyorongi-Jari,Bugaragara-Nkusi,Kiziranyenzi,Yanza,,,Project Assessment - 2018.11.30,-1.848168,29.991187,,http://www.worldpop.org.uk/data/summary?doi=10.5258/SOTON/WP00539,6854.0,34591.0,Nkusi,2434.0,Bugaragara,1824.0,Munyarwanda,1725.0,,0.0,,0.0,,,11/30/18,,,,,,,,,POINT (499019.54631140875 4795659.883850403),2175.13,4304.83,7338.87,11237.54,15273.15,2238.85,4433.15,7552.25,11604.26,15639.92
006f100000a86IWAAY,1007680,Rwanda,Rwanda - Ntora - 1007680,Rejected,Technical,11/28/18,Kigali,Gasabo,Gatsata Gisozi,Nyamugali-Ruhango,Ntora,Nyabugogo,Rwanda Full Scale Research - Randomized and Baselined - Long Term Control,,Project Assessment - 2018.11.19,-1.916403,30.04942,,http://www.worldpop.org.uk/data/summary?doi=10.5258/SOTON/WP00539,32876.0,280513.0,,0.0,,0.0,,0.0,,0.0,,0.0,,,11/19/18,,,,,,,,,POINT (505497.80363503715 4788115.444043563),31456.2,78527.59,135050.14,176927.86,225544.22,32888.05,80588.2,138195.88,179697.62,229205.11
006f100000a86IWAAY,1007680,Rwanda,Rwanda - Ntora - 1007680,Rejected,Technical,11/28/18,Kigali,Gasabo,Gatsata Gisozi,Nyamugali-Ruhango,Ntora,Nyabugogo,Rwanda Full Scale Research - Randomized and Baselined - Long Term Control,,Project Assessment - 2018.11.19,-1.916403,30.04942,,http://www.worldpop.org.uk/data/summary?doi=10.5258/SOTON/WP00539,32876.0,280513.0,,0.0,,0.0,,0.0,,0.0,,0.0,,,11/19/18,,,,,,,,,POINT (505497.80363503715 4788115.444043563),31456.2,78527.59,135050.14,176927.86,225544.22,32888.05,80588.2,138195.88,179697.62,229205.11
006f100000eekVGAAY,1014241,Rwanda,Rwanda - Kwa Dubaii - 1014241,Rejected,Technical,11/28/18,Kigali,Gasabo,Kinyinya,Murama,Kwa Dubaii,Igishanga (wetland),,,Project Pre-Assessment - 2018.11.11,-1.903719,30.104828,,http://www.worldpop.org.uk/data/summary?doi=10.5258/SOTON/WP00539,8004.0,104181.0,Murama,4500.0,,0.0,,0.0,,0.0,,0.0,,,11/11/18,,,,,,,,,POINT (511661.8421101733 4789517.568441918),9619.46,20845.45,44103.0,82703.11,120536.83,10177.46,21393.73,44972.21,83454.52,122679.55
006f100000eekYtAAI,1014273,Rwanda,Rwanda - Kohaki - 1014273,Rejected,Technical,11/11/18,Kigali,Gasabo,Kinyinya,Gasharu,Kohaki,Wetland igishanga,,,Project Assessment - 2018.11.11,-1.88659,30.09792,,http://www.worldpop.org.uk/data/summary?doi=10.5258/SOTON/WP00539,5461.0,52497.0,Rwankuba,1578.0,Ngaruyinka,1457.0,Gasanze,2457.0,,0.0,,0.0,,,11/11/18,,,,,,,,,POINT (510893.4513536064 4791411.474556487),11060.78,19170.67,34412.27,50710.46,74689.44,11397.78,19562.25,34165.6,51432.96,75966.88
006f100000eevNxAAI,1014448,Rwanda,Rwanda - Nyakirehe - 1014448,Rejected,Technical,11/19/18,Kigali,Gasabo,Jabana,Ngiryi,Nyakirehe,Channel formed by stormwater,,,Project Assessment - 2018.11.19,-1.836888,30.07574,,http://www.worldpop.org.uk/data/summary?doi=10.5258/SOTON/WP00539,7151.0,42782.0,Nyakirehe,819.0,,0.0,,0.0,,0.0,,0.0,,,11/19/18,,,,,,,,,POINT (508426.194368574 4796906.873811167),1976.68,4489.24,8346.31,14102.58,21905.11,2044.29,4637.84,8518.93,14339.71,22372.66
006f100000eevObAAI,1014450,Rwanda,Rwanda - Agahama - 1014450,Rejected,Technical,11/19/18,Kigali,Gasabo,Jabana,Ngiryi,Agahama,Mirindi,,,Project Assessment - 2018.11.19,-1.849236,30.064609,,http://www.worldpop.org.uk/data/summary?doi=10.5258/SOTON/WP00539,8156.0,47025.0,Agahama,634.0,Kidashya,850.0,,0.0,,0.0,,0.0,,,11/19/18,,,,,,,,,POINT (507187.8029893542 4795541.672754123),1915.83,5435.82,10239.42,16439.46,24956.23,1978.44,5558.59,10516.26,16663.5,25869.45
006f100000ef7dzAAA,1014497,Rwanda,Rwanda - Gisasa - 1014497,Rejected,Vehicular Bridge Required,11/30/18,Kigali,Gasabo,Bugondo -Kinyinya,Ngara,Gisasa,Gashyokero,,,Project Pre-Assessment - 2018.11.25,-1.9020028,30.12219,,http://www.worldpop.org.uk/data/summary?doi=10.5258/SOTON/WP00539,6173.0,70294.0,Gisasa,2360.0,Kinyinya (Agatare),2500.0,,0.0,,0.0,,0.0,,,11/25/18,,,,,,,,,POINT (513593.3355825813 4789707.192456033),13569.39,24558.27,42075.89,59776.7,75207.34,13659.45,24958.86,43109.45,60836.95,77011.41
006f100000ef7e4AAA,1014498,Rwanda,Rwanda - Akigabiro - 1014498,Rejected,Technical,11/30/18,Kigali,Gasabo,Bumbogo,Nyagasozi,Akigabiro,Kareshya,,,Project Pre-Assessment - 2018.11.25,-1.822718,30.146343,,http://www.worldpop.org.uk/data/summary?doi=10.5258/SOTON/WP00539,4970.0,30696.0,Akigabiro,888.0,Kareshya,957.0,,0.0,,0.0,,0.0,,,11/25/18,,,,,,,,,POINT (516281.03018669196 4798473.087835902),1180.92,3241.73,6506.02,10773.13,14726.37,1213.64,3276.0,6660.29,10947.94,15034.44
006f100000ef7e9AAA,1014499,Rwanda,Rwanda - Barage - 1014499,Rejected,Vehicular Bridge Required,11/30/18,Kigali,Gasabo,Bumbogo,Nyagasozi,Barage,Barage,,,Project Assessment - 2025.2.22,38.907192,-77.036873,25.0,http://www.worldpop.org.uk/data/summary?doi=10.5258/SOTON/WP00539,4886.0,29088.0,test1,13.0,nana,12.0,,0.0,,0.0,,0.0,,0.0,2/22/25,,0.0,,0.0,,0.0,,0.0,POINT (-5622834.774458582 17219788.32732494),,,,,,,,,,
006f100000ef7e9AAA,1014499,Rwanda,Rwanda - Barage - 1014499,Rejected,Vehicular Bridge Required,11/30/18,Kigali,Gasabo,Bumbogo,Nyagasozi,Barage,Barage,,,Project Pre-Assessment - 2018.11.25,38.907192,-77.036873,,http://www.worldpop.org.uk/data/summary?doi=10.5258/SOTON/WP00539,4886.0,29088.0,Nyagasozi,914.0,Kabeza (Rutunga),812.0,,0.0,,0.0,,0.0,,,11/25/18,,,,,,,,,POINT (-5622834.774458582 17219788.32732494),,,,,,,,,,
006f100000ef7jOAAQ,1014508,Rwanda,Rwanda - Buranga - 1014508,Rejected,Technical,11/27/18,Kigali,Gasabo,Kimironko,Kibagabaga-Nyarutovu,Buranga,Nyagatovu,,,Project Assessment - 2018.11.25,-1.94362,30.121686,,http://www.worldpop.org.uk/data/summary?doi=10.5258/SOTON/WP00539,61430.0,257387.0,Nyagatovu,16950.0,Kibagabaga,19500.0,,0.0,,0.0,,0.0,,,11/25/18,,,,,,,,,POINT (513536.93884366844 4785105.802400034),27962.34,64103.49,96245.95,137035.0,179176.59,28571.45,65922.98,100374.02,140999.72,184759.91
006f100000efHACAA2,1014594,Rwanda,Rwanda - Irayirayi - 1014594,Rejected,Technical,12/2/18,Kigali,Gasabo,Rutunga,Gasabo/murindi,Irayirayi,Serebeka,,,Project Assessment - 2018.11.30,-1.78019,30.14043,,http://www.worldpop.org.uk/data/summary?doi=10.5258/SOTON/WP00539,4495.0,33379.0,Rutare,9000.0,Rutunga,10000.0,,0.0,,0.0,,0.0,,,11/30/18,,,,,,,,,POINT (515623.5548691423 4803175.233604092),1502.66,3918.17,6244.69,10200.81,15328.24,1534.97,4056.18,6264.16,10527.41,15628.86
006f100000efHAHAA2,1014595,Rwanda,Rwanda - Kabarebe - 1014595,Rejected,Vehicular Bridge Required,12/2/18,Kigali,Gasabo,Rutunga,Gasabo/murindi,Kabarebe,Nyabugogo,,,Project Pre-Assessment - 2023.7.22,-1.790165,30.130513,4516.0,http://www.worldpop.org.uk/data/summary?doi=10.5258/SOTON/WP00539,4876.0,31000.0,Murindi,667.0,Gasharu,971.0,Cyamutara,1021.0,Nyakambu,1003.0,Bikamba,854.0,,0.0,7/22/23,,0.0,,0.0,,0.0,,0.0,POINT (514520.1577073913 4802072.432918486),1706.84,3840.73,7314.14,11767.59,16790.13,1760.55,3962.85,7439.3,12080.42,17240.69
006f100000efHAHAA2,1014595,Rwanda,Rwanda - Kabarebe - 1014595,Rejected,Vehicular Bridge Required,12/2/18,Kigali,Gasabo,Rutunga,Gasabo/murindi,Kabarebe,Nyabugogo,,,Project Assessment - 2018.11.30,-1.790165,30.130513,,http://www.worldpop.org.uk/data/summary?doi=10.5258/SOTON/WP00539,4876.0,31000.0,Rutunga,5690.0,Ntarabana,8690.0,,0.0,,0.0,,0.0,,,11/30/18,,,,,,,,,POINT (514520.1577073913 4802072.432918486),1706.84,3840.73,7314.14,11767.59,16790.13,1760.55,3962.85,7439.3,12080.42,17240.69
006f100000efHCDAA2,1014613,Rwanda,Rwanda - Kibobo-Rwingeyo - 1014613,Rejected,Technical,12/2/18,Kigali,Gasabo,Gikomero,Kibara-Gasagara,Kibobo-Rwingeyo,Mburamazi,,,Project Assessment - 2018.11.30,-1.864099,30.23329,,http://www.worldpop.org.uk/data/summary?doi=10.5258/SOTON/WP00539,5379.0,30540.0,Kibobo,716.0,Gasharu,521.0,Nombe,402.0,Rwingeyo,512.0,Gasagara-Rugwiza,1067.0,,,11/30/18,,,,,,,,,POINT (525953.5490514383 4793896.766347776),1982.17,4944.15,7925.95,11170.23,15096.1,1980.35,4985.43,7986.25,11312.33,15211.51
006f100000efHCIAA2,1014614,Rwanda,Rwanda - Kajevuba - 1014614,Rejected,Technical,12/2/18,Kigali,Gasabo,Jali-Ngoma,Nkusi-Munyarwanda,Kajevuba,Mulindi,,,Project Assessment - 2018.11.30,-1.84731,29.99128,,http://www.worldpop.org.uk/data/summary?doi=10.5258/SOTON/WP00539,6814.0,34520.0,Nkusi,2434.0,Bugaragara,1725.0,Munyarwanda,1824.0,,0.0,,0.0,,,11/30/18,,,,,,,,,POINT (499029.89217446494 4795754.748134291),2119.73,4244.46,7222.93,11041.56,15134.42,2166.82,4347.84,7388.94,11349.5,15484.03
0063Z00000weAZGQA2,1044734,Rwanda,Rwanda - Kagogo - 1044734,Identified,,12/31/25,Eastern Province,Gatsibo,"Giti, Gasenge","Kagogo, Gatare",Kagogo,Isanzure,,,Project Pre-Assessment - 2023.2.6,-1.92925,30.113055,4767.0,https://api.worldpop.org/v1/services/stats?,92939.81,421634.12,Cyamabano,986.0,Mukoni,685.0,Gatare,1543.0,Bushiranyota,1045.0,Bisika,508.0,,0.0,2/6/23,,0.0,,0.0,,0.0,,0.0,POINT (512576.88931868324 4786694.683880673),15226.15,39946.88,69838.03,113777.0,164010.02,16026.34,41416.7,72355.53,117481.75,168263.91
0063Z00000weAp9QAE,1044736,Rwanda,Rwanda - Ntende - 1044736,Rejected,Technical,12/31/23,Eastern Province,Gatsibo,"Kiziguro, Rugarama","Amahoro, Bidudu",Ntende,Ntende Dam,,,Project Assessment - 2023.2.6,-1.714168,30.412659,5116.0,https://api.worldpop.org/v1/services/stats?,9804.77,53499.59,Bidudu,868.0,Rugarama,1058.0,Kazinga,1086.0,Kanyanges,896.0,Nyamirambo,1208.0,,0.0,2/6/23,,0.0,,0.0,,0.0,,0.0,POINT (545912.3774226658 4810470.5555024985),3112.98,4472.41,9283.51,15801.68,20701.07,3161.43,4580.68,9409.17,16175.57,21201.12
0063Z00000weAxIQAU,1044737,Rwanda,Rwanda - Cyazanga - 1044737,Identified,,12/31/25,Eastern Province,Gatsibo,"Rwimbogo,","Sangano, Rugarama",Cyazanga,,,,Project Assessment - 2023.2.6,-1.670522,30.41226,5563.0,https://api.worldpop.org/v1/services/stats?,10875.82,56042.95,Sangano,1580.0,Rugarama,856.0,Munini,1286.0,Kabeza,856.0,Ngoma,985.0,,0.0,2/6/23,,0.0,,0.0,,0.0,,0.0,POINT (545869.009458779 4815296.3751016585),4293.51,9151.15,13638.55,20844.93,28371.65,4634.52,9716.99,14000.14,21463.07,28987.15
006f100000eev15AAA,1014409,Rwanda,Rwanda - Bitaba - 1014409,Rejected,Technical,11/19/18,Eastern Province,Gatsibo,Nyagihanga,Kibare-Nyagitabire,Bitaba,Walf,,,Project Assessment - 2018.11.18,-1.530688,30.210441,,http://www.worldpop.org.uk/data/summary?doi=10.5258/SOTON/WP00539,4254.0,29022.0,Bitaba-Kigarama,680.0,Bushashara-Murambi,1412.0,Kukabare-Gashuri,1641.0,Byimana-Mataba,1521.0,Rugaragara,525.0,,,11/18/18,,,,,,,,,POINT (523415.5926552171 4830760.655448925),761.75,1806.52,4485.87,7271.05,10040.22,778.65,1913.1,4663.62,7371.22,10216.13
006f100000eev1AAAQ,1014410,Rwanda,Rwanda - Kadogo - 1014410,Rejected,Technical,11/30/18,Eastern Province,Gatsibo,Rwimbogo,Rwikiniro,Kadogo,Kadogo,,,Project Assessment - 2018.11.18,-1.660292,30.461698,,http://www.worldpop.org.uk/data/summary?doi=10.5258/SOTON/WP00539,3569.0,19119.0,Byimana,1.0,Kabusunzu,0.0,Rwikiniro1,0.0,Rudogo1,0.0,,0.0,,,11/18/18,,,,,,,,,POINT (551369.9748393263 4816426.260310121),2916.2,5368.11,9907.26,14478.09,22455.01,2855.08,5429.9,9793.73,14444.67,22334.0
006f100000eev1FAAQ,1014411,Rwanda,Rwanda - Gisharara - 1014411,Rejected,Technical,11/19/18,Eastern Province,Gatsibo,Gitoki,Karubungo-Nyamirama,Gisharara,Nyamurazi,,,Project Assessment - 2018.11.18,-1.633869,30.338833,,http://www.worldpop.org.uk/data/summary?doi=10.5258/SOTON/WP00539,5026.0,25373.0,Karubungo,3241.0,Nyamirama,2140.0,,0.0,,0.0,,0.0,,,11/18/18,,,,,,,,,POINT (537699.9350348407 4819350.514878288),2128.75,4374.64,8106.36,11216.78,15053.87,2210.45,4448.19,8207.14,11271.26,15189.79
006f100000eev1KAAQ,1014412,Rwanda,Rwanda - Kivuba - 1014412,Rejected,Technical,11/19/18,Eastern Province,Gatsibo,Gitoki-Rugarama,Cyabusheshe-Remera,Kivuba,Karuruma,,,Project Pre-Assessment - 2023.2.6,-1.929248,30.113058,4122.0,http://www.worldpop.org.uk/data/summary?doi=10.5258/SOTON/WP00539,3885.0,27443.0,Kajevuba,680.0,Miko,786.0,Rwamivu,896.0,Akanyiranzage,865.0,Rwikubo,895.0,,0.0,2/6/23,,0.0,,0.0,,0.0,,0.0,POINT (512577.2230710857 4786694.904987888),15226.15,39946.88,69727.39,113777.0,164010.02,16026.34,41416.7,72355.53,117384.69,168321.38
006f100000eev1KAAQ,1014412,Rwanda,Rwanda - Kivuba - 1014412,Rejected,Technical,11/19/18,Eastern Province,Gatsibo,Gitoki-Rugarama,Cyabusheshe-Remera,Kivuba,Karuruma,,,Project Assessment - 2018.11.18,-1.929248,30.113058,,http://www.worldpop.org.uk/data/summary?doi=10.5258/SOTON/WP00539,3885.0,27443.0,Cyabusheshe,3214.0,Remera,2624.0,,0.0,,0.0,,0.0,,,11/18/18,,,,,,,,,POINT (512577.2230710857 4786694.904987888),15226.15,39946.88,69727.39,113777.0,164010.02,16026.34,41416.7,72355.53,117384.69,168321.38
006f100000eev1PAAQ,1014413,Rwanda,Rwanda - Byimana - 1014413,Rejected,Technical,11/30/18,Eastern Province,Gatsibo,Rwimbogo,Rwikiniro,Byimana,Pond of water,,,Project Assessment - 2018.11.18,-1.658066,30.462945,,http://www.worldpop.org.uk/data/summary?doi=10.5258/SOTON/WP00539,3385.0,18456.0,Byimana,1850.0,,0.0,,0.0,,0.0,,0.0,,,11/18/18,,,,,,,,,POINT (551508.7806017712 4816672.351742359),3051.98,5278.9,10083.33,14856.26,22557.26,3031.14,5170.26,10093.02,14824.73,22586.5
006f100000eev1UAAQ,1014414,Rwanda,Rwanda - Nyagacyamo - 1014414,Rejected,Technical,11/19/18,Eastern Province,Gatsibo,Gitoki,Karubungo-Nyamirama,Nyagacyamo,Ruhurura,,,Project Assessment - 2018.11.18,-1.6296,30.343077,,http://www.worldpop.org.uk/data/summary?doi=10.5258/SOTON/WP00539,4941.0,26397.0,Nyagacyamo,350.0,Isangano,512.0,Rwamuhinga-Karubungu,1013.0,Nyabikenke,715.0,Rukiri,652.0,,,11/18/18,,,,,,,,,POINT (538172.2258206357 4819822.441483692),2459.48,5725.02,7744.54,11801.55,17622.44,2486.37,5743.2,7821.54,12030.73,18044.75
006f100000eev1oAAA,1014418,Rwanda,Rwanda - Bwicaro - 1014418,Rejected,Vehicular Bridge Required,11/30/18,Eastern Province,Gatsibo,Nyagihinga,Kibare,Bwicaro,Akagera,,,Project Assessment - 2018.11.18,-1.564462,30.194624,,http://www.worldpop.org.uk/data/summary?doi=10.5258/SOTON/WP00539,4157.0,27369.0,Bwicaro,1.0,,0.0,,0.0,,0.0,,0.0,,,11/18/18,,,,,,,,,POINT (521655.2987474775 4827026.610486497),938.95,1783.1,3286.73,5058.07,7472.33,974.01,1817.0,3327.35,5118.13,7601.88
006f100000eev1tAAA,1014419,Rwanda,Rwanda - Kigobe - 1014419,Rejected,Technical,11/19/18,Eastern Province,Gatsibo,Nyagihanga,Nyamirama,Kigobe,Kabakene,,,Project Assessment - 2018.11.18,-1.576221,30.201582,,http://www.worldpop.org.uk/data/summary?doi=10.5258/SOTON/WP00539,4258.0,28297.0,Nyamirama,3740.0,,0.0,,0.0,,0.0,,0.0,,,11/18/18,,,,,,,,,POINT (522429.374843658 4825726.406625959),1083.7,1921.58,3404.13,5219.78,8780.73,1097.53,1959.82,3392.37,5300.26,8907.17
006f100000eev1yAAA,1014420,Rwanda,Rwanda - Gakiri - 1014420,Rejected,Technical,11/19/18,Eastern Province,Gatsibo,Gitoki-Kabarore,Bukomane-KabaroreII,Gakiri,Nyiramahwera,,,Project Assessment - 2018.11.18,-1.629849,30.379612,,http://www.worldpop.org.uk/data/summary?doi=10.5258/SOTON/WP00539,6618.0,24687.0,Gakiri-Gisaka,1428.0,Burembo-Rurema,1735.0,Bukomane,714.0,Cyabusheshe cell,3214.0,Kabingo,1164.0,,,11/18/18,,,,,,,,,POINT (542237.3191223884 4819794.181330623),5096.51,13599.94,22701.85,30049.07,38004.99,5418.73,13981.65,22851.21,30389.3,38815.95
006f100000ef84WAAQ,1014532,Rwanda,Rwanda - Ryabugenge - 1014532,Rejected,Technical,11/27/18,Eastern Province,Gatsibo,Gitoki - Remera,Mpondwa - Kigabiro,Ryabugenge,Gishenyi,,,Project Assessment - 2018.11.26,-1.65754,30.2992,,http://www.worldpop.org.uk/data/summary?doi=10.5258/SOTON/WP00539,3816.0,28407.0,Ryabugenge,510.0,Tsima,549.0,Byimana,451.0,,0.0,,0.0,,,11/26/18,,,,,,,,,POINT (533289.7711032861 4816734.01547256),1647.69,3000.01,4730.38,6890.46,11396.8,1652.81,3037.65,4820.79,6884.99,11468.54
006f100000ef84gAAA,1014533,Rwanda,Rwanda - Kigaga - 1014533,Rejected,Technical,11/27/18,Eastern Province,Gatsibo,Gitoki - Remera,Mpondwa - Kigabiro,Kigaga,Gishenyi,,,Project Assessment - 2018.11.26,-1.65055,30.30473,,http://www.worldpop.org.uk/data/summary?doi=10.5258/SOTON/WP00539,4262.0,27972.0,Tsima,549.0,Ryabugenge,510.0,Kanyinya,483.0,,0.0,,0.0,,,11/26/18,,,,,,,,,POINT (533905.1777286534 4817506.776022224),2095.95,3756.05,6188.39,8543.25,10654.76,2140.11,3801.14,6225.21,8622.11,10674.26
006f100000ef84lAAA,1014534,Rwanda,Rwanda - Gahama - 1014534,Rejected,Technical,11/27/18,Eastern Province,Gatsibo,Gitoki,Mpondwa,Gahama,,,,Project Assessment - 2018.11.26,-1.665,30.29284,,http://www.worldpop.org.uk/data/summary?doi=10.5258/SOTON/WP00539,3783.0,28921.0,Gahama,462.0,Ryabugenge,510.0,Tsima,549.0,Byimana,451.0,,0.0,,,11/26/18,,,,,,,,,POINT (532582.0124662175 4815909.301828035),1001.99,1773.82,3813.24,6369.34,10774.09,1016.24,1782.62,3778.68,6363.78,10873.93
006f100000ef84qAAA,1014535,Rwanda,Rwanda - Nyakabungo - 1014535,Rejected,Technical,11/27/18,Eastern Province,Gatsibo,Nyagihanga - Gatsibo,Nyamirama - Munini,Nyakabungo,Walf,,,Project Assessment - 2018.11.26,-1.57761,30.20642,,http://www.worldpop.org.uk/data/summary?doi=10.5258/SOTON/WP00539,4264.0,28763.0,Nyakabungo,602.0,Rugarama,516.0,Nyamiyaga,498.0,Munini,524.0,,0.0,,,11/26/18,,,,,,,,,POINT (522967.6704883252 4825572.779424839),1208.07,1910.0,3639.25,6435.88,9910.65,1246.15,1923.71,3632.21,6478.35,10089.22
006f100000ef87LAAQ,1014536,Rwanda,Rwanda - Kacyiru - 1014536,Rejected,Technical,11/27/18,Eastern Province,Gatsibo,Nyagihanga,Nyamirama,Kacyiru,Channel,,,Project Assessment - 2018.11.26,-1.59976,30.20891,,http://www.worldpop.org.uk/data/summary?doi=10.5258/SOTON/WP00539,4413.0,28117.0,Burembo,455.0,Karama,407.0,Butumba,448.0,Rugogwe,437.0,Kabuga,426.0,,,11/26/18,,,,,,,,,POINT (523244.4782126245 4823123.741225522),1850.8,3312.21,5934.05,10110.11,13657.05,1897.46,3302.2,6033.21,10123.32,13774.72
006f100000ef87aAAA,1014537,Rwanda,Rwanda - Bitumba - 1014537,Rejected,Technical,11/27/18,Eastern Province,Gatsibo,Nyagihanga,Nyamirama,Bitumba,Kiruruma,,,Project Assessment - 2018.11.26,-1.60164,30.19772,,http://www.worldpop.org.uk/data/summary?doi=10.5258/SOTON/WP00539,3802.0,27091.0,Bitumba,448.0,Karama,407.0,Kabuga,426.0,Rugogwe,437.0,Burembo,455.0,,,11/26/18,,,,,,,,,POINT (521999.3919824333 4822916.002845889),636.7,2089.68,3606.81,6447.43,11281.03,662.88,2165.95,3665.3,6569.78,11438.6
006f100000efHAvAAM,1014602,Rwanda,Rwanda - Kagogo - 1014602,Rejected,Technical,12/2/18,Eastern Province,Gatsibo,Gasange-Giti,Viro-Murehe,Kagogo,Isanzure,,,Project Assessment - 2018.11.30,-1.758415,30.255139,,http://www.worldpop.org.uk/data/summary?doi=10.5258/SOTON/WP00539,5303.0,34763.0,Kagogo,908.0,GaharaI,1433.0,GaharaII-Viro,1997.0,Kabeza,852.0,Gatare-Bisika,1712.0,,,11/30/18,,,,,,,,,POINT (528385.9138139617 4805581.426151671),1278.11,2457.78,5130.11,7882.14,13723.17,1307.35,2529.34,5300.38,7976.68,13973.88
006f100000efHB0AAM,1014603,Rwanda,Rwanda - Akamabuye - 1014603,Rejected,Technical,11/30/18,Eastern Province,Gatsibo,Remera-Rugarama,Bushobora-Remera,Akamabuye,Mulindi,,,Project Assessment - 2018.11.30,-1.713697,30.358427,,http://www.worldpop.org.uk/data/summary?doi=10.5258/SOTON/WP00539,4875.0,29710.0,Akamabuye,923.0,Kagarama,850.0,Rwamivu,800.0,,0.0,,0.0,,,11/30/18,,,,,,,,,POINT (539878.4580315235 4810523.846841734),1669.37,5926.52,10921.67,14077.6,18237.95,1670.67,5993.48,11025.75,14312.5,18480.71
006f100000efHB5AAM,1014604,Rwanda,Rwanda - Kagarama2 - 1014604,Rejected,Vehicular Bridge Required,11/30/18,Eastern Province,Gatsibo,Remera-Rugarama,Bushobora-Bugarama,Kagarama2,Kamira,,,Project Assessment - 2018.11.30,-1.719635,30.366374,,http://www.worldpop.org.uk/data/summary?doi=10.5258/SOTON/WP00539,4155.0,30218.0,Bushobora,800.0,Bugarama,850.0,,0.0,,0.0,,0.0,,,11/30/18,,,,,,,,,POINT (540762.5245808456 4809867.135796063),2312.25,4625.25,8223.95,12392.05,17927.93,2436.26,4528.94,8136.12,12356.71,18149.9
0063Z00000pof1dQAA,1037670,Rwanda,Rwanda - Birambo - 1037670,Complete,In Service,6/13/23,Northern Province,Gicumbi,Rukomo,cyeya,Birambo,Uwarufu,,,Project Pre-Assessment - 2021.10.20,-1.58050327,30.13857133,500.0,https://api.worldpop.org/v1/services/stats?,3128.78,26799.69,Birambo,500.0,,0.0,,0.0,,0.0,,0.0,,0.0,10/20/21,,0.0,,0.0,,0.0,,0.0,POINT (515418.3337074462 4825253.512531953),804.24,2001.65,3226.66,4878.44,6742.73,890.96,2071.25,3293.12,4985.57,6863.38
006Ns00000Re696IAB,1053341,Rwanda,Rwanda - Mugera-Rugerero - 1053341,Identified,Requested,12/31/24,Northern Province,Gicumbi,Manyagiro,Kabuga,Mugera-Rugerero,Rujuga,,,Project Pre-Assessment - 2024.12.4,-1.509651,30.032305,3570.0,https://api.worldpop.org/v1/services/stats?,6562.76,45411.39,Gankinki,899.0,Ruziku,722.0,Rurembo,713.0,Kinnyogo,615.0,Kagarama,621.0,,0.0,12/4/24,,0.0,,0.0,,0.0,,0.0,POINT (503594.5769723746 4833087.7122884765),1322.46,3885.96,6378.96,11424.46,18047.0,1394.26,4000.94,6575.79,11683.77,18336.99
006Ns00000ReH5rIAF,1053340,Rwanda,Rwanda - Nyiravugiza - 1053340,Identified,Requested,12/31/24,Northern Province,Gicumbi,Manyagiro,Nyiravugiza,Nyiravugiza,Ruhoga,,,Project Pre-Assessment - 2024.12.4,-1.546375,30.012932,3009.0,https://api.worldpop.org/v1/services/stats?,8583.97,57684.62,Kajevuba,886.0,Rurembo,861.0,Bugibwa,829.0,Rusebeya,433.0,,0.0,,0.0,12/4/24,,0.0,,0.0,,0.0,,0.0,POINT (501438.9189867997 4829027.3819786245),2710.7,6118.94,10702.2,16075.93,24626.75,2830.12,6169.51,10844.87,16293.74,25234.28
006f100000a86DQAAY,1007364,Rwanda,Rwanda - Gihanga - 1007364,Rejected,Technical,11/12/18,Northern Province,Gicumbi,Rubaya,Gihanga (Gomba),Gihanga,,,,Project Assessment - 2018.8.5,-1.47241,29.99602,,http://www.worldpop.org.uk/data/summary?doi=10.5258/SOTON/WP00539,8434.0,42975.0,Gomba,585.0,Kirimbi,530.0,Runaba,480.0,Nkurura,450.0,,0.0,,,8/5/18,,,,,,,,,POINT (499557.13802740286 4837205.251402205),2699.77,4144.26,7164.82,11311.91,16093.87,2723.56,4207.65,7185.59,11527.21,16323.73
006f100000a86DSAAY,1007366,Rwanda,Rwanda - Rubaya - 1007366,Rejected,Technical,11/13/18,Northern Province,Gicumbi,Rubaya,Centre rubaye,Rubaya,,,,Project Assessment - 2018.8.5,-1.46707,29.99598,,http://www.worldpop.org.uk/data/summary?doi=10.5258/SOTON/WP00539,8891.0,40051.0,Rubaya centre,3000.0,Rusambya,1500.0,,0.0,,0.0,,0.0,,,8/5/18,,,,,,,,,POINT (499552.68609079963 4837795.662882176),2988.91,4559.97,7371.96,11098.91,14836.35,3000.01,4632.79,7525.86,11267.78,15130.56
006f100000a86DUAAY,1007368,Rwanda,Rwanda - Kiyovu center - 1007368,Rejected,Technical,11/13/18,Northern Province,Gicumbi,Nyankenke,Kiyovu,Kiyovu center,,,,Project Assessment - 2018.8.11,-1.59132,30.01386,,http://www.worldpop.org.uk/data/summary?doi=10.5258/SOTON/WP00539,9213.0,52265.0,Kiyovu,582.0,Ryabishanga (Butare),457.0,Kabingo (Butete),422.0,,0.0,,0.0,,,8/11/18,,,,,,,,,POINT (501542.1428687432 4824058.0799250705),3242.52,6107.83,10094.2,15160.63,22567.54,3394.85,6300.24,10284.78,15596.22,22986.08
006f100000a86DWAAY,1007370,Rwanda,Rwanda - Busabira - 1007370,Complete,In Service,3/7/25,Northern Province,Gicumbi,Mutete,Akabeza/Busabira,Busabira,Rugabano,,,Project Assessment - 2018.8.5,-1.72859,30.07666,,https://api.worldpop.org/v1/services/stats?,6103.35,36853.62,Busabira,1000.0,Gatare,721.0,Minanire,600.0,Rutongo,820.0,Gipfundo,1236.0,,,8/5/18,,,,,,,,,POINT (508529.0442785137 4808880.772043881),1372.0,3316.32,5597.71,8877.74,12914.2,1338.19,3297.33,5615.1,8979.8,13120.46
006f100000a86DYAAY,1007372,Rwanda,Rwanda - Nkurura - 1007372,Rejected,Technical,12/14/18,Northern Province,Gicumbi,Rubaya,Gihanga-(Runaba-Nkurura),Nkurura,,Rwanda Full Scale Research - Randomized and Lost,,Project Assessment - 2018.8.11,-1.48547,29.99506,,http://www.worldpop.org.uk/data/summary?doi=10.5258/SOTON/WP00539,8564.0,49936.0,Runaba,350.0,Cyirimbi,370.0,Nkurura,400.0,Gashiru,280.0,,0.0,,,8/11/18,,,,,,,,,POINT (499450.3202620693 4835761.285892237),1341.92,4432.05,7230.38,11688.29,17506.12,1383.72,4494.89,7448.38,11753.37,17833.91
006f100000bMJxuAAG,1009702,Rwanda,Rwanda - Kirwa - 1009702,Rejected,Technical,11/14/18,Northern Province,Gicumbi,Ruvune,Rebero (Kirwa)-Gashirira (Nyarubuye),Kirwa,,,,Project Assessment - 2018.8.17,-1.61168,30.15833,,http://www.worldpop.org.uk/data/summary?doi=10.5258/SOTON/WP00539,4301.0,28993.0,Kirwa,545.0,Nyarubuye,230.0,Remera,532.0,Gatare,482.0,,0.0,,,8/17/18,,,,,,,,,POINT (517616.54983943433 4821806.315731367),1182.85,2963.36,4592.15,7155.94,9885.86,1196.87,3013.03,4677.15,7301.08,10187.72
006f100000bMJy4AAG,1009703,Rwanda,Rwanda - Sunzu - 1009703,Rejected,Technical,11/14/18,Northern Province,Gicumbi,Ruvune,Rebero (Sunzu) -Gashirira (Remera),Sunzu,,,,Project Assessment - 2018.8.11,-1.60178,30.15318,,http://www.worldpop.org.uk/data/summary?doi=10.5258/SOTON/WP00539,4015.0,28730.0,Remera,350.0,Sunzu,262.0,,0.0,,0.0,,0.0,,,8/11/18,,,,,,,,,POINT (517043.61697051866 4822900.947977931),1053.3,2088.6,3587.86,5921.91,9160.63,1072.44,2071.95,3692.47,6044.75,9429.58
006f100000bMJysAAG,1009704,Rwanda,Rwanda - Bugomba - 1009704,Rejected,Technical,11/15/18,Northern Province,Gicumbi,Kaniga,Kaniga,Bugomba,,,,Project Assessment - 2018.8.11,-1.44911,30.04685,,http://www.worldpop.org.uk/data/summary?doi=10.5258/SOTON/WP00539,6774.0,34362.0,Kamushure,482.0,Nyagatare,356.0,Karambo,386.0,Rugarama,320.0,Gatare and Ryakabanga,750.0,,,8/11/18,,,,,,,,,POINT (505213.1405642829 4839781.337697099),1802.12,3107.61,4894.51,8004.31,10464.09,1829.36,3169.01,4999.3,8133.77,10761.8
006f100000bMJz7AAG,1009705,Rwanda,Rwanda - Kiruhura - 1009705,Rejected,Technical,12/11/18,Northern Province,Gicumbi,Mukarange-Kaniga,Kiruhura-Bugomba,Kiruhura,Umurindi,,,Project Assessment - 2018.12.10,-1.464697,30.056749,,http://www.worldpop.org.uk/data/summary?doi=10.5258/SOTON/WP00539,6825.0,36720.0,Kaniga,752.0,Kariba,433.0,,0.0,,0.0,,0.0,,,12/10/18,,,,,,,,,POINT (506314.58903215366 4838057.9515918465),1740.6,3497.56,5532.56,8850.62,11572.56,1730.15,3547.7,5647.06,9007.09,11678.65
006f100000bMJzCAAW,1009706,Rwanda,Rwanda - Ndarama - 1009706,Rejected,Technical,11/14/18,Northern Province,Gicumbi,Mukarange,Cyamuganga/ Ndarama_Nkamba ya Rushaki,Ndarama,,,,Project Assessment - 2018.8.11,-1.46305,30.0909,,http://www.worldpop.org.uk/data/summary?doi=10.5258/SOTON/WP00539,5476.0,29763.0,Ndarama,450.0,Nkamba,590.0,Burambira,483.0,,0.0,,0.0,,,8/11/18,,,,,,,,,POINT (510114.6576960878 4838239.925481781),2011.52,3776.62,5370.64,6886.66,8913.72,2062.94,3909.68,5443.98,7038.28,9062.0
006f100000bMJzqAAG,1009707,Rwanda,Rwanda - Kigoma - 1009707,Rejected,Technical,11/15/18,Northern Province,Gicumbi,Nyamiyaga,Ruhango -Kigoma,Kigoma,,,,Project Assessment - 2018.8.11,-1.65897,30.114,,http://www.worldpop.org.uk/data/summary?doi=10.5258/SOTON/WP00539,5747.0,36812.0,Kigoma,2100.0,Ruhango,500.0,Cyuru-Rukomo,750.0,,0.0,,0.0,,,8/11/18,,,,,,,,,POINT (512683.8782195676 4816578.057653892),1241.65,3391.31,7313.92,11697.05,16994.73,1193.22,3297.64,7238.14,11724.09,17170.09
006f100000bMK0PAAW,1009710,Rwanda,Rwanda - Rugaragara-Mayogi - 1009710,Rejected,Technical,11/11/18,Northern Province,Gicumbi,Muko,Rugaragara-Mayogi,Rugaragara-Mayogi,,,,Project Assessment - 2018.8.11,-1.7012,30.20941,,http://www.worldpop.org.uk/data/summary?doi=10.5258/SOTON/WP00539,4623.0,29492.0,Rugaragara,350.0,Gicuregenyi,350.0,Mayogi,360.0,,0.0,,0.0,,,8/11/18,,,,,,,,,POINT (523298.93054161366 4811908.033933597),1450.32,2811.52,5362.47,8218.39,11765.38,1505.27,2872.85,5420.31,8428.87,11923.93
006f100000bMK0jAAG,1009711,Rwanda,Rwanda - Kamutore Barrage - 1009711,Rejected,Technical,11/5/18,Northern Province,Gicumbi,Rushaki - Mukarange,Kamutore -Rugarama (Cyamunganga),Kamutore Barrage,,,,Project Assessment - 2018.8.17,-1.47875,30.10468,,http://www.worldpop.org.uk/data/summary?doi=10.5258/SOTON/WP00539,5420.0,27629.0,Kamutora,624.0,Rugarama,578.0,Nyakabungo,594.0,,0.0,,0.0,,,8/17/18,,,,,,,,,POINT (511647.91103717557 4836504.001736125),1508.32,2542.57,4148.31,5922.19,7640.21,1528.62,2578.46,4267.39,6059.33,7791.7
006f100000bMK0oAAG,1009712,Rwanda,Rwanda - Ngabira munsi y umurenge - 1009712,Rejected,Technical,11/14/18,Northern Province,Gicumbi,Rushaki,Karurama(Ngabira),Ngabira munsi y umurenge,,,,Project Assessment - 2018.8.17,-1.44522,30.08827,,http://www.worldpop.org.uk/data/summary?doi=10.5258/SOTON/WP00539,4253.0,28421.0,,0.0,,0.0,,0.0,,0.0,,0.0,,,8/17/18,,,,,,,,,POINT (509822.08821917436 4840211.294448655),1805.04,3286.05,4244.98,5675.82,8154.51,1830.54,3403.84,4367.54,5782.58,8303.91
006f100000bMK1IAAW,1009713,Rwanda,Rwanda - Nyamugari - 1009713,Rejected,Technical,11/15/18,Northern Province,Gicumbi,Bwisige,Gihuke -Nyamugari,Nyamugari,,,,Project Assessment - 2018.8.17,-1.55224,30.16326,,http://www.worldpop.org.uk/data/summary?doi=10.5258/SOTON/WP00539,3920.0,24285.0,Nyamugari,574.0,Kidandari,0.0,Nyakagera,0.0,Birambo of Gatsibo,0.0,Rukoma of Gatsibo,0.0,,,8/17/18,,,,,,,,,POINT (518165.6035642624 4828378.227255539),805.09,1309.34,2483.57,4083.82,5867.77,808.0,1317.79,2494.03,4165.13,5908.98
006f100000bMK1XAAW,1009714,Rwanda,Rwanda - Nyagakizi - 1009714,Complete,In Service,8/29/22,Northern Province,Gicumbi,Bwisige,Gihuke-Nyagakizi,Nyagakizi,Rwashamburo,Rwanda Full Scale Research - Randomized and Baselined - Intervention,,Project Assessment - 2018.8.11,-1.53328,30.1727,,http://www.worldpop.org.uk/data/summary?doi=10.5258/SOTON/WP00539,3908.0,24048.0,Nyagakizi,579.0,Mubirembo (Gatsibo),179.0,Nyakagera,179.0,Nyamugari-,179.0,Kabeza,100.0,,,8/11/18,,,,,,,,,POINT (519216.1461269666 4830474.447288985),1373.18,2276.32,3678.43,5974.68,7343.76,1378.41,2278.33,3625.11,5995.69,7400.45
006f100000bMK1cAAG,1009715,Rwanda,Rwanda - Rurenge - 1009715,Rejected,Technical,11/11/18,Northern Province,Gicumbi,Bwisige,Rurenge,Rurenge,,,,Project Assessment - 2018.8.11,-1.51969,30.15237,,http://www.worldpop.org.uk/data/summary?doi=10.5258/SOTON/WP00539,2662.0,22739.0,Rurenge,756.0,Butwaro,186.0,Gashahi-Nyagatare,384.0,,0.0,,0.0,,,8/11/18,,,,,,,,,POINT (516954.14928240527 4831977.189181282),318.1,719.32,1221.01,2450.22,4324.89,322.91,714.25,1210.14,2455.53,4334.03
006f100000bMK1dAAG,1009716,Rwanda,Rwanda - Murehe - 1009716,Rejected,Technical,11/15/18,Northern Province,Gicumbi,Bwisige,Murehe(Gihuke)-Ndayabana (Nyabushingitwa),Murehe,,,,Project Assessment - 2018.8.17,-1.54881,30.13056,,http://www.worldpop.org.uk/data/summary?doi=10.5258/SOTON/WP00539,4306.0,28036.0,Ndayabane Nyabushingitwa,580.0,Murehe,0.0,Cyamukanya,0.0,,0.0,,0.0,,,8/17/18,,,,,,,,,POINT (514527.15824990754 4828757.715587799),543.54,1066.34,1850.52,2912.95,4618.82,561.54,1053.99,1909.02,2921.32,4673.13
006f100000biK9AAAU,1010572,Rwanda,Rwanda - Ryakwata - 1010572,Rejected,Technical,11/11/18,Northern Province,Gicumbi,Bwisige,Kavuruga,Ryakwata,,,,Project Assessment - 2018.8.5,-1.57746,30.13654,,http://www.worldpop.org.uk/data/summary?doi=10.5258/SOTON/WP00539,4565.0,29582.0,Kavuruga_Bwisige,350.0,Birambo-Cyeya,350.0,,0.0,,0.0,,0.0,,,8/5/18,,,,,,,,,POINT (515192.3365829163 4825590.004749875),888.58,2084.07,3168.39,5062.57,6684.42,937.43,2131.45,3282.31,5190.83,6852.51
006f100000biK9AAAU,1010572,Rwanda,Rwanda - Ryakwata - 1010572,Rejected,Technical,11/11/18,Northern Province,Gicumbi,Bwisige,Kavuruga,Ryakwata,,,,Project Assessment - 2018.2.2,-1.57746,30.13654,,http://www.worldpop.org.uk/data/summary?doi=10.5258/SOTON/WP00539,4565.0,29582.0,Kavuruga,250.0,Rukomo,2000.0,,0.0,,0.0,,0.0,,,2/2/18,,,,,,,,,POINT (515192.3365829163 4825590.004749875),888.58,2084.07,3168.39,5062.57,6684.42,937.43,2131.45,3282.31,5190.83,6852.51
006f100000biK9KAAU,1010573,Rwanda,Rwanda - Rwarurema - 1010573,Rejected,Technical,11/30/18,Northern Province,Gicumbi,Bwisige,Rwarurema,Rwarurema,,,,Project Assessment - 2018.8.5,-1.59687,30.15019,,http://www.worldpop.org.uk/data/summary?doi=10.5258/SOTON/WP00539,4046.0,28739.0,Rwarurema,250.0,Sunzu_Ruvune,200.0,Burambo- Ruvune,650.0,,0.0,,0.0,,,8/5/18,,,,,,,,,POINT (516710.9726996237 4823443.844120646),969.67,1851.16,3427.65,5446.68,8242.21,1008.72,1881.31,3510.19,5576.39,8452.36
006f100000biK9KAAU,1010573,Rwanda,Rwanda - Rwarurema - 1010573,Rejected,Technical,11/30/18,Northern Province,Gicumbi,Bwisige,Rwarurema,Rwarurema,,,,Project Assessment - 2018.2.2,-1.59687,30.15019,,http://www.worldpop.org.uk/data/summary?doi=10.5258/SOTON/WP00539,4046.0,28739.0,Rwarurema village,350.0,Sunzu village,450.0,Rugerero,500.0,,0.0,,0.0,,,2/2/18,,,,,,,,,POINT (516710.9726996237 4823443.844120646),969.67,1851.16,3427.65,5446.68,8242.21,1008.72,1881.31,3510.19,5576.39,8452.36
006f100000biK9rAAE,1010574,Rwanda,Rwanda - Nyagatoma - 1010574,Rejected,Social,4/3/18,Northern Province,Gicumbi,Bwisige,Nyabushingitwa,Nyagatoma,Gateke,,,Project Assessment - 2018.2.2,-1.564607,30.107231,,http://www.worldpop.org.uk/data/summary?doi=10.5258/SOTON/WP00539,6193.0,48382.0,Nyabushingitwa,3000.0,Mukono,3200.0,,0.0,,0.0,,0.0,,,2/2/18,,,,,,,,,POINT (511931.29343882366 4827011.2779989485),988.14,2326.41,3844.17,6576.62,9596.57,1011.83,2382.26,3963.07,6691.58,9745.16
006f100000biK9wAAE,1010575,Rwanda,Rwanda - Ryakirayi - 1010575,Rejected,Social,4/3/18,Northern Province,Gicumbi,Bwisige,Nyabushingitwa,Ryakirayi,,,,Project Assessment - 2018.2.2,-1.565258,30.110382,,http://www.worldpop.org.uk/data/summary?doi=10.5258/SOTON/WP00539,6068.0,41278.0,Nyagatoma,400.0,,0.0,,0.0,,0.0,,0.0,,,2/2/18,,,,,,,,,POINT (512281.8930381427 4826939.282491134),936.47,2201.84,3981.12,6260.66,9361.64,950.31,2239.16,4037.06,6477.66,9516.22
006f100000biKA1AAM,1010576,Rwanda,Rwanda - Mugiziza - 1010576,Rejected,Social,4/3/18,Northern Province,Gicumbi,Bwisige,Nyabushingitwa,Mugiziza,Warufu,,,Project Assessment - 2018.2.2,-1.554772,30.129922,,http://www.worldpop.org.uk/data/summary?doi=10.5258/SOTON/WP00539,4516.0,28579.0,Warufu,3000.0,Murehe,250.0,,0.0,,0.0,,0.0,,,2/2/18,,,,,,,,,POINT (514456.1286247892 4828098.535483413),540.05,1170.0,2113.36,3475.53,5007.1,541.99,1169.69,2125.55,3537.35,5126.56
006f100000biKABAA2,1010577,Rwanda,Rwanda - Gahondo - 1010577,Rejected,Technical,11/15/18,Northern Province,Gicumbi,Bwisige,Nyabushingitwa-Gahondo,Gahondo,,,,Project Assessment - 2018.8.11,-1.539721,30.127624,,http://www.worldpop.org.uk/data/summary?doi=10.5258/SOTON/WP00539,4179.0,28098.0,Gahondo,417.0,Cyamukanya-Gihuke,520.0,Murehe-Bihuke,320.0,Kumana-Gihuke,360.0,Buhuha- Nyabushingitwa,250.0,,,8/11/18,,,,,,,,,POINT (514200.5349925395 4829762.654408815),491.06,982.65,1945.96,2965.91,4670.24,504.41,997.17,1975.81,2960.86,4760.16
006f100000biKABAA2,1010577,Rwanda,Rwanda - Gahondo - 1010577,Rejected,Technical,11/15/18,Northern Province,Gicumbi,Bwisige,Nyabushingitwa-Gahondo,Gahondo,,,,Project Assessment - 2018.2.2,-1.539721,30.127624,,http://www.worldpop.org.uk/data/summary?doi=10.5258/SOTON/WP00539,4179.0,28098.0,Gahondo,300.0,Cyamukanya,4000.0,,0.0,,0.0,,0.0,,,2/2/18,,,,,,,,,POINT (514200.5349925395 4829762.654408815),491.06,982.65,1945.96,2965.91,4670.24,504.41,997.17,1975.81,2960.86,4760.16
006f100000biKALAA2,1010578,Rwanda,Rwanda - Kwangaruye - 1010578,Rejected,Technical,12/11/18,Northern Province,Gicumbi,Nyamiyaga,Gahumuriza,Kwangaruye,Mwange,,,Project Assessment - 2018.2.2,-1.675363,30.097712,,http://www.worldpop.org.uk/data/summary?doi=10.5258/SOTON/WP00539,5668.0,34468.0,Maya,550.0,Rusumo,600.0,,0.0,,0.0,,0.0,,,2/2/18,,,,,,,,,POINT (510871.54946264095 4814765.67369195),2224.15,4295.34,6941.42,10424.19,14333.89,2326.02,4383.35,7100.5,10585.35,14601.49
006f100000biKALAA2,1010578,Rwanda,Rwanda - Kwangaruye - 1010578,Rejected,Technical,12/11/18,Northern Province,Gicumbi,Nyamiyaga,Gahumuriza,Kwangaruye,Mwange,,,Project Assessment - 2018.12.10,-1.675363,30.097712,,http://www.worldpop.org.uk/data/summary?doi=10.5258/SOTON/WP00539,5668.0,34468.0,Maya,820.0,Rusumo,890.0,Murama,1230.0,,0.0,,0.0,,,12/10/18,,,,,,,,,POINT (510871.54946264095 4814765.67369195),2224.15,4295.34,6941.42,10424.19,14333.89,2326.02,4383.35,7100.5,10585.35,14601.49
006f100000biKAaAAM,1010579,Rwanda,Rwanda - Kivugiza (nyange) - 1010579,Rejected,,11/6/19,Northern Province,Gicumbi,Nyamiyaga,Gahumuriza,Kivugiza (nyange),Bizi,,,Project Assessment - 2018.2.2,-1.66842,30.100122,,http://www.worldpop.org.uk/data/summary?doi=10.5258/SOTON/WP00539,5552.0,35719.0,Kabuga,1500.0,Maya,550.0,,0.0,,0.0,,0.0,,,2/2/18,,,,,,,,,POINT (511139.7282420214 4815533.3083225405),2084.86,4131.23,7075.7,11013.0,15163.97,2120.84,4247.95,7172.08,11111.61,15349.6
006f100000biKAaAAM,1010579,Rwanda,Rwanda - Kivugiza (nyange) - 1010579,Rejected,,11/6/19,Northern Province,Gicumbi,Nyamiyaga,Gahumuriza,Kivugiza (nyange),Bizi,,,Project Assessment - 2018.12.10,-1.66842,30.100122,,http://www.worldpop.org.uk/data/summary?doi=10.5258/SOTON/WP00539,5552.0,35719.0,Maya,820.0,Murama,1230.0,,0.0,,0.0,,0.0,,,12/10/18,,,,,,,,,POINT (511139.7282420214 4815533.3083225405),2084.86,4131.23,7075.7,11013.0,15163.97,2120.84,4247.95,7172.08,11111.61,15349.6
006f100000biKAfAAM,1010580,Rwanda,Rwanda - Kavuruga - 1010580,Rejected,Technical,4/3/18,Northern Province,Gicumbi,Bwisge,Bwisige,Kavuruga,Kagomero,,,Project Assessment - 2018.2.2,-1.575188,30.144215,,http://www.worldpop.org.uk/data/summary?doi=10.5258/SOTON/WP00539,4447.0,28151.0,Kavuruga,200.0,Nyarwina,400.0,Rukomo,600.0,Ruvune,100.0,Rwarurema,160.0,,,2/2/18,,,,,,,,,POINT (516046.32661575585 4825841.149493647),374.0,1439.3,3015.01,4103.4,5951.46,385.65,1472.41,3115.78,4189.63,6089.74
006f100000biKAkAAM,1010581,Rwanda,Rwanda - Kiruruma - 1010581,Rejected,Technical,11/13/18,Northern Province,Gicumbi,Bwisige,Nyarwina,Kiruruma,,,,Project Assessment - 2018.8.5,-1.58735,30.14216,,http://www.worldpop.org.uk/data/summary?doi=10.5258/SOTON/WP00539,4245.0,29505.0,Nyarwina,482.0,Rwuhira,350.0,,0.0,,0.0,,0.0,,,8/5/18,,,,,,,,,POINT (515817.5810126611 4824496.480896817),951.5,1808.34,3140.71,4961.17,7286.99,994.03,1869.93,3169.91,4988.86,7490.52
006f100000biKAkAAM,1010581,Rwanda,Rwanda - Kiruruma - 1010581,Rejected,Technical,11/13/18,Northern Province,Gicumbi,Bwisige,Nyarwina,Kiruruma,,,,Project Assessment - 2018.2.2,-1.58735,30.14216,,http://www.worldpop.org.uk/data/summary?doi=10.5258/SOTON/WP00539,4245.0,29505.0,Nyarwina village,435.0,Bwuhira village,500.0,Cyeya village,300.0,Burambo village,100.0,,0.0,,,2/2/18,,,,,,,,,POINT (515817.5810126611 4824496.480896817),951.5,1808.34,3140.71,4961.17,7286.99,994.03,1869.93,3169.91,4988.86,7490.52
006f100000c5V2bAAE,1010839,Rwanda,Rwanda - Gasunzu - 1010839,Rejected,Social,3/29/18,Northern Province,Gicumbi,Cyumba-Manyagiro,Gasunzu-Kabuga,Gasunzu,Mugera,,,Project Assessment - 2018.2.23,-1.506683,30.023419,,http://www.worldpop.org.uk/data/summary?doi=10.5258/SOTON/WP00539,8090.0,49433.0,Mugera,550.0,Mugera,400.0,,0.0,,0.0,,0.0,,,2/23/18,,,,,,,,,POINT (502605.8353205933 4833415.878897946),1991.59,4527.33,7752.11,12533.69,19202.06,2015.94,4654.67,7864.86,12982.23,19582.08
006f100000c5V2gAAE,1010840,Rwanda,Rwanda - Gatare - 1010840,Rejected,Technical,3/29/18,Northern Province,Gicumbi,Kaniga,Bugomba,Gatare,Not a river,,,Project Assessment - 2018.2.23,-1.455716,30.0494,,http://www.worldpop.org.uk/data/summary?doi=10.5258/SOTON/WP00539,7152.0,35927.0,Ryakabanda,490.0,Gatare,520.0,Rugarama,580.0,,0.0,,0.0,,,2/23/18,,,,,,,,,POINT (505496.8708494999 4839050.946064427),1664.61,4005.25,5944.56,8336.94,11620.26,1576.74,4029.27,6044.52,8420.38,11792.77
006f100000c5V2gAAE,1010840,Rwanda,Rwanda - Gatare - 1010840,Rejected,Technical,3/29/18,Northern Province,Gicumbi,Kaniga,Bugomba,Gatare,Not a river,,,Project Pre-Assessment - 2018.8.20,-1.455716,30.0494,0.0,http://www.worldpop.org.uk/data/summary?doi=10.5258/SOTON/WP00539,7152.0,35927.0,,0.0,,0.0,,0.0,,0.0,,0.0,,,8/20/18,,,,,,,,,POINT (505496.8708494999 4839050.946064427),1664.61,4005.25,5944.56,8336.94,11620.26,1576.74,4029.27,6044.52,8420.38,11792.77
006f100000c5V2qAAE,1010842,Rwanda,Rwanda - Gahanda - 1010842,Rejected,Social,3/29/18,Northern Province,Gicumbi,Ruvune,Rebero-Gashirira,Gahanda,Warufu,,,Project Pre-Assessment - 2024.12.4,-1.621877,30.16593,3680.0,http://www.worldpop.org.uk/data/summary?doi=10.5258/SOTON/WP00539,4330.0,29629.0,Gatare,476.0,Rwamiko,756.0,Bitomo,776.0,Nyarubuye,985.0,Kagasha,687.0,,0.0,12/4/24,,0.0,,0.0,,0.0,,0.0,POINT (518462.0722341355 4820678.82152942),1684.43,2919.38,4728.02,7766.25,10437.58,1707.8,2960.82,4821.02,7853.16,10643.99
006f100000c5V2qAAE,1010842,Rwanda,Rwanda - Gahanda - 1010842,Rejected,Social,3/29/18,Northern Province,Gicumbi,Ruvune,Rebero-Gashirira,Gahanda,Warufu,,,Project Assessment - 2018.2.23,-1.621877,30.16593,,http://www.worldpop.org.uk/data/summary?doi=10.5258/SOTON/WP00539,4330.0,29629.0,Gatare,500.0,Nyarubuye,700.0,Kagasha,600.0,Rwamiko,600.0,,0.0,,,2/23/18,,,,,,,,,POINT (518462.0722341355 4820678.82152942),1684.43,2919.38,4728.02,7766.25,10437.58,1707.8,2960.82,4821.02,7853.16,10643.99
006f100000c5V35AAE,1010843,Rwanda,Rwanda - Nyarubande-Gatobotobo - 1010843,Rejected,Technical,12/11/18,Northern Province,Gicumbi,Kageyo,Kabuga-Mutandi,Nyarubande-Gatobotobo,Mwange,,,Project Assessment - 2018.2.23,-1.6623,30.08107,,http://www.worldpop.org.uk/data/summary?doi=10.5258/SOTON/WP00539,5502.0,37057.0,Gatobotobo,320.0,Nyarubande,490.0,,0.0,,0.0,,0.0,,,2/23/18,,,,,,,,,POINT (509019.9995541258 4816210.059226067),1521.11,3456.01,6283.24,10178.17,15079.33,1530.3,3516.82,6362.73,10407.92,15279.38
006f100000c5V35AAE,1010843,Rwanda,Rwanda - Nyarubande-Gatobotobo - 1010843,Rejected,Technical,12/11/18,Northern Province,Gicumbi,Kageyo,Kabuga-Mutandi,Nyarubande-Gatobotobo,Mwange,,,Project Assessment - 2018.12.10,-1.6623,30.08107,,http://www.worldpop.org.uk/data/summary?doi=10.5258/SOTON/WP00539,5502.0,37057.0,Nyarubande,567.0,Gatobotobo,786.0,,0.0,,0.0,,0.0,,,12/10/18,,,,,,,,,POINT (509019.9995541258 4816210.059226067),1521.11,3456.01,6283.24,10178.17,15079.33,1530.3,3516.82,6362.73,10407.92,15279.38
006f100000c5V3KAAU,1010844,Rwanda,Rwanda - Rudogo - 1010844,Rejected,Social,4/3/18,Northern Province,Gicumbi,Muko,Cyamuhinda-Ngange,Rudogo,Burimbi,,,Project Assessment - 2018.2.23,-1.729575,30.231912,,http://www.worldpop.org.uk/data/summary?doi=10.5258/SOTON/WP00539,4083.0,30686.0,Ntonyanga,800.0,Rudogo,550.0,,0.0,,0.0,,0.0,,,2/23/18,,,,,,,,,POINT (525802.1332054691 4808770.462311681),864.42,2688.17,4908.73,7291.91,10313.51,920.2,2757.65,4958.86,7526.12,10462.6
006f100000c5V3UAAU,1010845,Rwanda,Rwanda - Rugarama - 1010845,Rejected,,12/31/18,Northern Province,Gicumbi,Giti,Gatobotobo (Rugarama)-Karika (Cyeru),Rugarama,,,,Project Assessment - 2018.2.23,-1.77241,30.22087,,http://www.worldpop.org.uk/data/summary?doi=10.5258/SOTON/WP00539,4944.0,33212.0,Rugarama,400.0,Karega,500.0,Kababito,80.0,,0.0,,0.0,,,2/23/18,,,,,,,,,POINT (524573.0550055888 4804034.553598698),1244.74,3480.78,6414.11,9864.1,13223.03,1275.99,3569.84,6534.18,10063.69,13384.43
006f100000c5V3UAAU,1010845,Rwanda,Rwanda - Rugarama - 1010845,Rejected,,12/31/18,Northern Province,Gicumbi,Giti,Gatobotobo (Rugarama)-Karika (Cyeru),Rugarama,,,,Project Assessment - 2018.8.25,-1.77241,30.22087,,http://www.worldpop.org.uk/data/summary?doi=10.5258/SOTON/WP00539,4944.0,33212.0,Kareka,425.0,Rugarama,657.0,Nyamirambo,538.0,Bushiranyota,623.0,,0.0,,,8/25/18,,,,,,,,,POINT (524573.0550055888 4804034.553598698),1244.74,3480.78,6414.11,9864.1,13223.03,1275.99,3569.84,6534.18,10063.69,13384.43
006f100000c5V3eAAE,1010846,Rwanda,Rwanda - Nyamirambo 2 - 1010846,Rejected,,8/24/18,Northern Province,Gicumbi,Giti,Gatobotobo (Nyamirambo),Nyamirambo 2,,,,Project Assessment - 2018.8.11,-1.76133,30.20837,,http://www.worldpop.org.uk/data/summary?doi=10.5258/SOTON/WP00539,4924.0,33498.0,,0.0,,0.0,,0.0,,0.0,,0.0,,,8/11/18,,,,,,,,,POINT (523182.4892943554 4805259.775015903),1319.44,3403.63,5927.04,9077.58,12431.78,1337.09,3468.96,6056.16,9177.74,12632.84
006f100000c5V3eAAE,1010846,Rwanda,Rwanda - Nyamirambo 2 - 1010846,Rejected,,8/24/18,Northern Province,Gicumbi,Giti,Gatobotobo (Nyamirambo),Nyamirambo 2,,,,Project Assessment - 2018.2.23,-1.76133,30.20837,,http://www.worldpop.org.uk/data/summary?doi=10.5258/SOTON/WP00539,4924.0,33498.0,Karika,550.0,Nyamirambo,600.0,,0.0,,0.0,,0.0,,,2/23/18,,,,,,,,,POINT (523182.4892943554 4805259.775015903),1319.44,3403.63,5927.04,9077.58,12431.78,1337.09,3468.96,6056.16,9177.74,12632.84
006f100000c5V3oAAE,1010847,Rwanda,Rwanda - Mayogi - 1010847,Rejected,Vehicular Bridge Required,9/3/18,Northern Province,Gicumbi,Muko,Cyamuhinda,Mayogi,,,,Project Assessment - 2018.8.11,-1.701199,30.209405,,http://www.worldpop.org.uk/data/summary?doi=10.5258/SOTON/WP00539,4480.0,30005.0,,0.0,,0.0,,0.0,,0.0,,0.0,,,8/11/18,,,,,,,,,POINT (523298.37425174296 4811908.144558896),1450.32,2811.52,5362.47,8218.39,11765.38,1505.27,2872.85,5420.31,8435.0,11905.35
006f100000c5V3oAAE,1010847,Rwanda,Rwanda - Mayogi - 1010847,Rejected,Vehicular Bridge Required,9/3/18,Northern Province,Gicumbi,Muko,Cyamuhinda,Mayogi,,,,Project Assessment - 2018.2.23,-1.701199,30.209405,,http://www.worldpop.org.uk/data/summary?doi=10.5258/SOTON/WP00539,4480.0,30005.0,Rugaragara,550.0,Mayogi,450.0,Gicuregenya,100.0,Mwendo,300.0,Kigoma,800.0,,,2/23/18,,,,,,,,,POINT (523298.37425174296 4811908.144558896),1450.32,2811.52,5362.47,8218.39,11765.38,1505.27,2872.85,5420.31,8435.0,11905.35
006f100000c5V5LAAU,1010849,Rwanda,Rwanda - Rubindi (Kajevuba) - 1010849,Rejected,Social,12/31/18,Northern Province,Gicumbi,Manyagiro,Kabuga-Kajevuba,Rubindi (Kajevuba),,,,Project Assessment - 2018.8.11,-1.53941,30.00825,,http://www.worldpop.org.uk/data/summary?doi=10.5258/SOTON/WP00539,8179.0,53218.0,Rubindi,678.0,Rusebeya,750.0,Nyarukombe,520.0,Bugibwa,550.0,,0.0,,,8/11/18,,,,,,,,,POINT (500917.9647533531 4829797.4630074985),2461.82,5203.98,9508.32,15316.25,22809.11,2476.67,5202.7,9748.16,15704.14,23391.6
006f100000c5V5LAAU,1010849,Rwanda,Rwanda - Rubindi (Kajevuba) - 1010849,Rejected,Social,12/31/18,Northern Province,Gicumbi,Manyagiro,Kabuga-Kajevuba,Rubindi (Kajevuba),,,,Project Assessment - 2018.2.23,-1.53941,30.00825,,http://www.worldpop.org.uk/data/summary?doi=10.5258/SOTON/WP00539,8179.0,53218.0,Rusebeya,450.0,Rubindi,400.0,Nyarukombe,500.0,,0.0,,0.0,,,2/23/18,,,,,,,,,POINT (500917.9647533531 4829797.4630074985),2461.82,5203.98,9508.32,15316.25,22809.11,2476.67,5202.7,9748.16,15704.14,23391.6
006f100000c5hhNAAQ,1010908,Rwanda,Rwanda - Rukondo - 1010908,Rejected,Technical,11/11/18,Northern Province,Gicumbi,Mutete,Rukondo,Rukondo,,,,Project Assessment - 2018.8.5,-1.71461,30.08255,,http://www.worldpop.org.uk/data/summary?doi=10.5258/SOTON/WP00539,4807.0,31067.0,Gipfundo,400.0,Rukondo,300.0,Rugarama,300.0,Rutongo,300.0,,0.0,,,8/5/18,,,,,,,,,POINT (509184.4217042127 4810426.433994064),1899.66,3468.39,5839.35,9144.56,12860.87,1907.12,3493.07,5893.47,9242.94,13095.97
006f100000c5iL7AAI,1010915,Rwanda,Rwanda - Rwafandi - 1010915,Rejected,Technical,11/16/18,Northern Province,Gicumbi,Mutete,Musenyi (Muhororo),Rwafandi,,,,Project Assessment - 2018.8.25,-1.71943,30.11859,,http://www.worldpop.org.uk/data/summary?doi=10.5258/SOTON/WP00539,4306.0,30093.0,Muhororo,920.0,Gasharu(rutare),1200.0,Gitaba,756.0,,0.0,,0.0,,,8/25/18,,,,,,,,,POINT (513194.1640754482 4809893.302736729),673.39,2579.33,5457.14,8239.05,11695.26,700.6,2580.4,5435.85,8316.24,11728.46
006f100000c5ivZAAQ,1010917,Rwanda,Rwanda - Karama - Muhengeri - 1010917,Complete,In Service,8/29/22,Northern Province,Gicumbi,Mutete,Muhengeri,Karama - Muhengeri,Rugabano,Rwanda Full Scale Research - Randomized and Baselined - Intervention,,Project Assessment - 2018.8.5,-1.66992,30.05585,,http://www.worldpop.org.uk/data/summary?doi=10.5258/SOTON/WP00539,6155.0,38160.0,Karama,629.0,Muhengeri,600.0,Rutaba,390.0,,0.0,,0.0,,,8/5/18,,,,,,,,,POINT (506213.9502970384 4815367.657207409),1197.07,3304.29,5682.9,8676.18,12569.04,1218.24,3352.11,5726.78,8835.0,12732.7
006f100000c5jCGAAY,1010919,Rwanda,Rwanda - Ruhondo - 1010919,Complete,In Service,10/13/23,Northern Province,Gicumbi,Mutete,Mutandi,Ruhondo,Rugabano,Rwanda Full Scale Research - Randomized and Baselined - Intervention,Ruhondo - WSP Global+The Berger Foundation - 2023,Project Assessment - 2018.12.10,-1.693048,30.06977,,http://www.worldpop.org.uk/data/summary?doi=10.5258/SOTON/WP00539,5888.0,33496.0,Karambi,452.0,Gahororo/Gitabura,725.0,,0.0,,0.0,,0.0,,,12/10/18,,,,,,,,,POINT (507762.61858288426 4812810.477600908),1509.47,2870.54,5577.01,9031.5,13199.4,1520.79,2910.83,5695.23,9168.41,13460.28
006f100000cMOsWAAW,1011330,Rwanda,Rwanda - Ngabira - 1011330,Rejected,Technical,11/15/18,Northern Province,Gicumbi,Rushaki,Karurama -Ngabira -Nyaruhanga,Ngabira,,,,Project Assessment - 2018.8.11,-1.43057,30.0783,,http://www.worldpop.org.uk/data/summary?doi=10.5258/SOTON/WP00539,4377.0,26199.0,Ngabira,522.0,Nyaruhanga,384.0,,0.0,,0.0,,0.0,,,8/11/18,,,,,,,,,POINT (508712.7488996987 4841831.098032643),906.5,1742.93,3256.54,4537.91,6916.05,935.89,1784.08,3326.99,4588.43,7084.87
006f100000cMPMMAA4,1011331,Rwanda,Rwanda - Kibaya - 1011331,Rejected,Technical,11/11/18,Northern Province,Gicumbi,Mutete,Nyarubuye,Kibaya,,,,Project Assessment - 2018.8.5,-1.70215,30.07467,,http://www.worldpop.org.uk/data/summary?doi=10.5258/SOTON/WP00539,5536.0,32291.0,Gitabura,310.0,Ruhondo,340.0,Mataba,300.0,,0.0,,0.0,,,8/5/18,,,,,,,,,POINT (508307.75461864093 4811804.1011570105),1453.04,3193.7,5773.53,9132.3,13461.99,1437.59,3222.97,5841.14,9304.82,13678.57
006f100000cPpL8AAK,1012493,Rwanda,Rwanda - Nyarubande - 1012493,Rejected,Vehicular Bridge Required,8/14/18,Northern Province,Gicumbi,Kageyo,Kabuga/gatobotobo,Nyarubande,,,,Project Assessment - 2018.8.11,-1.65595,30.07884,,http://www.worldpop.org.uk/data/summary?doi=10.5258/SOTON/WP00539,5666.0,38300.0,,0.0,,0.0,,0.0,,0.0,,0.0,,,8/11/18,,,,,,,,,POINT (508771.91340223595 4816912.152284646),1518.39,3554.02,6479.59,10173.51,15114.68,1537.54,3621.57,6613.75,10278.13,15285.02
006f100000dhyaiAAA,1012698,Rwanda,Rwanda - Kigogo ku ishuri - 1012698,Rejected,Technical,11/14/18,Northern Province,Gicumbi,Nyankenke,Kigogo,Kigogo ku ishuri,,,,Project Assessment - 2018.8.11,-1.59361,30.01151,,http://www.worldpop.org.uk/data/summary?doi=10.5258/SOTON/WP00539,9015.0,51526.0,Rwambeho (Butare),420.0,Kiyovu,582.0,,0.0,,0.0,,0.0,,,8/11/18,,,,,,,,,POINT (501280.66701112717 4823804.889793904),3123.1,5657.84,9758.68,14723.14,21444.31,3181.56,5825.79,9980.74,15069.19,21779.44
006Ns000003Uh7VIAS,1048819,Rwanda,Rwanda - Kigozi - 1048819,Prospecting,,12/31/25,Southern Province,Gisagara,Gishubi,Gabiro,Kigozi,Mirayi,,,Project Pre-Assessment - 2023.10.11,-2.594797,29.891012,4476.0,https://api.worldpop.org/v1/services/stats?,6475.02,41179.75,Kigozi,1165.0,Busave,568.0,Rweza,862.0,Kurutare,516.0,Rusasa,1365.0,,0.0,10/11/23,,0.0,,0.0,,0.0,,0.0,POINT (487881.0724965892 4713108.402075365),2278.12,4989.49,7544.72,11022.75,16512.77,2278.12,5016.67,7644.72,11146.37,16792.85
006Ns000005NzlEIAS,1049649,Rwanda,Rwanda - Akabogobogo - 1049649,Complete,In Service,10/25/24,Southern Province,Gisagara,Kansi,Sabusaro,Akabogobogo,Akabogobogo,,,Project Pre-Assessment - 2023.11.28,-2.726602,29.806305,4144.0,https://api.worldpop.org/v1/services/stats?,5896.85,38861.07,Gikore,974.0,Nyarunazi,1192.0,Akayenzi,666.0,Akanyamirama,570.0,Kabuye,742.0,,0.0,11/28/23,,0.0,,0.0,,0.0,,0.0,POINT (478464.33121800417 4698534.09183676),1389.84,2941.58,5313.88,8147.76,10371.15,1420.18,2982.01,5449.98,8225.08,10486.87
006f100000d7bA2AAI,1013571,Rwanda,Rwanda - Kinamba - 1013571,Rejected,Technical,11/5/18,Southern Province,Gisagara,Mamba,Kabumbwe - Mamba - Gakoma,Kinamba,,,,Project Assessment - 2018.9.23,-2.46509,29.94044,,http://www.worldpop.org.uk/data/summary?doi=10.5258/SOTON/WP00539,5955.0,23049.0,Rebero,1542.0,Mamba,1129.0,Mashenyi,897.0,Muhabura - Munopfu,1258.0,Nunga - Nyarugenge,1365.0,,,9/23/18,,,,,,,,,POINT (493376.5668139829 4727449.879851991),1527.18,4872.73,10305.4,15526.87,19414.22,1619.86,4961.26,10474.84,15579.17,19596.6
006f100000d7bA7AAI,1013572,Rwanda,Rwanda - Runyeshyanga - 1013572,Rejected,Technical,11/5/18,Southern Province,Gisagara,Mamba - Ntyazo,Gakoma - Gatarara,Runyeshyanga,Ruhurura,,,Project Assessment - 2018.9.23,-2.40829,29.9468,,http://www.worldpop.org.uk/data/summary?doi=10.5258/SOTON/WP00539,2710.0,15934.0,Ruhuha,719.0,Sokofi,1310.0,Gakomeye - Kizenga,1357.0,Rugwiza - Rebero,1133.0,Kamabuye,651.0,,,9/23/18,,,,,,,,,POINT (494083.58968352835 4733730.0172996465),958.83,1573.37,2283.36,4832.09,8268.98,969.29,1567.22,2347.61,4871.36,8516.33
006f100000d7bACAAY,1013573,Rwanda,Rwanda - Rwihinda - 1013573,Rejected,Technical,11/5/18,Southern Province,Gisagara,Mamba - Ntyazo,Gakoma - Gatarara,Rwihinda,,,,Project Assessment - 2018.9.23,-2.434,29.93238,,http://www.worldpop.org.uk/data/summary?doi=10.5258/SOTON/WP00539,4520.0,24643.0,Sokofi,1310.0,Rebero - Rugwiza,1133.0,Gakomeye - Kizenga,1357.0,Ruhuha,719.0,Gatare,672.0,,,9/23/18,,,,,,,,,POINT (492480.07215416385 4730887.312979675),701.28,4057.86,8942.8,12370.45,14957.76,754.5,4232.06,8709.04,12583.98,15050.68
006f100000d7bAHAAY,1013574,Rwanda,Rwanda - Bojo - 1013574,Rejected,Technical,11/5/18,Southern Province,Gisagara,Mamba,Muyaga - Ramba,Bojo,Bojo,,,Project Assessment - 2018.9.23,-2.50203,29.91714,,http://www.worldpop.org.uk/data/summary?doi=10.5258/SOTON/WP00539,4440.0,24905.0,Ruhamagariro,925.0,Shyembe,1300.0,Butezi - Kibumba,1108.0,Murambi,1212.0,Runazi,586.0,,,9/23/18,,,,,,,,,POINT (490785.71990997135 4723365.454759976),1233.29,4341.8,7804.35,11239.05,15944.94,1352.06,4422.68,7963.76,11367.15,16125.6
006f100000d7bAMAAY,1013575,Rwanda,Rwanda - Rwamuzenga - 1013575,Rejected,Technical,11/5/18,Southern Province,Gisagara,Mamba,Ramba,Rwamuzenga,,,,Project Assessment - 2018.9.23,-2.49883,29.927,,http://www.worldpop.org.uk/data/summary?doi=10.5258/SOTON/WP00539,4017.0,22660.0,Murambi,1212.0,Murama,838.0,Gatare,723.0,Runazi,586.0,,0.0,,,9/23/18,,,,,,,,,POINT (491882.1624005111 4723719.32921289),1122.94,2702.26,4954.83,9069.34,13923.22,1167.64,2784.27,4789.36,9058.0,14037.75
006f100000d7bARAAY,1013576,Rwanda,Rwanda - Nyamuko - 1013576,Rejected,Technical,11/5/18,Southern Province,Gisagara,Mamba - Musha,Ramba - Bukinanyana,Nyamuko,,Rwanda Full Scale Research - Randomized and Lost,,Project Assessment - 2018.9.23,-2.51384,29.88201,,http://www.worldpop.org.uk/data/summary?doi=10.5258/SOTON/WP00539,5227.0,31986.0,Gatoki,999.0,Mukori,716.0,Nyirabageni,1037.0,Rukoni,621.0,,0.0,,,9/23/18,,,,,,,,,POINT (486879.27167905675 4722059.376353613),1159.09,3559.21,7595.21,13442.04,19301.23,1211.17,3602.42,7915.21,13661.93,19686.42
006f100000d7bAWAAY,1013577,Rwanda,Rwanda - Nyamiyaga - 1013577,Rejected,Technical,11/5/18,Southern Province,Gisagara,Musha,Kimana,Nyamiyaga,Ruzibaziba,,,Project Assessment - 2018.9.23,-2.52882,29.82786,,http://www.worldpop.org.uk/data/summary?doi=10.5258/SOTON/WP00539,4778.0,35844.0,Nyamiyaga,524.0,Akabanga,513.0,Murambi,669.0,,0.0,,0.0,,,9/23/18,,,,,,,,,POINT (480857.88498210453 4720402.430963369),840.06,2871.52,5453.28,9934.08,14916.39,887.76,2953.05,5545.58,10031.79,15147.43
006f100000d7bAgAAI,1013578,Rwanda,Rwanda - Akarukambira - 1013578,Rejected,Technical,11/5/18,Southern Province,Gisagara,Gikonko - Musha,Gasagara - Gatovu,Akarukambira,Mwura,,,Project Assessment - 2018.9.23,-2.4855,29.84336,,http://www.worldpop.org.uk/data/summary?doi=10.5258/SOTON/WP00539,5556.0,32354.0,Akarukambira,473.0,Agasenyi,651.0,Ryamugunga,528.0,Agahabwa,712.0,,0.0,,,9/23/18,,,,,,,,,POINT (482580.9299287849 4725192.357768848),1869.19,4731.05,8613.69,12478.53,16697.59,1724.34,4685.78,8778.84,12725.7,17042.66
006f100000d7bAlAAI,1013579,Rwanda,Rwanda - Gatare - 1013579,Rejected,Technical,11/5/18,Southern Province,Gisagara,Gikonko,Gikonko - Mbogo,Gatare,,,,Project Assessment - 2018.9.23,-2.49034,29.87577,,http://www.worldpop.org.uk/data/summary?doi=10.5258/SOTON/WP00539,5280.0,31799.0,Runyinya,1155.0,Karubondo,745.0,Rwatano,982.0,Rwinyana,761.0,,0.0,,,9/23/18,,,,,,,,,POINT (486185.12396325346 4724657.603503349),2375.26,4873.59,8247.5,13716.29,18973.37,2411.25,5030.3,8462.93,13994.14,19287.79
006f100000d7bAqAAI,1013580,Rwanda,Rwanda - Gahuru - 1013580,Rejected,Technical,11/5/18,Southern Province,Gisagara,Mamba,Muyaga - Ramba,Gahuru,,,,Project Assessment - 2018.9.23,-2.50934,29.90858,,http://www.worldpop.org.uk/data/summary?doi=10.5258/SOTON/WP00539,4653.0,25966.0,Ruhamagariro,925.0,Shyembe,1300.0,Butezi - Kibumba,1108.0,Kigangazi,527.0,Rusave,544.0,,,9/23/18,,,,,,,,,POINT (489833.8778878781 4722557.157889648),1483.84,4628.26,8624.45,12926.06,16657.27,1574.12,4714.66,8817.57,13046.88,16897.35
006f100000d7jHFAAY,1013725,Rwanda,Rwanda - Kivumu - 1013725,Rejected,Technical,11/5/18,Southern Province,Gisagara,Kibirizi - Ngoma,Duwani - Butare,Kivumu,Rwasave,,,Project Assessment - 2018.9.28,-2.59149,29.75931,,http://www.worldpop.org.uk/data/summary?doi=10.5258/SOTON/WP00539,22342.0,94294.0,Kavumu 1,430.0,Kavumu 2,518.0,Mubuga,561.0,Cyahafi,461.0,Bitabire,507.0,,,9/28/18,,,,,,,,,POINT (473236.32810253673 4713472.022232452),4029.8,10165.19,15648.02,21069.15,29374.16,4076.98,10376.76,15804.33,21512.2,29890.55
006f100000d7jHKAAY,1013726,Rwanda,Rwanda - Gaseke - 1013726,Rejected,Technical,11/5/18,Southern Province,Gisagara,Kibirizi - Save,Duwani - Rwanza,Gaseke,Agaseke,,,Project Assessment - 2018.9.28,-2.59415,29.77829,,http://www.worldpop.org.uk/data/summary?doi=10.5258/SOTON/WP00539,11454.0,74849.0,Buhoro,804.0,Murambi,710.0,Burashi,659.0,Rwuya,548.0,Cyahafi,461.0,,,9/28/18,,,,,,,,,POINT (475346.8833193204 4713178.300883815),1811.07,6277.71,12525.46,16025.58,21696.84,1865.34,6384.42,12731.33,16282.53,22348.06
006f100000d7jHPAAY,1013727,Rwanda,Rwanda - Kabogoti - 1013727,Rejected,Technical,11/5/18,Southern Province,Gisagara,Kibirizi- Kansi,Ruturo - Nyange,Kabogoti,Kabogobogo,,,Project Assessment - 2018.9.28,-2.64711,29.80976,,http://www.worldpop.org.uk/data/summary?doi=10.5258/SOTON/WP00539,4504.0,33499.0,Kabogoti,572.0,Mpinga,602.0,Karengera,516.0,Kigarama (on the RHS ),615.0,,0.0,,,9/28/18,,,,,,,,,POINT (478847.10328414186 4707323.286933122),493.0,2180.56,4800.1,6496.63,9690.44,502.82,2227.31,4910.97,6567.07,9720.93
006f100000d7jHyAAI,1013728,Rwanda,Rwanda - Kigarama - 1013728,Rejected,Technical,11/5/18,Southern Province,Gisagara,Kibirizi - Kansi,Ruturo - Nyange,Kigarama,Kabogobogo,,,Project Assessment - 2018.9.28,-2.65762,29.81981,,http://www.worldpop.org.uk/data/summary?doi=10.5258/SOTON/WP00539,3541.0,29313.0,Kigarama,670.0,Karengera,516.0,Mpinga,602.0,Kabogoti,572.0,Kigarama (on the RHS ),615.0,,,9/28/18,,,,,,,,,POINT (479964.74156829435 4706161.40359347),1316.95,2274.01,4275.4,5900.36,8321.99,1334.91,2355.08,4408.32,5985.76,8576.68
006f100000d7jI3AAI,1013729,Rwanda,Rwanda - Cyogo - 1013729,Rejected,Technical,11/5/18,Southern Province,Gisagara,Save,Munazi - Rwanza,Cyogo,Gatare,,,Project Assessment - 2018.9.28,-2.56425,29.78521,,http://www.worldpop.org.uk/data/summary?doi=10.5258/SOTON/WP00539,9444.0,59316.0,Gitwa,771.0,Gakombe,734.0,Rweserezo,563.0,Ryamuguri,525.0,Akarambo,486.0,,,9/28/18,,,,,,,,,POINT (476115.80097426794 4716484.364293619),2426.27,5677.39,10132.67,13890.29,19288.7,2397.01,5766.12,10257.0,13989.43,19506.0
006f100000d7jI8AAI,1013730,Rwanda,Rwanda - Ingirakamaro - 1013730,Rejected,Technical,11/5/18,Southern Province,Gisagara,Save,Munazi - Rwanza,Ingirakamaro,Gatare,,,Project Assessment - 2018.9.28,-2.57166,29.78138,,http://www.worldpop.org.uk/data/summary?doi=10.5258/SOTON/WP00539,10642.0,66302.0,Kigwa,859.0,Gakombe,734.0,Nyarure,633.0,Ryamaguri,525.0,,0.0,,,9/28/18,,,,,,,,,POINT (475690.0509907744 4715664.99628286),2478.03,6790.62,11176.06,14095.84,19296.14,2520.61,7006.92,11206.39,14294.83,19657.95
006f100000d7jIDAAY,1013731,Rwanda,Rwanda - Nyakagezi - 1013731,Rejected,Technical,11/5/18,Southern Province,Gisagara,Save - Musha,Zivu - Kigarama,Nyakagezi,Kigaga,,,Project Assessment - 2018.9.28,-2.55904,29.83055,,http://www.worldpop.org.uk/data/summary?doi=10.5258/SOTON/WP00539,4652.0,33469.0,Ryarubayi,538.0,Ryamurongo,523.0,Rugogwe,637.0,Kigarama - Rugara,949.0,,0.0,,,9/28/18,,,,,,,,,POINT (481157.4547681737 4717061.169094277),1143.42,2584.27,4156.46,7108.91,11486.44,1244.65,2673.25,4323.24,7209.73,11703.49
006f100000d7jIIAAY,1013732,Rwanda,Rwanda - Nyirakimene - 1013732,Rejected,Technical,11/5/18,Southern Province,Gisagara,Musha,Bukinanyana - Gatovu,Nyirakimene,Gatare,,,Project Assessment - 2018.9.28,-2.52261,29.86105,,http://www.worldpop.org.uk/data/summary?doi=10.5258/SOTON/WP00539,5763.0,33132.0,Gihinga,924.0,Bukinanyana,1852.0,Rugarama,845.0,Gaseke - Nyagasambu,1338.0,Nyabitare - Cyayi,1401.0,,,9/28/18,,,,,,,,,POINT (484548.5760721391 4721089.486047875),1858.85,5658.89,8357.04,12517.28,17628.64,1909.24,5765.81,8455.66,12577.67,17930.43
006f100000d7jINAAY,1013733,Rwanda,Rwanda - Runigiro - 1013733,Rejected,Technical,11/5/18,Southern Province,Gisagara,Musha,Gatovu,Runigiro,,,,Project Assessment - 2018.9.28,-2.51012,29.86378,,http://www.worldpop.org.uk/data/summary?doi=10.5258/SOTON/WP00539,5558.0,33338.0,Nyagasambu,746.0,Cyayi,718.0,Gitega,914.0,,0.0,,0.0,,,9/28/18,,,,,,,,,POINT (484852.012115676 4722470.483375617),1434.42,4193.39,7138.44,11217.9,18563.61,1440.5,4342.98,7275.23,11534.5,18937.15
006f100000d7jISAAY,1013734,Rwanda,Rwanda - Kabasore - 1013734,Rejected,Technical,11/5/18,Southern Province,Gisagara,Musha - Gikonko,Gatovu - Gikonko,Kabasore,,,,Project Assessment - 2018.9.28,-2.4919,29.85804,,http://www.worldpop.org.uk/data/summary?doi=10.5258/SOTON/WP00539,5996.0,32742.0,Gitega,916.0,Gahabwa,614.0,Cyayi,718.0,,0.0,,0.0,,,9/28/18,,,,,,,,,POINT (484213.491379519 4724484.922072267),3204.75,6235.74,9016.01,13086.48,17849.41,3216.63,6298.45,9212.34,13355.36,18186.53
006f100000d7x5AAAQ,1013804,Rwanda,Rwanda - Nyarukurazo - 1013804,Rejected,Technical,11/11/18,Southern Province,Gisagara,Kigembe,Rusagara - Gatovu,Nyarukurazo,Nyirambabazi,,,Project Assessment - 2018.10.8,-2.7242,29.75411,,http://www.worldpop.org.uk/data/summary?doi=10.5258/SOTON/WP00539,6574.0,41494.0,Nyarukurazo,560.0,Nyarunyinya,776.0,Akatera,806.0,Gasharu,659.0,Gatare,636.0,,,10/7/18,,,,,,,,,POINT (472661.0275117402 4698798.614160722),918.69,3441.41,5651.03,9168.09,12747.44,1003.92,3501.0,5678.34,9425.46,13027.11
006f100000d7x5FAAQ,1013805,Rwanda,Rwanda - Gatarinzira - 1013805,Cancelled,,12/31/22,Southern Province,Gisagara,Nyanza - Ngoma,Nyamugari - Nyamirama,Gatarinzira,Migina,Rwanda Full Scale Research - Randomized but Not Baselined,,Project Assessment - 2018.10.8,-2.775531,29.708728,,http://www.worldpop.org.uk/data/summary?doi=10.5258/SOTON/WP00539,6934.0,39368.0,Gatarinzira,716.0,Kigali - Rama,1301.0,Cyumba - Urutoyi - Agahehe,1591.0,Bihembe,736.0,Nteko,524.0,,,10/7/18,,,,,,,,,POINT (467616.63059292786 4693121.964745477),1935.56,3700.19,6562.69,9852.24,16090.3,1953.32,3816.62,6881.94,10246.42,16282.14
006f100000d7x5KAAQ,1013806,Rwanda,Rwanda - Sare - 1013806,Complete,In Service,7/22/22,Southern Province,Gisagara,Nyanza - Ngoma,Nyamugari - Nyamirama,Sare,Migina,Rwanda Full Scale Research - Randomized and Lost,,Project Assessment - 2018.10.8,-2.79714,29.69812,,http://www.worldpop.org.uk/data/summary?doi=10.5258/SOTON/WP00539,4729.0,26137.0,Sare,600.0,Rugogwe - Akayange,1240.0,Rwamiko,812.0,Bihembe,736.0,Kanyamaganda - Nteko,1121.0,,,10/7/18,,,,,,,,,POINT (466437.84352261433 4690732.418618027),1333.9,2428.02,4861.39,8139.79,13217.29,1322.24,2442.03,4991.59,8203.5,13511.79
006f100000d7x5PAAQ,1013807,Rwanda,Rwanda - Rususa - 1013807,Rejected,Technical,11/5/18,Southern Province,Gisagara,Mukindo,Nyabisagara - Gitega,Rususa,Rwimisha,,,Project Assessment - 2018.10.8,-2.74102,29.85624,,http://www.worldpop.org.uk/data/summary?doi=10.5258/SOTON/WP00539,7368.0,33003.0,Rususa,1180.0,Gatare - Butare,1324.0,Nturubuye,679.0,Nyabikoni,740.0,Akabati - Agatunda,1252.0,,,10/7/18,,,,,,,,,POINT (484016.4788080752 4696940.727669928),2771.7,6210.89,9883.61,13032.28,17611.86,2798.92,6452.94,10178.13,13379.9,17855.62
006f100000d7x5ZAAQ,1013808,Rwanda,Rwanda - Maheresho - 1013808,Rejected,Technical,11/5/18,Southern Province,Gisagara,Nyanza,Umubanga,Maheresho,Gisuma,,,Project Assessment - 2018.10.8,-2.77338,29.75503,,http://www.worldpop.org.uk/data/summary?doi=10.5258/SOTON/WP00539,5975.0,31727.0,Maheresho,614.0,Akinyana,575.0,Urukeri,542.0,Remera,718.0,Akamabuye,430.0,,,10/7/18,,,,,,,,,POINT (472764.43214624986 4693360.960518652),937.06,2264.9,5095.11,9373.94,13845.57,889.35,2408.04,5312.89,9628.33,14101.49
006f100000d7x5eAAA,1013809,Rwanda,Rwanda - Akagano - 1013809,Rejected,Technical,11/1/18,Southern Province,Gisagara,Nyanza,Umubanga,Akagano,Akagano,,,Project Assessment - 2018.10.8,-2.78075,29.74108,,http://www.worldpop.org.uk/data/summary?doi=10.5258/SOTON/WP00539,8228.0,34894.0,Akinyana,575.0,Karwishyura,624.0,Manyoni,618.0,Kabakene,673.0,,0.0,,,10/7/18,,,,,,,,,POINT (471213.65047144366 4692545.752061949),2731.97,5226.6,8165.0,11051.14,14821.24,2835.69,5295.58,8368.82,11502.82,15228.18
006f100000d7x5jAAA,1013810,Rwanda,Rwanda - Nyarunyinya - 1013810,Rejected,Technical,11/5/18,Southern Province,Gisagara,Kigembe,Rusagara - Gatovu,Nyarunyinya,Nyirambabazi,,,Project Assessment - 2018.10.8,-2.7234,29.76373,,http://www.worldpop.org.uk/data/summary?doi=10.5258/SOTON/WP00539,6681.0,40622.0,Nyarunyinya,776.0,Nyarukurazo,560.0,Gasharu,659.0,Gatare,636.0,,0.0,,,10/7/18,,,,,,,,,POINT (473730.6040606087 4698887.28139594),1271.8,4518.9,6868.63,8272.36,11655.89,1338.86,4674.33,6960.98,8339.93,11932.02
006f100000d7x5oAAA,1013811,Rwanda,Rwanda - Nyabinyenga - 1013811,Rejected,Technical,11/5/18,Southern Province,Gisagara,Mugombwa - Kansi,Baziro - Umunini,Nyabinyenga,Kabogobogo,,,Project Assessment - 2018.10.8,-2.70198,29.81289,,http://www.worldpop.org.uk/data/summary?doi=10.5258/SOTON/WP00539,4992.0,34058.0,Nyabinyenga,748.0,Nyamirama,637.0,Nyagatovu - Nyagahuru,1210.0,Gatare - Nyamure,1276.0,Rwimbogo - Ruburanjwiri,1158.0,,,10/7/18,,,,,,,,,POINT (479196.05555441766 4701256.570993096),994.1,2209.71,3258.61,5170.53,8409.55,1140.21,2244.46,3351.74,5322.49,8540.74
006f100000d7x5tAAA,1013812,Rwanda,Rwanda - Akadogo - 1013812,Rejected,Technical,11/5/18,Southern Province,Gisagara,Kigembe - Kansi,Impinga - Akaboti,Akadogo,Akaboti,,,Project Assessment - 2018.10.8,-2.70192,29.76218,,http://www.worldpop.org.uk/data/summary?doi=10.5258/SOTON/WP00539,8027.0,41545.0,Akadogo,446.0,Akakijugujugu,502.0,Nyarunyinya,776.0,Gatare (Gatovu Cell ),636.0,Gatare (Akabogoti Cell),581.0,,,10/7/18,,,,,,,,,POINT (473557.80163620046 4701262.219370625),1328.41,4211.57,7916.98,10504.34,15229.36,1374.09,4301.21,8074.54,10767.31,15644.37
006f100000d7x5yAAA,1013813,Rwanda,Rwanda - Gasharu - 1013813,Rejected,Technical,11/10/18,Southern Province,Gisagara,Kigembe - Kansi,Rusagara - Akaboti,Gasharu,Akaboti,,,Project Assessment - 2018.10.8,-2.7045,29.75324,,http://www.worldpop.org.uk/data/summary?doi=10.5258/SOTON/WP00539,7653.0,41668.0,Gasharu,640.0,Akatera - Kigarama,1430.0,Nyarukurazo - Nyarunyinya,1336.0,Gasharu - Gatare,1295.0,Gatare (Kansi),581.0,,,10/7/18,,,,,,,,,POINT (472563.85280134174 4700976.759094438),1507.16,3526.36,6911.86,10351.97,14661.17,1625.56,3726.87,7197.16,10622.28,15080.45
006f100000d8AivAAE,1013912,Rwanda,Rwanda - Nyabyunyu - 1013912,Rejected,Technical,11/5/18,Southern Province,Gisagara,Gishubi,Nyeranzi,Nyabyunyu,Nyabyunyu,,,Project Assessment - 2018.10.16,-2.57105,29.88974,,http://www.worldpop.org.uk/data/summary?doi=10.5258/SOTON/WP00539,4539.0,24448.0,Nyabyunyu - Muyinza,1588.0,Cyamanyeri - Rwegura,880.0,Gikuyo - Rwanza,803.0,Kagoma - Nyamure,1372.0,Busave - Nyundo,694.0,,,10/15/18,,,,,,,,,POINT (487739.4045007037 4715733.9929901175),2238.25,3825.12,6659.0,12166.79,17148.69,2386.17,3863.9,6682.66,12297.4,17347.11
006f100000d8Aj0AAE,1013913,Rwanda,Rwanda - Rusasa - 1013913,Rejected,Technical,11/11/18,Southern Province,Gisagara,Ndora,Bweya - Cyamukuza,Rusasa,Nyamigango,,,Project Assessment - 2018.10.16,-2.59858,29.81743,,http://www.worldpop.org.uk/data/summary?doi=10.5258/SOTON/WP00539,6597.0,37371.0,Akiminazi,488.0,Kantabana - Sabudari,1091.0,Mirayi - Kamahembe,1045.0,Nyarubari,581.0,Urusenyi,617.0,,,10/15/18,,,,,,,,,POINT (479699.1556002132 4712689.188208035),2267.51,5206.25,8413.0,12330.41,15857.36,2420.42,5320.2,8603.88,12448.27,16076.08
006f100000d8Aj5AAE,1013914,Rwanda,Rwanda - Musizi - 1013914,Rejected,Technical,11/5/18,Southern Province,Gisagara,Ndora,Bweya - Gisagara,Musizi,Akabyira,,,Project Assessment - 2018.10.16,-2.60413,29.80698,,http://www.worldpop.org.uk/data/summary?doi=10.5258/SOTON/WP00539,7409.0,43975.0,Akiminazi,488.0,Kantabana - Sabudari,1091.0,Mirayi - Kamahembe,1045.0,Rugara,629.0,Nyabitare,598.0,,,10/15/18,,,,,,,,,POINT (478537.25891961786 4712075.373486437),2120.04,4526.92,7592.2,11912.41,17200.48,2116.94,4717.65,7642.62,12121.67,17511.16
006f100000d8AjFAAU,1013915,Rwanda,Rwanda - Rusasa - 1013915,Rejected,Technical,11/5/18,Southern Province,Gisagara,Gishubi,Nyakibungo,Rusasa,Mirayi,,,Project Assessment - 2018.10.16,-2.59392,29.8922,,http://www.worldpop.org.uk/data/summary?doi=10.5258/SOTON/WP00539,4315.0,23516.0,Rusasa - Gicaca,1335.0,Kibingi - Rebero,1360.0,Nkunamo - Banga - Rugarama,1612.0,Kigozi - Rweza,1658.0,Kivugiza - Tamba - Nyundo,1864.0,,,10/15/18,,,,,,,,,POINT (488013.1641303139 4713205.3794989865),2461.17,5240.5,7635.71,11192.8,16343.2,2473.26,5321.08,7693.08,11351.03,16835.8
006f100000d8Ao5AAE,1013919,Rwanda,Rwanda - Gisuma - 1013919,Rejected,Technical,11/5/18,Southern Province,Gisagara,Muganza - Mukindo,Saga - Runyinya,Gisuma,Gisuma,,,Project Assessment - 2018.10.16,-2.70557,29.89536,,http://www.worldpop.org.uk/data/summary?doi=10.5258/SOTON/WP00539,5360.0,28650.0,Nyagafumberi,1039.0,Bucaya,557.0,Rwinkuba,410.0,Rubona,557.0,,0.0,,,10/15/18,,,,,,,,,POINT (488365.58343707025 4700860.740039701),893.74,2686.16,5159.77,8780.3,15072.33,989.42,2789.83,5301.71,8954.69,15622.87
006f100000d8AoAAAU,1013920,Rwanda,Rwanda - Karuhinda - 1013920,Rejected,Technical,11/5/18,Southern Province,Gisagara,Muganza - Mugombwa,Cyumba - Mugombwa,Karuhinda,Musizi,,,Project Assessment - 2018.10.16,-2.68141,29.87402,,http://www.worldpop.org.uk/data/summary?doi=10.5258/SOTON/WP00539,7974.0,35922.0,Kamabango,544.0,Musatsi,467.0,Gasharu,521.0,Kagarama,564.0,,0.0,,,10/15/18,,,,,,,,,POINT (485992.61231152277 4703531.787700041),1747.99,5959.42,10112.68,15924.85,22782.27,1769.92,6140.13,10322.46,16249.48,23423.77
006f100000d8AoFAAU,1013921,Rwanda,Rwanda - Busave - 1013921,Rejected,Technical,11/5/18,Southern Province,Gisagara,Gishubi,Gabiro,Busave,Agafita,,,Project Assessment - 2018.10.16,-2.57408,29.87933,,http://www.worldpop.org.uk/data/summary?doi=10.5258/SOTON/WP00539,4837.0,26204.0,Busave - Nyundo,698.0,Kigozi - Zamwe,1279.0,Nyamure - Kurutare,426.0,Kagoma - Muyinza,2200.0,Rwegura - Cyamanyeri - Nyabyunyu,1468.0,,,10/15/18,,,,,,,,,POINT (486581.8724097507 4715398.874271834),2301.33,5308.18,7922.58,11282.3,16409.55,2383.44,5319.98,8003.23,11363.26,16632.49
006f100000d8AoKAAU,1013922,Rwanda,Rwanda - Uwinyana - 1013922,Rejected,Technical,11/11/18,Southern Province,Gisagara,Muganza,Saga,Uwinyana,Uwinyana,,,Project Assessment - 2018.10.16,-2.69786,29.90142,,http://www.worldpop.org.uk/data/summary?doi=10.5258/SOTON/WP00539,4236.0,25674.0,Nyagafumberi,1039.0,Bucaya,557.0,Rwinkuba,410.0,Akabacuzi,452.0,Nyamiheto,501.0,,,10/15/18,,,,,,,,,POINT (489039.29714078055 4701713.259140956),1390.99,1875.48,3548.74,7418.29,12175.13,1467.08,1994.75,3531.75,7516.0,12406.26
006f100000d8AoPAAU,1013923,Rwanda,Rwanda - Gitinsi - 1013923,Rejected,Technical,11/5/18,Southern Province,Gisagara,Muganza,Muganza - Rwamiko,Gitinsi,Rujwigira,,,Project Assessment - 2018.10.16,-2.62646,29.88709,,http://www.worldpop.org.uk/data/summary?doi=10.5258/SOTON/WP00539,3628.0,26713.0,Gitinsi,898.0,Gatongati - Cyanamo,937.0,Rwamugoyi - Rwinkuba,842.0,Akimirama,647.0,Kidaturwa - Ubuseruka,1573.0,,,10/15/18,,,,,,,,,POINT (487445.2791395591 4709607.520911762),1109.01,3926.81,7097.18,10039.44,14718.99,1287.82,3990.98,7253.76,10405.91,15227.32
0063Z00000kdQ8KQAU,1024587,Rwanda,Rwanda - Kanyiramana 2 - 1024587,Complete,In Service,8/18/23,Southern Province,Huye,Kigoma,Kababaji,Kanyiramana 2,Mwogo,Rwanda Full Scale Research - Randomized and Baselined - Intervention,,Project Pre-Assessment - 2020.8.20,-2.479682,29.660946,3761.0,https://api.worldpop.org/v1/services/stats?,6277.45,40582.0,Gishihe,375.0,Kababaji,600.0,Kanyiramana,386.0,Ngororero,1150.0,Karambi,1250.0,Birambo,0.0,8/19/20,Kavumu,0.0,Kabingo,0.0,Gihanda,0.0,Kamyuga,0.0,POINT (462295.3370446937 4725831.832560482),987.15,3265.84,6495.23,10313.87,14640.13,994.9,3376.52,6665.38,10555.34,14909.83
006Ns0000054KF4IAM,1049538,Rwanda,Rwanda - Mwaro - 1049538,Identified,,12/31/23,Southern Province,Huye,Rusatira,Buhimba,Mwaro,Umwaro,,,Project Pre-Assessment - 2023.11.19,-2.4344,29.7544,11893.0,https://api.worldpop.org/v1/services/stats?,5938.4,39977.73,Karubona,1304.0,Gasaka,1260.0,Agasharu,960.0,Gisike,1309.0,Kigarama,867.0,Kanyirankuba,840.0,11/19/23,Mucunda,1420.0,Kimkanga,584.0,Nyabisindu,2150.0,Gahondo,1199.0,POINT (472687.08994514105 4730840.788867966),1445.74,3865.73,7481.61,12159.24,18560.25,1444.57,3871.27,7493.94,12257.22,18784.23
006Ns0000054NRQIA2,1049537,Rwanda,Rwanda - KINYANA - 1049537,Identified,,12/31/23,Southern Province,Huye,Huye,Nyakagezi,KINYANA,Guage,,,Project Pre-Assessment - 2023.11.19,-2.574,29.68583,4880.0,https://api.worldpop.org/v1/services/stats?,6483.16,47466.53,Kinyana,825.0,Karuhaya,770.0,Kigarama,980.0,Nyarunazi,1105.0,Mbuba,1200.0,,0.0,11/19/23,,0.0,,0.0,,0.0,,0.0,POINT (465065.12418608554 4715404.052651836),478.73,2529.17,5046.22,9268.72,15811.16,499.55,2551.56,5156.13,9274.52,16178.75
006Ns0000054P3OIAU,1049536,Rwanda,Rwanda - Kagishwi - 1049536,Identified,Requested,12/31/23,Southern Province,Huye,Kigoma,Gishihe,Kagishwi,Rurongora,,,Project Pre-Assessment - 2023.11.19,-2.48638,29.6533,5215.0,https://api.worldpop.org/v1/services/stats?,6315.68,43432.34,Gishihe,1633.0,Karambi,650.0,Birambo,890.0,Kabingo,1107.0,Kababaji,650.0,Kamyuga,285.0,11/19/23,,0.0,,0.0,,0.0,,0.0,POINT (461445.24379523424 4725091.032414746),1996.75,3753.16,6252.95,9577.84,13215.4,2014.12,3747.39,6305.36,9709.47,13316.36
006Ns0000054RBdIAM,1049534,Rwanda,Rwanda - Kigarama - 1049534,Identified,,12/31/23,Southern Province,Huye,Isimbi,Gisakura,Kigarama,Rain water,,,Project Pre-Assessment - 2023.11.19,-2.495,29.6877,2655.0,https://api.worldpop.org/v1/services/stats?,6502.09,43390.91,Kigarama,584.0,Bambiro,463.0,Gasharu,527.0,Nyabisindu,815.0,Gihinga,266.0,,0.0,11/19/23,,0.0,,0.0,,0.0,,0.0,POINT (465270.9599281931 4724138.899605428),1895.63,3801.69,6766.12,11315.28,15929.53,1959.73,3898.2,6944.68,11440.98,16166.41
006Ns0000054RDFIA2,1049535,Rwanda,Rwanda - Kirutamwogo - 1049535,Under Construction,,6/13/25,Southern Province,Huye,Isimbi,Gisakura,Kirutamwogo,Kirutamwogo,,,Project Pre-Assessment - 2023.11.19,-2.49194,29.688,2655.0,https://api.worldpop.org/v1/services/stats?,6594.21,42825.75,Gihinga,266.0,Kigarama,584.0,Nyabisindu,815.0,Bambiro,463.0,Gasharu,527.0,,0.0,11/19/23,,0.0,,0.0,,0.0,,0.0,POINT (465304.2413342874 4724477.242427211),2269.87,3746.37,6993.83,10692.54,15024.91,2402.11,3881.16,7193.76,10959.4,15160.21
006Ns00000QwRljIAF,1053276,Rwanda,Rwanda - Butare - 1053276,Under Construction,,4/25/25,Southern Province,Huye,Karama,Muhembe,Butare,There is a Gauge,,,Project Pre-Assessment - 2024.11.21,-2.61682,29.665066,2760.0,https://api.worldpop.org/v1/services/stats?,4671.99,32635.7,Kaburemera,752.0,Butare,292.0,Rugege,437.0,Uwimpundu,459.0,Cyetete,820.0,,0.0,11/21/24,,0.0,,0.0,,0.0,,0.0,POINT (462757.4498547432 4710668.969672016),674.81,1418.52,2946.33,6013.71,9738.8,667.6,1418.27,3039.75,6090.27,10006.05
006f100000a86DaAAI,1007374,Rwanda,Rwanda - Karambi - 1007374,Complete,In Service,6/17/19,Southern Province,Huye,Kigoma-Maraba,Karambi-Gasumba,Karambi,Mwogo,2019 Rwanda Research Pilot - Bridge Sites,,Project Assessment - 2018.7.27,-2.513333,29.612778,,http://www.worldpop.org.uk/data/summary?doi=10.5258/SOTON/WP00539,7425.0,41353.0,Gasumba,3000.0,Kanyinya,2500.0,Kabuye,4000.0,Buremera,2000.0,Shanga,1000.0,,,7/27/18,,,,,,,,,POINT (456939.8100826303 4722109.644720428),3073.48,6155.15,8714.26,12364.2,16830.71,3124.9,6212.37,8836.95,12599.71,17146.13
006f100000a86DcAAI,1007376,Rwanda,Rwanda - Buhoro - 1007376,Rejected,Technical,12/12/18,Southern Province,Huye,Karama,Gahororo,Buhoro,No river,,,Project Assessment - 2018.12.12,-2.62627,30.6261,,http://www.worldpop.org.uk/data/summary?doi=10.5258/SOTON/WP00539,0.0,0.0,,0.0,,0.0,,0.0,,0.0,,0.0,,,12/12/18,,,,,,,,,POINT (569618.843799212 4709611.665304309),509.56,1301.53,1946.45,2871.85,4039.06,498.94,1301.06,1940.64,2893.0,4015.96
006f100000a86DdAAI,1007377,Rwanda,Rwanda - Uwarugondo - 1007377,Rejected,Technical,11/10/18,Southern Province,Huye,Karama,Gahororo - Muhembe,Uwarugondo,Agatobwe,,,Project Assessment - 2018.9.17,-2.63101,29.63617,,http://www.worldpop.org.uk/data/summary?doi=10.5258/SOTON/WP00539,5926.0,26119.0,Uwarugondo,778.0,Muyange,1231.0,Isangano,834.0,Cyetete,517.0,Raranzige,623.0,,,9/17/18,,,,,,,,,POINT (459544.8112796827 4709099.118317559),1170.47,3145.21,6062.53,10352.87,14480.56,1291.41,3323.83,6293.81,10553.87,14813.25
006f100000a86DeAAI,1007378,Rwanda,Rwanda - Zaga - 1007378,Rejected,Vehicular Bridge Required,11/5/18,Southern Province,Huye,Karama,Kibingo,Zaga,Agatobwe,,,Project Assessment - 2018.9.17,-2.60378,29.66448,,http://www.worldpop.org.uk/data/summary?doi=10.5258/SOTON/WP00539,3604.0,27073.0,Zaga,532.0,Agatovu,392.0,Gasharu,836.0,Butare,584.0,Marimba - Akarambo,984.0,,,9/17/18,,,,,,,,,POINT (462691.90507773065 4712110.751446408),999.56,1868.24,3797.51,7625.88,11825.3,994.26,1901.66,3865.26,7895.84,11998.24
006f100000a86DfAAI,1007379,Rwanda,Rwanda - Uwimpundu - 1007379,Rejected,Vehicular Bridge Required,12/12/18,Southern Province,Huye,Karama,Muhembe - Gahororo,Uwimpundu,Agatobwe,,,Project Assessment - 2018.12.12,-2.62437,30.64553,,http://www.worldpop.org.uk/data/summary?doi=10.5258/SOTON/WP00539,0.0,0.0,Uwimpundu,623.0,Uwarugondo,882.0,,0.0,,0.0,,0.0,,,12/12/18,,,,,,,,,POINT (571779.5506141024 4709820.654548008),448.74,1134.67,2011.2,3048.8,4197.91,461.17,1158.27,2022.09,3117.47,4242.42
006f100000a86DgAAI,1007380,Rwanda,Rwanda - Bukomeye - Taba - 1007380,Complete,In Service,10/17/22,Southern Province,Huye,Mukura,Rango A,Bukomeye - Taba,Mukura,Rwanda Full Scale Research - Randomized and Baselined - Intervention,,Project Assessment - 2018.9.17,-2.66052,29.74644,,http://www.worldpop.org.uk/data/summary?doi=10.5258/SOTON/WP00539,8345.0,59910.0,Remera,547.0,Gaseke,711.0,Mpinga,520.0,Nyagasambu - Kabeza,946.0,Taba - Rujumbura,857.0,,,9/17/18,,,,,,,,,POINT (471806.7789912077 4705839.328361644),1638.48,6297.76,11502.16,18516.93,26948.26,1633.01,6396.74,11753.51,18997.22,27425.36
006f100000a86DhAAI,1007381,Rwanda,Rwanda - Rujumbura - 1007381,Rejected,Technical,11/11/18,Southern Province,Huye,Mukura,Buvumu - Cyeru,Rujumbura,Mukura,,,Project Assessment - 2018.9.17,-2.68664,29.75706,,http://www.worldpop.org.uk/data/summary?doi=10.5258/SOTON/WP00539,8532.0,43814.0,Rujumbura,426.0,Taba - Mpinga,951.0,Nyagasambu - Kabeza,946.0,Nyarusambu - Nyagisenyi,978.0,Rugarama - Akakinka - Kimirama,1443.0,,,9/17/18,,,,,,,,,POINT (472988.1904081684 4702951.565467803),1046.74,4203.91,7455.02,11131.21,17734.26,1044.08,4408.03,7756.12,11353.39,18203.21
006f100000aWV5fAAG,1009280,Rwanda,Rwanda - Nyaruhombo - 1009280,Complete,In Service,10/22/22,Southern Province,Huye,Rwaniro - Nyagisozi,Nyaruhombo - Kirambi,Nyaruhombo,Buroho,,,Project Assessment - 2018.12.12,-2.41201,29.67439,,http://www.worldpop.org.uk/data/summary?doi=10.5258/SOTON/WP00539,5115.0,29885.0,Gasharu,546.0,Kamwambi,507.0,Mpaza,720.0,Bweru,600.0,,0.0,,,12/12/18,,,,,,,,,POINT (463788.58536517475 4733314.499898547),2086.33,4714.95,8095.7,12178.21,16745.89,2134.86,4769.09,8274.13,12500.14,16936.2
006f100000cPuuaAAC,1012501,Rwanda,Rwanda - Gahororo - 1012501,Complete,In Service,5/30/19,Southern Province,Huye,Karama,Gahororo,Gahororo,Agatobwe,2019 Rwanda Research Pilot - Bridge Sites,Catchment Survey Program,Project Assessment - 2018.7.27,-2.621482,29.649033,,http://www.worldpop.org.uk/data/summary?doi=10.5258/SOTON/WP00539,4817.0,25147.0,Gahororo,1000.0,Muhembe,2500.0,Bunazi,2500.0,Gikunze (Nyaruguru District),300.0,,0.0,,,7/27/18,,,,,,,,,POINT (460974.80373578705 4710153.016235971),1905.22,4026.69,5853.64,8955.66,11949.73,1892.58,4120.06,6017.45,9228.09,12223.94
006f100000d7ET8AAM,1013331,Rwanda,Rwanda - Nyabusunzu - 1013331,Rejected,Technical,11/5/18,Southern Province,Huye,Rusatira - Gikonko,Kimuna - Gasagara,Nyabusunzu,Nyakagezi,,,Project Assessment - 2018.9.9,-2.4851,29.80904,,http://www.worldpop.org.uk/data/summary?doi=10.5258/SOTON/WP00539,4967.0,31665.0,Nyabusunzu,914.0,Cyimigo,695.0,Murambi,1549.0,Mugusa,587.0,Bibungo,530.0,,,9/9/18,,,,,,,,,POINT (478764.37281277066 4725236.082078949),1281.68,3085.72,6086.74,10088.97,14302.98,1332.17,3028.8,6200.46,10260.14,14626.02
006f100000d7ETDAA2,1013332,Rwanda,Rwanda - Rubanga - 1013332,Rejected,Technical,11/11/18,Southern Province,Huye,Rusatira,Kimirehe - Kiruhura,Rubanga,Gisumo,,,Project Assessment - 2018.9.9,-2.46826,29.77101,,http://www.worldpop.org.uk/data/summary?doi=10.5258/SOTON/WP00539,6056.0,35460.0,Rubanga,1150.0,Nyarutovu,1760.0,Kavumu,443.0,Nyarugenge,875.0,Nyamuko,603.0,,,9/9/18,,,,,,,,,POINT (474534.92024137225 4727097.344482782),1561.81,4581.15,8122.7,10840.15,14960.01,1576.67,4657.26,8164.73,10916.33,15275.64
006f100000d7ETIAA2,1013333,Rwanda,Rwanda - Ruvugizo - 1013333,Rejected,Technical,11/13/18,Southern Province,Huye,Kinazi,Gitovu,Ruvugizo,Akarongoro,,,Project Assessment - 2018.9.9,-2.3965,29.79099,,http://www.worldpop.org.uk/data/summary?doi=10.5258/SOTON/WP00539,4711.0,27474.0,Ruvugizo,1036.0,Karambo,665.0,,0.0,,0.0,,0.0,,,9/9/18,,,,,,,,,POINT (476755.59966586466 4735031.923251847),3322.47,6043.59,9767.81,12762.59,16268.42,3281.7,6035.11,9847.12,12811.92,16526.61
006f100000d7ETNAA2,1013334,Rwanda,Rwanda - Kibiraro - 1013334,Rejected,Technical,11/5/18,Southern Province,Huye,Kinazi,Kabona,Kibiraro,Nyota,,,Project Assessment - 2018.9.9,-2.43844,29.7937,,http://www.worldpop.org.uk/data/summary?doi=10.5258/SOTON/WP00539,4793.0,29851.0,Mwunyu,1408.0,Gakoni,1245.0,Kibiraro,847.0,,0.0,,0.0,,,9/9/18,,,,,,,,,POINT (477057.6895122407 4730394.834546062),2288.61,3990.61,7348.38,10460.61,13802.44,2242.37,4083.29,7435.36,10573.61,14040.84
006f100000d7ETSAA2,1013335,Rwanda,Rwanda - Rugarama - 1013335,Rejected,Technical,11/5/18,Southern Province,Huye,Ruhashya,Ruhashya - Mara,Rugarama,Rusuricyamuginga,,,Project Assessment - 2018.9.9,-2.4812,29.74129,,http://www.worldpop.org.uk/data/summary?doi=10.5258/SOTON/WP00539,6405.0,35958.0,Rugarama,375.0,Mbagabaga,663.0,Rwamabare,516.0,,0.0,,0.0,,,9/9/18,,,,,,,,,POINT (471230.1333204377 4725666.009240316),1676.73,4212.39,8201.21,13381.68,18425.48,1747.98,4180.64,8174.41,13921.73,18721.93
006f100000d7ETXAA2,1013336,Rwanda,Rwanda - Musonga - 1013336,Rejected,Technical,11/5/18,Southern Province,Huye,Simbi,Gisakura,Musonga,Musonga,,,Project Pre-Assessment - 2023.11.19,-2.483823,29.687724,11900.0,http://www.worldpop.org.uk/data/summary?doi=10.5258/SOTON/WP00539,6254.0,39336.0,Gisakura,980.0,Gihinga,1290.0,"Nyabisindu,",3450.0,"Gasharu,",1920.0,"Bambiro,",1880.0,kigarama,2380.0,11/19/23,,0.0,,0.0,,0.0,,0.0,POINT (465273.33629748714 4725374.707150498),1782.22,4722.24,6835.28,9234.45,14218.55,1792.58,4838.11,7087.62,9431.14,14461.21
006f100000d7ETXAA2,1013336,Rwanda,Rwanda - Musonga - 1013336,Rejected,Technical,11/5/18,Southern Province,Huye,Simbi,Gisakura,Musonga,Musonga,,,Project Assessment - 2018.9.10,-2.483823,29.687724,,http://www.worldpop.org.uk/data/summary?doi=10.5258/SOTON/WP00539,6254.0,39336.0,Nyabisindu,730.0,Kirarambogo,636.0,Bambiro,657.0,Gasharu,922.0,Kigarama,584.0,Gahinga,266.0,9/9/18,,,,,,,,,POINT (465273.33629748714 4725374.707150498),1782.22,4722.24,6835.28,9234.45,14218.55,1792.58,4838.11,7087.62,9431.14,14461.21
006f100000d7ETcAAM,1013337,Rwanda,Rwanda - Akanyana - 1013337,Rejected,Technical,11/5/18,Southern Province,Huye,Ruhashya,Rugogwe - Ruhashya,Akanyana,Nyarubande,,,Project Assessment - 2018.9.9,-2.49432,29.73509,,http://www.worldpop.org.uk/data/summary?doi=10.5258/SOTON/WP00539,5223.0,39156.0,Akanyana,2720.0,Murambi,680.0,Gasharu,698.0,Rwamabare,516.0,Mbagabaga,663.0,,,9/9/18,,,,,,,,,POINT (470540.94807323825 4724215.240427618),2041.06,4469.66,7664.62,11503.86,15169.42,2003.13,4637.57,7783.11,11771.07,15484.18
006f100000d7EThAAM,1013338,Rwanda,Rwanda - Nyarutovu - 1013338,Rejected,Technical,11/5/18,Southern Province,Huye,Rusatira - Kinazi,Kimirehe - Kabona,Nyarutovu,,,,Project Assessment - 2018.9.9,-2.44354,29.7827,,http://www.worldpop.org.uk/data/summary?doi=10.5258/SOTON/WP00539,5853.0,30936.0,Nyarutovu,1750.0,Rubanga,1150.0,Mwunyu,1408.0,,0.0,,0.0,,,9/9/18,,,,,,,,,POINT (475834.48152525286 4729830.755397199),1834.68,4425.89,9314.13,14265.63,17702.95,1886.36,4519.14,9521.84,14398.09,18156.1
006f100000d7ETmAAM,1013339,Rwanda,Rwanda - Rugerero-Ntaruka - 1013339,Cancelled,,12/31/22,Southern Province,Huye,Rwanamiro - Rwabicuma,Mwendo - Mubuga,Rugerero-Ntaruka,Ntaruka,,,Project Assessment - 2018.9.9,-2.402212,29.715983,,http://www.worldpop.org.uk/data/summary?doi=10.5258/SOTON/WP00539,3333.0,25024.0,Rugerero,1116.0,Birambo,953.0,Murehe,882.0,Karugumya,750.0,,0.0,,,9/9/18,,,,,,,,,POINT (468413.9998524073 4734398.866510114),1285.73,2870.79,4993.82,6799.42,11113.79,1314.91,2903.37,5071.82,6840.9,11175.8
006f100000d7ETrAAM,1013340,Rwanda,Rwanda - Gahana - 1013340,Rejected,Technical,11/5/18,Southern Province,Huye,Kinazi - Busasamana,Gahana - Gahondo,Gahana,Nyamukana,,,Project Assessment - 2018.9.9,-2.38471,29.76592,,http://www.worldpop.org.uk/data/summary?doi=10.5258/SOTON/WP00539,5440.0,46870.0,Gahana,422.0,Rugarama,746.0,Kibaga,526.0,Gahondo,596.0,,0.0,,,9/9/18,,,,,,,,,POINT (473967.28032417636 4736335.046492044),1521.96,3723.78,7880.21,12614.64,20293.71,1567.38,3818.41,8042.26,12945.59,20735.64
006f100000d7QQOAA2,1013502,Rwanda,Rwanda - Kanyiramana - 1013502,Rejected,Technical,12/31/20,Southern Province,Huye,Kigoma - Simbi,Gishehe - Ngororero,Kanyiramana,Mwogo,Rwanda Full Scale Research - Randomized and Lost,,Project Assessment - 2018.9.17,-2.48655,29.65746,,http://www.worldpop.org.uk/data/summary?doi=10.5258/SOTON/WP00539,6724.0,40099.0,Karambi,800.0,Kabingo,280.0,Kanyiramana,458.0,Nshunga,327.0,,0.0,,,9/17/18,,,,,,,,,POINT (461907.86682435725 4725072.356688589),1884.99,3480.78,6545.71,9399.33,14134.31,1967.35,3496.73,6643.83,9539.69,14460.66
006f100000d7QQTAA2,1013503,Rwanda,Rwanda - Cyendajuru - 1013503,Rejected,Technical,11/5/18,Southern Province,Huye,Simbi,Cyendajuru - Mugobore,Cyendajuru,Gakoni,,,Project Assessment - 2018.9.17,-2.51947,29.6697,,http://www.worldpop.org.uk/data/summary?doi=10.5258/SOTON/WP00539,7664.0,42725.0,Cyendajuru,780.0,Kigarama,367.0,Rwatsi,455.0,Nyarurama,519.0,Mugobore,421.0,,,9/17/18,,,,,,,,,POINT (463269.9468306564 4721432.831919825),2353.2,4351.21,8509.71,12899.02,18198.69,2425.57,4436.98,8603.79,13083.56,18436.1
006f100000d7QQYAA2,1013504,Rwanda,Rwanda - Mariza - 1013504,Rejected,Technical,11/5/18,Southern Province,Huye,Simbi,Kabusanza,Mariza,Kanyinya,,,Project Assessment - 2018.9.17,-2.51052,29.70255,,http://www.worldpop.org.uk/data/summary?doi=10.5258/SOTON/WP00539,7316.0,41768.0,Rusuma,640.0,Mariza,538.0,,0.0,,0.0,,0.0,,,9/17/18,,,,,,,,,POINT (466922.74506539974 4722423.284937369),2762.81,4896.75,7454.47,11074.1,15516.55,2838.88,5173.52,7776.15,11411.78,15879.0
006f100000d7QQdAAM,1013505,Rwanda,Rwanda - Gasekebuye - 1013505,Rejected,Technical,11/5/18,Southern Province,Huye,Gishamvu,Ryakibogo,Gasekebuye,Kidogo,,,Project Assessment - 2018.9.17,-2.63019,29.71337,,http://www.worldpop.org.uk/data/summary?doi=10.5258/SOTON/WP00539,7998.0,68452.0,Gasekebuye,702.0,Rwimbogo,634.0,Gitwa,568.0,Kidahire,425.0,Gakombe - Impinga,925.0,,,9/17/18,,,,,,,,,POINT (468128.9374694815 4709192.019960636),2684.22,6047.68,10023.34,15077.15,24738.95,2837.25,6011.42,10310.44,15058.29,25333.66
006f100000d7QQiAAM,1013506,Rwanda,Rwanda - Kiduha - 1013506,Rejected,Technical,11/11/18,Southern Province,Huye,Gishamvu,Ryakibogo,Kiduha,Rwaza,,,Project Assessment - 2018.9.17,-2.61005,29.69215,,http://www.worldpop.org.uk/data/summary?doi=10.5258/SOTON/WP00539,5988.0,46876.0,Kiduha,547.0,Rwankoni,458.0,Rwaza,612.0,Nyarutovu,524.0,,0.0,,,9/17/18,,,,,,,,,POINT (465768.86692260124 4711418.280404885),1971.39,4366.59,7379.45,11114.78,15869.58,1989.82,4480.61,7575.49,11335.67,16038.76
006f100000d7QQnAAM,1013507,Rwanda,Rwanda - Nyamapfunda - 1013507,Rejected,Technical,11/5/18,Southern Province,Huye,Karama - Rusenge,Buhoro - Kabirizi,Nyamapfunda,Nkonji,,,Project Assessment - 2018.9.17,-2.63352,29.62583,,http://www.worldpop.org.uk/data/summary?doi=10.5258/SOTON/WP00539,5749.0,26824.0,Nyamapfunda,632.0,Mataba,851.0,Gasasa,726.0,Raranzige,623.0,,0.0,,,9/17/18,,,,,,,,,POINT (458395.14729693165 4708821.252922678),1710.33,3718.72,6385.09,8867.95,12671.3,1757.37,3773.53,6556.66,9072.34,12981.25
006f100000d7QSoAAM,1013508,Rwanda,Rwanda - Nyumba - 1013508,Rejected,Technical,11/5/18,Southern Province,Huye,Gishamvu,Nyumba,Nyumba,Nyumba,,,Project Assessment - 2018.9.17,-2.66388,29.69276,,http://www.worldpop.org.uk/data/summary?doi=10.5258/SOTON/WP00539,5895.0,31795.0,Busoro,714.0,Umunyinya - Cyambwe,872.0,Kabeza- Rebero - Akabere,1221.0,Gasyankingi - Nyagatama,1239.0,Akagahaya - Gishamvu,1608.0,,,9/17/18,,,,,,,,,POINT (465838.1644137551 4705466.466647749),2846.88,5370.77,7679.22,9835.06,12763.81,2841.7,5516.35,7749.0,9950.84,12955.73
006f100000d7QStAAM,1013509,Rwanda,Rwanda - Gatongati - 1013509,Rejected,Technical,11/5/18,Southern Province,Huye,Huye - Karama,Nyakagezi,Gatongati,Agatobwe,,,Project Assessment - 2018.9.17,-2.58804,29.67228,,http://www.worldpop.org.uk/data/summary?doi=10.5258/SOTON/WP00539,3908.0,32438.0,Gatongati,512.0,Kinyinya,467.0,,0.0,,0.0,,0.0,,,9/17/18,,,,,,,,,POINT (463558.78362376284 4713851.308949042),1514.28,2948.94,5018.81,8597.01,12409.4,1519.88,2956.42,5165.17,8759.0,12560.4
006f100000d7QTXAA2,1013510,Rwanda,Rwanda - Kinyamaganga - 1013510,Rejected,Technical,11/5/18,Southern Province,Huye,Karama,Kibingo - Gahororo,Kinyamaganga,,,,Project Assessment - 2018.9.17,-2.61104,29.65406,,http://www.worldpop.org.uk/data/summary?doi=10.5258/SOTON/WP00539,4857.0,25382.0,Zaga,532.0,Agatovu,392.0,Gasharu,836.0,Butare,584.0,Muyange,1456.0,,,9/17/18,,,,,,,,,POINT (461533.461360774 4711307.718102764),1082.03,3909.21,6119.6,8060.69,11269.27,1122.54,3953.78,6128.98,8188.97,11519.08
0063Z00000wbMHUQA2,1042780,Rwanda,Rwanda - Mugashyushya - 1042780,Identified,Requested,12/31/22,Southern Province,Kamonyi,Nyarubaka,Kambyeyi,Mugashyushya,Mukunguli,,,Project Assessment - 2022.11.3,-1.941256,30.044576,5200.0,https://api.worldpop.org/v1/services/stats?,149733.47,545809.0,Name,1500.0,Name,1200.0,Name,1000.0,Name,800.0,Name,700.0,,0.0,11/3/22,,0.0,,0.0,,0.0,,0.0,POINT (504958.8533613526 4785367.59906418),39632.81,81371.47,134950.0,189677.28,246477.73,39941.87,81016.45,136771.62,192333.45,249883.03
0063Z00000wbMIhQAM,1042789,Rwanda,Rwanda - Kadasaya - 1042789,Identified,Requested,12/31/24,Southern Province,Kamonyi,Rugalika,Bihembe,Kadasaya,Muzi,,,Project Assessment - 2022.11.3,-2.04033,29.930134,4661.0,https://api.worldpop.org/v1/services/stats?,7372.66,50388.53,Rwabayanga village,1500.0,Kadasaya,811.0,Nyarutovu,700.0,Nyarubuye,450.0,Mago,1200.0,,0.0,11/3/22,,0.0,,0.0,,0.0,,0.0,POINT (492228.2255926657 4774413.422638398),1579.48,3945.12,5950.32,9207.65,14137.23,1592.91,4000.04,6063.78,9392.63,14520.92
0063Z00000wbYguQAE,1043152,Rwanda,Rwanda - Bushara - 1043152,Cancelled,,6/6/25,Southern Province,Kamonyi,Kayumbu-Kayenzi,Murambi-bushara,Bushara,Bushara,,,Project Pre-Assessment - 2022.11.10,-1.895378,29.797781,6500.0,https://api.worldpop.org/v1/services/stats?,5704.21,34695.47,Murambi,1400.0,Kangezi,1500.0,Kaje,1100.0,Bushara,1200.0,Kibuye,1300.0,,0.0,11/10/22,,0.0,,0.0,,0.0,,0.0,POINT (477503.52047023224 4790438.827776529),1000.51,2193.66,4123.75,7060.25,10384.96,1028.65,2204.66,4253.21,7311.79,10656.9
006f100000a86DjAAI,1007383,Rwanda,Rwanda - Ryagashaza - 1007383,Identified,,11/15/18,Southern Province,Kamonyi,Karama,Buyonga_Rukambuzi,Ryagashaza,,,,Project Assessment - 2018.8.3,-1.971072,29.838172,,http://www.worldpop.org.uk/data/summary?doi=10.5258/SOTON/WP00539,5174.0,36491.0,Ryagashaza Village,1480.0,Ngoma Village,1218.0,Kinkeri Village,1292.0,Nyenyeri,985.0,,,,,8/3/18,,,,,,,,,POINT (481997.7533995918 4782070.198491448),1445.47,3251.51,5914.44,9195.02,13647.86,1471.45,3325.95,5999.27,9411.81,13903.34
006f100000a86DjAAI,1007383,Rwanda,Rwanda - Ryagashaza - 1007383,Identified,,11/15/18,Southern Province,Kamonyi,Karama,Buyonga_Rukambuzi,Ryagashaza,,,,Project Assessment - 2018.6.11,-1.971072,29.838172,,http://www.worldpop.org.uk/data/summary?doi=10.5258/SOTON/WP00539,5174.0,36491.0,Ryagashaza,1480.0,Ngoma,0.0,,0.0,,0.0,,0.0,,,6/11/18,,,,,,,,,POINT (481997.7533995918 4782070.198491448),1445.47,3251.51,5914.44,9195.02,13647.86,1471.45,3325.95,5999.27,9411.81,13903.34
006f100000a86DkAAI,1007384,Rwanda,Rwanda - Kabuga - 1007384,Rejected,Technical,11/15/18,Southern Province,Kamonyi,Karama,Bitare,Kabuga,Santinsyi,,,Project Assessment - 2018.8.3,-1.972033,29.84578,,http://www.worldpop.org.uk/data/summary?doi=10.5258/SOTON/WP00539,5020.0,35385.0,,0.0,,0.0,,0.0,,0.0,,0.0,,,8/3/18,,,,,,,,,POINT (482844.10276305233 4781964.0258752825),1122.67,2919.52,5401.72,9242.37,13484.61,1153.73,3039.11,5597.05,9440.36,13718.29
006f100000a86DkAAI,1007384,Rwanda,Rwanda - Kabuga - 1007384,Rejected,Technical,11/15/18,Southern Province,Kamonyi,Karama,Bitare,Kabuga,Santinsyi,,,Project Assessment - 2018.6.11,-1.972033,29.84578,1195.0,http://www.worldpop.org.uk/data/summary?doi=10.5258/SOTON/WP00539,5020.0,35385.0,Kabuga,1195.0,Mugina,0.0,,0.0,,0.0,,0.0,,,6/11/18,,,,,,,,,POINT (482844.10276305233 4781964.0258752825),1122.67,2919.52,5401.72,9242.37,13484.61,1153.73,3039.11,5597.05,9440.36,13718.29
006f100000eekcKAAQ,1014274,Rwanda,Rwanda - Kanyangesa - 1014274,Rejected,Technical,11/13/18,Southern Province,Kamonyi,Musambira,Cyambwe,Kanyangesa,Kanyangesa,,,Project Assessment - 2018.11.11,-2.06966,29.84335,,http://www.worldpop.org.uk/data/summary?doi=10.5258/SOTON/WP00539,6419.0,41905.0,Giheta,968.0,Ruseke,1087.0,,0.0,,0.0,,0.0,,,11/11/18,,,,,,,,,POINT (482574.82225363934 4771169.86999664),1849.53,4411.36,7611.74,12981.98,18642.18,1942.53,4623.14,7808.75,13077.29,18933.2
006f100000eekcPAAQ,1014275,Rwanda,Rwanda - Mukunguri - 1014275,Rejected,Technical,11/12/18,Southern Province,Kamonyi,Musambira,Cyambwe/rugarama,Mukunguri,Mukunguri,,,Project Assessment - 2018.11.11,-2.05318,29.86879,,http://www.worldpop.org.uk/data/summary?doi=10.5258/SOTON/WP00539,5880.0,37912.0,Buye,968.0,Rugarama,890.0,,0.0,,0.0,,0.0,,,11/11/18,,,,,,,,,POINT (485404.53092161467 4772992.237037429),1878.52,4462.91,7760.83,12000.55,18163.54,1920.66,4539.21,7876.22,12260.34,18550.68
006f100000eekdDAAQ,1014276,Rwanda,Rwanda - Gacaca-rubanga - 1014276,Rejected,Technical,11/16/18,Southern Province,Kamonyi,Musambira,Cyambwe/gacaca,Gacaca-rubanga,Mukunguri,,,Project Assessment - 2018.11.11,-2.03922,29.84801,,http://www.worldpop.org.uk/data/summary?doi=10.5258/SOTON/WP00539,7112.0,40573.0,Nyamiyaga,1500.0,Musambira,2368.0,,0.0,,0.0,,0.0,,,11/11/18,,,,,,,,,POINT (483092.864927284 4774535.52011048),2595.74,5801.47,9673.53,13864.16,18709.02,2721.61,5988.55,9757.09,14194.3,19050.55
006f100000eekfxAAA,1014277,Rwanda,Rwanda - Bweya - 1014277,Rejected,Technical,11/15/18,Southern Province,Kamonyi,Musambira,Mpushi/kingoma,Bweya,Kayumbo,,,Project Assessment - 2018.11.11,-2.03693,29.83341,,http://www.worldpop.org.uk/data/summary?doi=10.5258/SOTON/WP00539,7385.0,42052.0,Kingoma,968.0,Karengera,890.0,,0.0,,0.0,,0.0,,,11/11/18,,,,,,,,,POINT (481468.7526882021 4774788.553504244),1749.9,5055.09,9277.38,13602.47,18918.88,1741.38,5065.33,9264.9,13773.12,19196.44
006f100000eekg2AAA,1014278,Rwanda,Rwanda - Gahama - 1014278,Rejected,Technical,11/12/18,Southern Province,Kamonyi,Musambira,Mpushi/kabere,Gahama,Gahama,,,Project Assessment - 2018.11.11,-2.02057,29.80686,,http://www.worldpop.org.uk/data/summary?doi=10.5258/SOTON/WP00539,6571.0,44262.0,Mpushi,960.0,Keza,690.0,Rukambura,1908.0,,0.0,,0.0,,,11/11/18,,,,,,,,,POINT (478515.1401141974 4776597.071299853),1526.59,3803.05,6577.43,10274.17,15629.08,1559.02,3877.22,6748.72,10450.38,16016.72
006f100000eekg2AAA,1014278,Rwanda,Rwanda - Gahama - 1014278,Rejected,Technical,11/12/18,Southern Province,Kamonyi,Musambira,Mpushi/kabere,Gahama,Gahama,,,Project Assessment - 2018.11.19,-2.02057,29.80686,,http://www.worldpop.org.uk/data/summary?doi=10.5258/SOTON/WP00539,6571.0,44262.0,Cyanya,5600.0,,0.0,,0.0,,0.0,,0.0,,,11/19/18,,,,,,,,,POINT (478515.1401141974 4776597.071299853),1526.59,3803.05,6577.43,10274.17,15629.08,1559.02,3877.22,6748.72,10450.38,16016.72
006f100000eekg7AAA,1014279,Rwanda,Rwanda - Bahimba - 1014279,Rejected,Technical,11/16/18,Southern Province,Kamonyi,Musambira,Karengera/mbari,Bahimba,Bahimba,,,Project Assessment - 2018.11.11,-2.05153,29.83695,,http://www.worldpop.org.uk/data/summary?doi=10.5258/SOTON/WP00539,7640.0,43457.0,Mbari,960.0,Nyarusange,798.0,Mpushi,1604.0,,0.0,,0.0,,,11/11/18,,,,,,,,,POINT (481862.7024657996 4773174.343590123),3668.15,6384.72,9869.12,13879.66,19323.34,3528.65,6405.98,10064.31,14119.04,19664.55
006f100000eekgCAAQ,1014280,Rwanda,Rwanda - Kajinja - 1014280,Rejected,Technical,11/15/18,Southern Province,Kamonyi,Musambira,Karengera/rubanga,Kajinja,Kajinja,,,Project Assessment - 2018.11.11,-2.0264,29.85626,,http://www.worldpop.org.uk/data/summary?doi=10.5258/SOTON/WP00539,6398.0,38675.0,Cyambwe,960.0,Karengera,1108.0,Buhoro,790.0,,0.0,,0.0,,,11/11/18,,,,,,,,,POINT (484010.4581569897 4775953.047234467),2282.03,4722.68,8033.25,11795.89,17598.15,2396.67,4762.15,8099.78,12213.22,17930.38
006f100000eekgHAAQ,1014281,Rwanda,Rwanda - Karubanda - 1014281,Rejected,Technical,11/11/18,Southern Province,Kamonyi,Nyamiyaga,Bibungo/karubanda,Karubanda,Erosion,,,Project Assessment - 2018.11.11,-2.08084,29.91191,,http://www.worldpop.org.uk/data/summary?doi=10.5258/SOTON/WP00539,4427.0,31408.0,Ngoma,990.0,Kidahwe,1000.0,Bibungo,1500.0,,0.0,,0.0,,,11/11/18,,,,,,,,,POINT (490201.2651516804 4769934.3437095),2247.09,4431.1,7980.35,12772.22,18882.91,2228.66,4503.73,8100.8,12976.52,19239.88
006f100000eekgMAAQ,1014282,Rwanda,Rwanda - Kataburara - 1014282,Rejected,Vehicular Bridge Required,11/14/18,Southern Province,Kamonyi,Nyamiyaga,Bibungo/murambi,Kataburara,Kataburara,,,Project Assessment - 2018.11.11,-2.09794,29.93278,,http://www.worldpop.org.uk/data/summary?doi=10.5258/SOTON/WP00539,4506.0,30655.0,Mugina,869.0,Nyamiyaga,790.0,,0.0,,0.0,,0.0,,,11/11/18,,,,,,,,,POINT (492522.83206043 4768043.800376863),1576.86,4113.03,8439.78,12711.68,19766.16,1625.41,4164.39,8598.74,13089.96,19949.89
006f100000eekgRAAQ,1014283,Rwanda,Rwanda - Mpombori - 1014283,Complete,In Service,12/22/23,Southern Province,Kamonyi,Nyarubaka,Gitare/mugereke,Mpombori,Mpombori,Rwanda Full Scale Research - Randomized and Baselined - Intervention,,Project Assessment - 2018.11.12,-2.0851,29.80891,,http://www.worldpop.org.uk/data/summary?doi=10.5258/SOTON/WP00539,8275.0,59789.0,Gitare,690.0,Nyashushu,796.0,,0.0,,0.0,,0.0,,,11/11/18,,,,,,,,,POINT (478744.0349950109 4769462.321994041),2383.16,5911.02,10883.37,16723.98,23269.77,2352.33,5973.27,10937.64,16851.72,23424.93
006f100000eekgWAAQ,1014284,Rwanda,Rwanda - Mombori2 - 1014284,Rejected,Technical,11/14/18,Southern Province,Kamonyi,Nyarubaka,Gitare/kibingo,Mombori2,Mombori,,,Project Assessment - 2018.11.11,-2.08488,29.81828,,http://www.worldpop.org.uk/data/summary?doi=10.5258/SOTON/WP00539,6902.0,56950.0,Ruyanza,1600.0,Gitare,1200.0,,0.0,,0.0,,0.0,,,11/11/18,,,,,,,,,POINT (479786.311114011 4769486.769723705),1964.3,4801.6,8588.07,14161.42,20570.67,2020.33,4813.93,8627.5,14249.85,20940.5
006f100000eekgbAAA,1014285,Rwanda,Rwanda - Gasenyi - 1014285,Rejected,Technical,11/14/18,Southern Province,Kamonyi,Nyamiyaga,Kidahwe/kiranzi,Gasenyi,Gasenyi,,,Project Assessment - 2018.11.11,-2.05255,29.89237,,http://www.worldpop.org.uk/data/summary?doi=10.5258/SOTON/WP00539,5301.0,34414.0,Kiranzi,690.0,Mugarama,890.0,,0.0,,0.0,,0.0,,,11/11/18,,,,,,,,,POINT (488027.5093294519 4773062.088753289),2324.89,5068.72,8875.5,13735.41,18330.53,2324.89,5291.32,8990.86,13972.12,18712.38
006f100000eekggAAA,1014286,Rwanda,Rwanda - Kanyonyombya - 1014286,Rejected,Technical,11/14/18,Southern Province,Kamonyi,Nyamiyaga,Kidahwa/nkoto,Kanyonyombya,Kanyonyombya,,,Project Assessment - 2018.11.11,-2.065,29.91408,,http://www.worldpop.org.uk/data/summary?doi=10.5258/SOTON/WP00539,4711.0,30542.0,Nyamiyaga sector,3500.0,Munyinya,1500.0,,0.0,,0.0,,0.0,,,11/11/18,,,,,,,,,POINT (490442.5513652666 4771685.703384449),2291.11,5358.08,8328.6,13977.89,18326.1,2368.29,5445.96,8495.11,14227.54,18641.33
006f100000eekglAAA,1014287,Rwanda,Rwanda - Mugomero - 1014287,Rejected,Technical,11/12/18,Southern Province,Kamonyi,Nyamiyaga,Kidahwe/nkoto,Mugomero,Mugomero,,,Project Assessment - 2018.11.11,-2.05616,29.90943,,http://www.worldpop.org.uk/data/summary?doi=10.5258/SOTON/WP00539,4780.0,31385.0,Nkoto,960.0,Kirehe,890.0,,0.0,,0.0,,0.0,,,11/11/18,,,,,,,,,POINT (489925.24520317715 4772663.067443909),1798.48,4808.99,9263.04,13520.63,18518.33,1864.7,4945.18,9445.64,13777.11,18694.17
006f100000eekgqAAA,1014288,Rwanda,Rwanda - Kabungo-nyagihamba - 1014288,Rejected,Vehicular Bridge Required,11/11/18,Southern Province,Kamonyi,Nyarubaka,Kambyeyi/kabungo,Kabungo-nyagihamba,,,,Project Assessment - 2018.11.11,-2.0829,29.88202,,http://www.worldpop.org.uk/data/summary?doi=10.5258/SOTON/WP00539,5759.0,35335.0,Kabungo,850.0,,0.0,,0.0,,0.0,,0.0,,,11/11/18,,,,,,,,,POINT (486876.4490911712 4769706.362879904),2046.92,4319.27,7462.95,11925.06,17834.28,2122.25,4263.37,7579.42,12077.52,18074.85
006f100000eekgvAAA,1014289,Rwanda,Rwanda - Bigaga - 1014289,Rejected,Vehicular Bridge Required,11/11/18,Southern Province,Kamonyi,Nyarubaka,Ruhuha,Bigaga,Bigaga,,,Project Assessment - 2018.11.11,-2.07133,29.87194,,http://www.worldpop.org.uk/data/summary?doi=10.5258/SOTON/WP00539,6555.0,36307.0,Kambyeyi,890.0,,0.0,,0.0,,0.0,,0.0,,,11/11/18,,,,,,,,,POINT (485755.0909635755 4770985.511899727),2014.62,4414.02,8008.83,12789.57,17879.42,1961.79,4428.43,8146.96,12942.34,18131.45
006f100000eekh0AAA,1014290,Rwanda,Rwanda - Mugashyushya - 1014290,Identified,Identified in Needs Assessment,12/31/18,Southern Province,Kamonyi,Nyarubaka,Kambyeyi/ruhuha,Mugashyushya,Mukunguri,,,Project Pre-Assessment - 2022.11.4,-2.066385,29.870304,5950.0,http://www.worldpop.org.uk/data/summary?doi=10.5258/SOTON/WP00539,6589.0,36736.0,Ruhuha,1000.0,Murehe,1200.0,Rugarama,1500.0,Kigwene,1150.0,Ruvugizo,1100.0,,0.0,11/3/22,,0.0,,0.0,,0.0,,0.0,POINT (485573.06353523186 4771532.240781059),1984.54,4646.4,8031.89,12432.42,17555.07,2008.96,4630.64,8086.97,12551.12,17790.88
006f100000eekh0AAA,1014290,Rwanda,Rwanda - Mugashyushya - 1014290,Identified,Identified in Needs Assessment,12/31/18,Southern Province,Kamonyi,Nyarubaka,Kambyeyi/ruhuha,Mugashyushya,Mukunguri,,,Project Assessment - 2018.11.12,-2.066385,29.870304,,http://www.worldpop.org.uk/data/summary?doi=10.5258/SOTON/WP00539,6589.0,36736.0,Kambyeyi,1500.0,,0.0,,0.0,,0.0,,0.0,,,11/11/18,,,,,,,,,POINT (485573.06353523186 4771532.240781059),1984.54,4646.4,8031.89,12432.42,17555.07,2008.96,4630.64,8086.97,12551.12,17790.88
006f100000eekh5AAA,1014291,Rwanda,Rwanda - Ruhuha/akaruruma - 1014291,Rejected,Technical,11/16/18,Southern Province,Kamonyi,Nyarubaka,Kambyeyi/ruhuha,Ruhuha/akaruruma,Akaruruma,,,Project Assessment - 2018.11.11,-2.06986,29.86084,,http://www.worldpop.org.uk/data/summary?doi=10.5258/SOTON/WP00539,6551.0,38257.0,Musambira,960.0,Kambyeyi,1200.0,,0.0,,0.0,,0.0,,,11/11/18,,,,,,,,,POINT (484520.352430493 4771147.9383741915),2059.69,4560.64,7775.36,11927.93,18732.78,2091.09,4488.1,7888.92,12056.0,19085.35
006f100000eekhAAAQ,1014292,Rwanda,Rwanda - Karuruma - 1014292,Under Construction,,5/30/25,Southern Province,Kamonyi,Nyarubaka,Kigusa/kintama,Karuruma,Akaruruma,Rwanda Full Scale Research - Randomized and Baselined - Intervention,,Project Assessment - 2018.11.12,-2.10672,29.86075,,https://api.worldpop.org/v1/services/stats?,8082.07,50995.45,Kigusa,8600.0,,0.0,,0.0,,0.0,,0.0,,,11/11/18,,,,,,,,,POINT (484510.7020673859 4767072.5108397),1416.86,3602.12,7453.94,12093.28,17294.96,1459.37,3678.46,7603.35,12250.06,17681.35
006f100000eekhFAAQ,1014293,Rwanda,Rwanda - Rugarama1 - 1014293,Identified,,10/20/23,Southern Province,Kamonyi,Nyarubaka,Kigusa/rugarama,Rugarama1,Akaruruma,Rwanda Full Scale Research - Randomized and Baselined - Intervention,,Project Assessment - 2018.11.11,-2.109614,29.84785,,http://www.worldpop.org.uk/data/summary?doi=10.5258/SOTON/WP00539,5170.0,38148.0,Rugarama,1807.0,Kigabiro,1300.0,,0.0,,0.0,,0.0,,,11/11/18,,,,,,,,,POINT (483075.8148693488 4766752.401267126),1531.56,3690.6,7364.07,11734.75,17365.99,1603.59,3763.36,7585.87,11938.63,17662.94
006f100000eekhKAAQ,1014294,Rwanda,Rwanda - Gasamasazi - 1014294,Rejected,Technical,11/16/18,Southern Province,Kamonyi,Nyarubaka,Kigusa/rugarama,Gasamasazi,Gasamasazi,,,Project Assessment - 2018.11.11,-2.10176,29.84282,,http://www.worldpop.org.uk/data/summary?doi=10.5258/SOTON/WP00539,5324.0,39323.0,Rugarama,1807.0,Rwinanka,3250.0,,0.0,,0.0,,0.0,,,11/11/18,,,,,,,,,POINT (482516.2211794601 4767620.72423944),2174.05,4234.9,6920.2,11365.85,16565.75,2251.62,4366.62,6939.05,11579.12,16846.14
006f100000eekhPAAQ,1014295,Rwanda,Rwanda - Kavumu-ngarama - 1014295,Rejected,Technical,11/15/18,Southern Province,Kamonyi,Nyarubaka,Ruyanza/ngarama,Kavumu-ngarama,Mpombori,,,Project Assessment - 2018.11.11,-2.06614,29.82734,,http://www.worldpop.org.uk/data/summary?doi=10.5258/SOTON/WP00539,7187.0,55548.0,Ngarama,960.0,Kavumu,890.0,,0.0,,0.0,,0.0,,,11/11/18,,,,,,,,,POINT (480793.88044860837 4771558.874557212),1754.7,4157.1,7746.5,12817.42,19519.53,1754.78,4179.28,7934.35,12990.37,19851.82
006f100000eekhUAAQ,1014296,Rwanda,Rwanda - Kanombe - 1014296,Rejected,Technical,11/15/18,Southern Province,Kamonyi,Nyarubaka,Ruyanza/kanombe,Kanombe,Mombori,,,Project Assessment - 2018.11.11,-2.08032,29.822,,http://www.worldpop.org.uk/data/summary?doi=10.5258/SOTON/WP00539,6467.0,56403.0,Gitega,1960.0,Kanombe,690.0,,0.0,,0.0,,0.0,,,11/11/18,,,,,,,,,POINT (480200.0510682067 4769990.994385065),1888.62,4460.91,8013.68,12595.26,19390.71,1907.32,4417.99,8048.46,12775.54,19422.4
006f100000eekhZAAQ,1014297,Rwanda,Rwanda - Nyagashubi - 1014297,Rejected,Technical,11/13/18,Southern Province,Kamonyi,Nyamiyaga,Kabashumba/kigabiro,Nyagashubi,Nyagashubi,,,Project Assessment - 2018.11.11,-2.07748,29.90302,,http://www.worldpop.org.uk/data/summary?doi=10.5258/SOTON/WP00539,4429.0,32230.0,Karubanda,960.0,Kigabiro,1026.0,,0.0,,0.0,,0.0,,,11/11/18,,,,,,,,,POINT (489212.3578736963 4770305.783578225),2001.38,4905.91,8382.77,14008.18,19196.97,1969.89,5052.94,8443.82,14276.57,19448.7
006f100000eekheAAA,1014298,Rwanda,Rwanda - Bahimba ya kigabiro - 1014298,Rejected,Technical,11/14/18,Southern Province,Kamonyi,Nyamiyaga,Kabashumba/kigabiro,Bahimba ya kigabiro,Bahimba,,,Project Assessment - 2018.11.11,-2.08375,29.9012,,http://www.worldpop.org.uk/data/summary?doi=10.5258/SOTON/WP00539,4426.0,32606.0,Kigabiro,1026.0,Nyamabere,784.0,,0.0,,0.0,,0.0,,,11/11/18,,,,,,,,,POINT (489009.9520264493 4769612.529449809),1408.1,5030.71,8827.76,12876.89,18686.46,1557.53,5068.45,8965.94,13134.1,18952.2
006f100000eelYiAAI,1014300,Rwanda,Rwanda - Kimiyumbo - 1014300,Rejected,Technical,11/13/18,Southern Province,Kamonyi,Nyamiyaga,Kabashumbo/bumbogo,Kimiyumbo,Kimiyumbo,,,Project Assessment - 2018.11.12,-2.07671,29.88236,,http://www.worldpop.org.uk/data/summary?doi=10.5258/SOTON/WP00539,5905.0,34740.0,Bumbogo,1023.0,Bukuyo,583.0,,0.0,,0.0,,0.0,,,11/12/18,,,,,,,,,POINT (486914.218178934 4770390.762528053),2056.04,4471.95,7621.48,12182.28,18413.8,2089.38,4462.57,7765.66,12309.22,18714.33
006f100000eelZRAAY,1014301,Rwanda,Rwanda - Mugitare - 1014301,Rejected,Technical,11/14/18,Southern Province,Kamonyi,Nyarubaka,Gitare/nyabitare,Mugitare,Akaruruma,,,Project Assessment - 2018.11.12,-2.11204,29.82869,,http://www.worldpop.org.uk/data/summary?doi=10.5258/SOTON/WP00539,5349.0,39290.0,Bereshi,960.0,Nyabitare,1600.0,,0.0,,0.0,,0.0,,,11/12/18,,,,,,,,,POINT (480944.6035083318 4766483.948587338),1746.54,4410.28,8272.35,12993.73,18337.95,1837.48,4448.92,8354.44,13188.61,18661.85
006f100000eelkqAAA,1014302,Rwanda,Rwanda - Runiga - 1014302,Rejected,Technical,11/13/18,Southern Province,Kamonyi,Nyarubaka,Gitare/remera,Runiga,Runiga,,,Project Assessment - 2018.11.12,-2.10741,29.80042,,http://www.worldpop.org.uk/data/summary?doi=10.5258/SOTON/WP00539,7878.0,62616.0,Gitare,1690.0,,0.0,,0.0,,0.0,,0.0,,,11/12/18,,,,,,,,,POINT (477799.9573286802 4766995.491280925),2021.37,5615.25,10764.6,16467.41,23664.43,2091.7,5700.17,10925.16,16729.49,24056.25
006f100000eelnpAAA,1014303,Rwanda,Rwanda - Ntibiki - 1014303,Rejected,Technical,12/19/18,Southern Province,Kamonyi,Nyarubaka,Gitare/mugereki,Ntibiki,Ntibiki,,,Project Assessment - 2018.11.12,-2.09932,29.81269,,http://www.worldpop.org.uk/data/summary?doi=10.5258/SOTON/WP00539,7371.0,57444.0,Karora,990.0,Mugereki,1506.0,,0.0,,0.0,,0.0,,,11/12/18,,,,,,,,,POINT (479164.69382447447 4767890.134068462),2968.64,5468.8,9137.02,14306.1,20801.46,3043.01,5527.88,9180.02,14516.94,21103.14
006f100000eelq8AAA,1014304,Rwanda,Rwanda - Nyiragakokwe - 1014304,Rejected,Technical,11/12/18,Southern Province,Kamonyi,Musambira,Cyambwe/giheta,Nyiragakokwe,Nyiragakokwe,,,Project Assessment - 2018.11.12,-2.07101,29.84978,,http://www.worldpop.org.uk/data/summary?doi=10.5258/SOTON/WP00539,6305.0,40241.0,Ruseke,1980.0,Gigeta,890.0,,0.0,,0.0,,0.0,,,11/12/18,,,,,,,,,POINT (483290.08794720215 4771020.676354669),1710.08,4360.82,7932.75,12090.92,18634.7,1712.98,4378.64,8155.47,12409.34,18947.9
006f100000eelvcAAA,1014305,Rwanda,Rwanda - Bahimba-maswa-nyamweru - 1014305,Rejected,Technical,11/16/18,Southern Province,Kamonyi,Nyamiyaga,Ngoma/muyinya,Bahimba-maswa-nyamweru,Bahimba,,,Project Assessment - 2018.11.12,-2.08723,29.92198,,http://www.worldpop.org.uk/data/summary?doi=10.5258/SOTON/WP00539,4261.0,30874.0,Munyinya,896.0,Nyamweru,1658.0,,0.0,,0.0,,0.0,,,11/12/18,,,,,,,,,POINT (491321.442322564 4769227.893661627),1102.75,3823.86,7402.71,12577.39,18453.26,1191.65,3802.57,7462.85,12791.5,18639.96
006f100000eelvmAAA,1014306,Rwanda,Rwanda - Kazabagarura - 1014306,Rejected,Technical,11/14/18,Southern Province,Kamonyi,Nyamiyaga,Buhoro,Kazabagarura,Nyakagezi,,,Project Assessment - 2018.11.12,-2.08435,29.93516,,http://www.worldpop.org.uk/data/summary?doi=10.5258/SOTON/WP00539,4979.0,31060.0,Buhoro,960.0,Gitega,1680.0,,0.0,,0.0,,0.0,,,11/12/18,,,,,,,,,POINT (492787.5077024109 4769546.3867391525),1927.75,3929.55,6892.97,11020.6,18929.92,1931.4,3934.25,7021.17,11133.16,19428.12
006f100000eelvwAAA,1014307,Rwanda,Rwanda - Kamirabageni - 1014307,Rejected,Technical,11/12/18,Southern Province,Kamonyi,Nyamiyaga,Ngoma/buhoro,Kamirabageni,Kamirabageni,,,Project Assessment - 2018.11.12,-2.08754,29.94017,,http://www.worldpop.org.uk/data/summary?doi=10.5258/SOTON/WP00539,5425.0,31696.0,Ngoma,8025.0,,0.0,,0.0,,0.0,,0.0,,,11/12/18,,,,,,,,,POINT (493344.80982106435 4769193.707238904),1825.24,3967.87,7173.36,12435.68,17739.37,1821.44,4186.74,7333.53,12607.24,17991.15
006f100000eeqpoAAA,1014309,Rwanda,Rwanda - Nyakigezi - 1014309,Rejected,Technical,11/16/18,Southern Province,Kamonyi,Kayenzi,Cubi,Nyakigezi,Kajaba,,,Project Assessment - 2018.11.15,-1.87493,29.849092,,http://www.worldpop.org.uk/data/summary?doi=10.5258/SOTON/WP00539,4535.0,34971.0,Nyakigezi,900.0,Kamabuye,930.0,Nyabikenke sector and ntwali,0.0,,0.0,,0.0,,,11/15/18,,,,,,,,,POINT (483211.59135565854 4792700.238717122),1345.0,3098.2,5573.75,9725.1,14305.15,1367.58,3107.48,5731.83,9786.85,14585.27
006f100000eeqqSAAQ,1014310,Rwanda,Rwanda - Muhazi - 1014310,Rejected,Technical,5/11/24,Southern Province,Kamonyi,Kayenzi,Kirwa,Muhazi,Nyabarongo,Rwanda Full Scale Research - Randomized and Baselined - Intervention,,Project Assessment - 2018.11.15,-1.873616,29.852021,,http://www.worldpop.org.uk/data/summary?doi=10.5258/SOTON/WP00539,4446.0,34739.0,Kayenzi sector,25000.0,Rwesero cell,0.0,,0.0,,0.0,,0.0,,,11/15/18,,,,,,,,,POINT (483537.42900420295 4792845.548640648),1195.43,2859.86,5520.0,9829.1,14186.15,1249.59,2906.09,5497.15,9924.29,14316.31
006f100000eeqqXAAQ,1014311,Rwanda,Rwanda - Kamabuye - 1014311,Rejected,Technical,12/2/18,Southern Province,Kamonyi,Kayenzi,Cubi,Kamabuye,Nyabarongo,,,Project Assessment - 2018.11.15,-1.856669,29.838176,,http://www.worldpop.org.uk/data/summary?doi=10.5258/SOTON/WP00539,4046.0,33237.0,Cubi cell,5800.0,Gihande,0.0,,0.0,,0.0,,0.0,,,11/15/18,,,,,,,,,POINT (481997.00525005 4794719.154795514),1065.84,2067.67,4289.58,7063.48,11789.91,1071.94,2136.16,4303.49,7196.92,11953.03
006f100000eeqs4AAA,1014312,Rwanda,Rwanda - Kadasaya - 1014312,Identified,Requested,12/31/24,Southern Province,Kamonyi,Rugalika,Bihembe,Kadasaya,Muzi,Rwanda Full Scale Research - Randomized and Baselined - Intervention,,Project Assessment - 2018.11.15,-2.041621,29.930816,,http://www.worldpop.org.uk/data/summary?doi=10.5258/SOTON/WP00539,4520.0,31527.0,Kadasaya,650.0,Rutovu,631.0,Nyarubuye cell,8000.0,Magu,567.0,,0.0,,,11/15/18,,,,,,,,,POINT (492304.09628234414 4774270.686878484),1606.33,3929.05,5964.4,9127.44,13972.14,1623.82,3985.66,6034.84,9232.7,14362.55
006f100000eeqsEAAQ,1014313,Rwanda,Rwanda - Cyabariza - 1014313,Rejected,Technical,11/15/18,Southern Province,Kamonyi,Rugalika,Bihembe,Cyabariza,Cyabariza,,,Project Assessment - 2018.11.15,-2.056492,29.940225,,http://www.worldpop.org.uk/data/summary?doi=10.5258/SOTON/WP00539,4640.0,30010.0,Gihembe,13900.0,Nyamiyaga sector,0.0,,0.0,,0.0,,0.0,,,11/15/18,,,,,,,,,POINT (493350.79826231144 4772626.521213919),1236.56,2924.06,6408.7,10255.15,16176.86,1270.76,2899.96,6521.65,10465.26,16498.12
006f100000eeqsYAAQ,1014314,Rwanda,Rwanda - Gatovu - 1014314,Rejected,Technical,11/15/18,Southern Province,Kamonyi,Rugalika,Sheli,Gatovu,Rwimondo,,,Project Assessment - 2018.11.15,-1.985042,29.951748,,http://www.worldpop.org.uk/data/summary?doi=10.5258/SOTON/WP00539,5297.0,40996.0,Gatovu,3012.0,Kagangayire,2560.0,,0.0,,0.0,,0.0,,,11/15/18,,,,,,,,,POINT (494632.34990086616 4780526.407987044),3086.93,5318.64,9273.58,13878.55,20151.5,3136.88,5336.01,9386.86,14241.54,20754.47
006f100000eeqssAAA,1014315,Rwanda,Rwanda - Kibanza - 1014315,Rejected,Technical,11/15/18,Southern Province,Kamonyi,Gacurabwenge,Gihira,Kibanza,Gikoro,,,Project Assessment - 2018.11.15,-1.951433,29.878932,,http://www.worldpop.org.uk/data/summary?doi=10.5258/SOTON/WP00539,6032.0,43101.0,Kibanza,966.0,Entire karama sector,0.0,"Mbizi, kigarama",1680.0,,0.0,,0.0,,,11/15/18,,,,,,,,,POINT (486531.87259910634 4784241.964959125),1221.07,2720.97,5434.32,9801.92,15627.11,1242.9,2776.55,5598.09,10075.73,15944.89
006f100000eeqt7AAA,1014316,Rwanda,Rwanda - Mataba - 1014316,Rejected,Technical,11/15/18,Southern Province,Kamonyi,Gacurabwenge,Nkingo,Mataba,Bahimba stream,,,Project Assessment - 2018.11.15,-2.005117,29.917354,,http://www.worldpop.org.uk/data/summary?doi=10.5258/SOTON/WP00539,7264.0,37311.0,Mataba,3505.0,Nyagagasozi,2800.0,Runda sector and Rugalika sector,0.0,,0.0,,0.0,,,11/15/18,,,,,,,,,POINT (490806.40110808314 4778306.670657278),2292.26,6848.93,11629.26,16316.54,21465.74,2244.49,6945.26,11844.57,16562.36,21837.46
006f100000eescbAAA,1014318,Rwanda,Rwanda - Gisizi - 1014318,Prospecting,,6/30/25,Southern Province,Kamonyi,Kayenzi,"Kirwa, Marembo",Gisizi,Nyakavugo,Rwanda Full Scale Research - Randomized and Baselined - Intervention,,Project Assessment - 2018.11.16,-1.870868,29.877686,,http://www.worldpop.org.uk/data/summary?doi=10.5258/SOTON/WP00539,4012.0,36670.0,Gisizi,885.0,Nyabitare,657.0,Gasamba,1200.0,Gitwa,1335.0,Kingunga,1140.0,Ruheka,1140.0,11/15/18,,,,,,,,,POINT (486392.62779071205 4793149.600509642),1349.03,2133.08,3772.86,6365.08,10650.05,1409.7,2241.1,3872.28,6527.36,10795.25
006f100000eesclAAA,1014319,Rwanda,Rwanda - Ruheka - 1014319,Rejected,Technical,11/16/18,Southern Province,Kamonyi,Kayenzi,Kirwa,Ruheka,Nkomane,,,Project Assessment - 2018.11.15,-1.883957,29.850548,,http://www.worldpop.org.uk/data/summary?doi=10.5258/SOTON/WP00539,6292.0,35114.0,Ruheka,759.0,Kabana,800.0,,0.0,,0.0,,0.0,,,11/15/18,,,,,,,,,POINT (483373.65608291235 4791702.184244872),1982.23,4522.13,7947.02,11692.4,16356.98,2043.24,4648.0,7956.3,11944.1,16616.69
006f100000eescqAAA,1014320,Rwanda,Rwanda - Munyegera - 1014320,Rejected,Technical,11/15/18,Southern Province,Kamonyi,Kayenzi,Bugarama,Munyegera,Bahimba,,,Project Assessment - 2018.11.15,-1.915772,29.866533,,http://www.worldpop.org.uk/data/summary?doi=10.5258/SOTON/WP00539,7090.0,41159.0,Bugarama cell,5030.0,Kayonza cell,0.0,Mataba cell,0.0,Muganza cell,0.0,,0.0,,,11/15/18,,,,,,,,,POINT (485152.241976991 4788184.711381652),1700.13,4318.42,7663.87,11541.56,16687.73,1737.51,4477.63,7827.51,11703.73,17019.36
006f100000eescvAAA,1014321,Rwanda,Rwanda - Nyenyeri - 1014321,Rejected,Technical,11/15/18,Southern Province,Kamonyi,Karama,Bunyonga,Nyenyeri,Busogwe,,,Project Assessment - 2018.11.15,-1.939737,29.843622,,http://www.worldpop.org.uk/data/summary?doi=10.5258/SOTON/WP00539,5732.0,39214.0,Nyenyeri,750.0,Bunyonga,890.0,Kavumu,560.0,,0.0,,0.0,,,11/15/18,,,,,,,,,POINT (482603.7071233517 4785534.808311711),1090.35,2840.22,5636.81,9051.02,13257.33,1113.04,2883.8,5683.11,9176.71,13294.36
006f100000eesd5AAA,1014322,Rwanda,Rwanda - Bunyonga 1 - 1014322,Complete,In Service,9/23/22,Southern Province,Kamonyi,Karama,Bunyonga,Bunyonga 1,Rusogwe,Rwanda Full Scale Research - Randomized and Baselined - Intervention,,Project Assessment - 2018.11.16,-1.934919,29.819397,,http://www.worldpop.org.uk/data/summary?doi=10.5258/SOTON/WP00539,6023.0,36797.0,Bunyonga,1116.0,Nyarurembo,1307.0,Gaji,0.0,,0.0,,0.0,,,11/15/18,,,,,,,,,POINT (479908.72841948573 4786067.242420794),1567.3,3475.21,6658.72,10526.8,14682.39,1602.26,3443.07,6614.52,10553.81,14866.64
006f100000eesdAAAQ,1014323,Rwanda,Rwanda - Bunyonga 2 - 1014323,Rejected,Vehicular Bridge Required,11/29/18,Southern Province,Kamonyi,Karama,Bunyonga,Bunyonga 2,Kayumbo,,,Project Assessment - 2018.11.15,-1.939927,29.818313,,http://www.worldpop.org.uk/data/summary?doi=10.5258/SOTON/WP00539,5964.0,36091.0,Bunyonga,500.0,Kayumbo sector,0.0,,0.0,,0.0,,0.0,,,11/15/18,,,,,,,,,POINT (479788.1972508091 4785513.519798895),1547.17,3704.76,6461.7,10119.46,14549.79,1541.73,3760.43,6521.92,10145.77,14605.18
006f100000eesdKAAQ,1014324,Rwanda,Rwanda - Kinkeri - 1014324,Rejected,Vehicular Bridge Required,11/29/18,Southern Province,Kamonyi,Karama,Bitare,Kinkeri,Gatimbazi,,,Project Assessment - 2018.11.15,-1.977729,29.850108,,http://www.worldpop.org.uk/data/summary?doi=10.5258/SOTON/WP00539,4802.0,35085.0,Kinkeri( karama sector ),600.0,Musambira sector,0.0,,0.0,,0.0,,0.0,,,11/15/18,,,,,,,,,POINT (483325.62041353254 4781334.292077874),920.22,2522.47,5475.17,8923.2,13248.92,940.16,2559.36,5643.12,9084.93,13491.28
006f100000eesdPAAQ,1014325,Rwanda,Rwanda - Karama - 1014325,Rejected,Technical,11/16/18,Southern Province,Kamonyi,Gacurabwenge,Gihinga,Karama,Bureranyana,,,Project Assessment - 2018.11.15,-1.980126,29.905502,,http://www.worldpop.org.uk/data/summary?doi=10.5258/SOTON/WP00539,6864.0,45569.0,Karama,1147.0,Kagarama,1219.0,Ryabitana,1464.0,Nyarunyinya,974.0,"Gahira cell, karama sector and kayenzi",0.0,,,11/15/18,,,,,,,,,POINT (489487.8167480729 4781069.722056645),1334.61,3767.92,8204.91,13233.31,19228.98,1363.89,3870.75,8460.53,13538.12,19477.84
006f100000eesdUAAQ,1014326,Rwanda,Rwanda - Rugobagoba - 1014326,Rejected,Technical,11/15/18,Southern Province,Kamonyi,Gacurabwenge,Kigembe,Rugobagoba,Kibuza,,,Project Assessment - 2018.11.15,-2.001263,29.888983,,http://www.worldpop.org.uk/data/summary?doi=10.5258/SOTON/WP00539,6887.0,39014.0,Rugobagoba,1600.0,Rubona,1470.0,,0.0,,0.0,,0.0,,,11/15/18,,,,,,,,,POINT (487650.3588881328 4778732.600710927),2201.45,5284.61,9960.48,13733.46,19324.16,2123.27,5346.44,10233.57,14150.53,19770.19
006f100000eesdZAAQ,1014327,Rwanda,Rwanda - Raro - 1014327,Rejected,Vehicular Bridge Required,11/29/18,Southern Province,Kamonyi,Ngamba,Kabuga,Raro,Cyogo,,,Project Assessment - 2018.11.15,-1.896261,29.951448,,http://www.worldpop.org.uk/data/summary?doi=10.5258/SOTON/WP00539,5313.0,40854.0,Raro,600.0,Kamuhoza( Runda sector),0.0,,0.0,,0.0,,0.0,,,11/15/18,,,,,,,,,POINT (494598.6956018591 4790342.436698926),1110.67,2939.17,6097.53,10127.91,15267.64,1143.21,2984.63,6308.74,10392.37,15621.52
006f100000eesiPAAQ,1014328,Rwanda,Rwanda - Kagarama - 1014328,Rejected,Technical,11/15/18,Southern Province,Kamonyi,Gacurabwenge,Gihinga,Kagarama,Rwabashyashya,,,Project Assessment - 2018.11.16,-1.984548,29.931428,,http://www.worldpop.org.uk/data/summary?doi=10.5258/SOTON/WP00539,7182.0,43000.0,Kagarama,1219.0,Ryabitana,1464.0,Karama,1147.0,Rugogwe,1580.0,Karehe,1230.0,,,11/15/18,,,,,,,,,POINT (492371.9088039598 4780580.947090281),2917.84,5395.61,9441.16,15104.31,20139.86,3015.41,5466.31,9610.83,15341.12,20359.21
006f100000eesiUAAQ,1014329,Rwanda,Rwanda - Kabuga (Fukwe) - 1014329,Rejected,Technical,12/31/18,Southern Province,Kamonyi,Ngamba,Kabuga,Kabuga (Fukwe),Nyabarongo,Rwanda Full Scale Research - Randomized and Baselined - Long Term Control,,Project Assessment - 2018.11.16,-1.872181,29.92942,,http://www.worldpop.org.uk/data/summary?doi=10.5258/SOTON/WP00539,5909.0,37295.0,Kabuga cell,6500.0,Kijabago cell,0.0,,0.0,,0.0,,0.0,,,11/15/18,,,,,,,,,POINT (492148.01962681685 4793004.745627651),1905.63,4178.35,6876.3,10182.53,14191.07,1821.65,4152.45,6916.92,10346.05,14302.84
006f100000eesiZAAQ,1014330,Rwanda,Rwanda - Rushikiri - 1014330,Complete,In Service,12/22/23,Southern Province,Kamonyi,Rukoma,Murehe,Rushikiri,Nyakagunda,Rwanda Full Scale Research - Randomized and Baselined - Intervention,,Project Assessment - 2018.11.16,-1.937733,29.9489,,http://www.worldpop.org.uk/data/summary?doi=10.5258/SOTON/WP00539,10421.0,49440.0,Entire cell of Murehe,4580.0,Kabagesera,560.0,Gihara,980.0,,0.0,,0.0,,,11/15/18,,,,,,,,,POINT (494315.37287044735 4785757.0973915225),1105.88,4909.55,9898.64,13959.04,19581.04,1059.82,4839.1,9934.65,14338.72,20055.87
006f100000eesieAAA,1014331,Rwanda,Rwanda - Rubare - 1014331,Rejected,Vehicular Bridge Required,11/29/18,Southern Province,Kamonyi,Rukoma,Gishyeshye,Rubare,Gikoro,,,Project Assessment - 2018.11.16,-1.908306,29.881692,,http://www.worldpop.org.uk/data/summary?doi=10.5258/SOTON/WP00539,5788.0,44800.0,Rubare,800.0,,0.0,,0.0,,0.0,,0.0,,,11/15/18,,,,,,,,,POINT (486838.57579276536 4789010.3112335205),1200.46,2830.56,6329.19,10540.27,15016.35,1219.79,2919.51,6435.24,10803.96,15365.98
006f100000eesitAAA,1014332,Rwanda,Rwanda - Kigabiro 1 - 1014332,Rejected,Technical,11/16/18,Southern Province,Kamonyi,Runda,Muganza,Kigabiro 1,Kabira,,,Project Assessment - 2018.11.16,-1.964977,29.975556,,http://www.worldpop.org.uk/data/summary?doi=10.5258/SOTON/WP00539,7411.0,40668.0,Kigabiro,1813.0,Ruyenzi,2150.0,,0.0,,0.0,,0.0,,,11/15/18,,,,,,,,,POINT (497280.76760845515 4782744.943824512),6511.3,13881.26,20520.88,26643.5,32506.25,6486.47,13974.02,20774.66,27225.71,33295.38
006f100000eesiyAAA,1014333,Rwanda,Rwanda - Kigabiro 2 - 1014333,Rejected,Technical,11/16/18,Southern Province,Kamonyi,Runda,Muganza,Kigabiro 2,Kabira,,,Project Assessment - 2018.11.16,-1.960603,29.972412,,http://www.worldpop.org.uk/data/summary?doi=10.5258/SOTON/WP00539,7830.0,41063.0,Kigabiro,1813.0,Musebeya,1244.0,,0.0,,0.0,,0.0,,,11/15/18,,,,,,,,,POINT (496931.01052212814 4783228.547649489),4589.14,11559.09,17940.19,26597.52,33486.27,4625.32,11690.34,18262.02,26949.44,34161.02
006f100000eesorAAA,1014334,Rwanda,Rwanda - Nyaruhoko - 1014334,Rejected,Technical,11/16/18,Southern Province,Kamonyi,Runda,Muganza,Nyaruhoko,Kayobora,,,Project Assessment - 2018.11.16,-1.969472,29.959591,,http://www.worldpop.org.uk/data/summary?doi=10.5258/SOTON/WP00539,6243.0,42435.0,Nyaruhoko,740.0,Kigabiro,1813.0,Muhambara,1240.0,,0.0,,0.0,,,11/16/18,,,,,,,,,POINT (495504.779357114 4782247.9216885185),1788.81,5069.57,9537.81,17572.14,28300.89,1901.32,5281.19,9733.08,17827.32,28541.12
006f100000eessFAAQ,1014335,Rwanda,Rwanda - Muza - 1014335,Complete,In Service,10/21/22,Southern Province,Kamonyi,Kayenzi,Kayonza,Muza,Nyabubindi,Rwanda Full Scale Research - Randomized and Baselined - Intervention,,Project Assessment - 2018.11.16,-1.926209,29.8142,,http://www.worldpop.org.uk/data/summary?doi=10.5258/SOTON/WP00539,6257.0,35981.0,Kayonza cell,8500.0,Gaji,890.0,Ryagasenyi,760.0,,0.0,,0.0,,,11/16/18,,,,,,,,,POINT (479330.4783273254 4787030.201696877),1674.19,4138.95,7181.54,10644.1,14566.75,1700.95,4194.88,7294.78,10675.42,14819.44
006f100000eessKAAQ,1014336,Rwanda,Rwanda - Nyamabuye - 1014336,Rejected,Technical,11/17/18,Southern Province,Kamonyi,Rukoma,Gishyeshye,Nyamabuye,Kaganga,,,Project Assessment - 2018.11.16,-1.931734,29.894059,,http://www.worldpop.org.uk/data/summary?doi=10.5258/SOTON/WP00539,7765.0,50497.0,Nyamabuye,1474.0,Gisheshye,960.0,Murambi,1268.0,,0.0,,0.0,,,11/16/18,,,,,,,,,POINT (488214.5310563505 4786420.092162319),1910.51,4730.04,9259.08,13792.67,19484.62,1930.24,4744.67,9407.65,14202.47,20103.15
006f100000eessPAAQ,1014337,Rwanda,Rwanda - Kireka - 1014337,Rejected,Vehicular Bridge Required,11/30/18,Southern Province,Kamonyi,Mugina,Mugina,Kireka,Rain water channnel,,,Project Assessment - 2018.11.16,-2.119285,29.997436,,http://www.worldpop.org.uk/data/summary?doi=10.5258/SOTON/WP00539,3312.0,20997.0,Kireka,1026.0,,0.0,,0.0,,0.0,,0.0,,,11/16/18,,,,,,,,,POINT (499714.7992713189 4765683.9567288505),1025.55,2082.4,3440.01,5983.08,9126.58,1008.99,2134.79,3631.37,6274.0,9380.45
006f100000eessUAAQ,1014338,Rwanda,Rwanda - Bukimba - 1014338,Rejected,Vehicular Bridge Required,11/30/18,Southern Province,Kamonyi,Runda,Gihara,Bukimba,Rain water stream,,,Project Assessment - 2018.11.16,-1.943021,29.982635,,http://www.worldpop.org.uk/data/summary?doi=10.5258/SOTON/WP00539,5110.0,41753.0,Bukimba,1383.0,Ruyigi,0.0,,0.0,,0.0,,0.0,,,11/16/18,,,,,,,,,POINT (498068.23420966376 4785172.50815183),3021.97,5886.73,10471.54,22608.85,35338.31,3117.34,6020.29,10567.69,22640.02,35991.05
006f100000eesseAAA,1014339,Rwanda,Rwanda - Mikamba~nyaruhengeri - 1014339,Rejected,Technical,11/17/18,Southern Province,Kamonyi,Mugina,Mbati,Mikamba~nyaruhengeri,Kavunja,,,Project Assessment - 2018.11.16,-2.126854,29.946166,,http://www.worldpop.org.uk/data/summary?doi=10.5258/SOTON/WP00539,4906.0,31460.0,Mbati cell,12560.0,Jenda cell,10500.0,Mukinga cell,0.0,Nteko cell,0.0,,0.0,,,11/16/18,,,,,,,,,POINT (494011.92527187243 4764846.9880304085),1260.38,4290.97,10390.41,17757.32,22502.91,1303.79,4511.11,10501.03,17934.29,22633.38
006f100000eessjAAA,1014340,Rwanda,Rwanda - Kigende - 1014340,Rejected,Technical,11/30/18,Southern Province,Kamonyi,Kigarama,Cyanya,Kigende,Nyagahama,,,Project Assessment - 2018.11.16,-2.362459,30.642264,,http://www.worldpop.org.uk/data/summary?doi=10.5258/SOTON/WP00539,3107.0,16842.0,Kigende,418.0,,0.0,,0.0,,0.0,,0.0,,,11/16/18,,,,,,,,,POINT (571430.4968055503 4738780.940189834),756.75,3122.85,4934.45,7791.87,13091.35,716.65,3063.22,5080.88,7799.55,13387.93
006f100000eevN9AAI,1014446,Rwanda,Rwanda - Akanyaru - 1014446,Rejected,Technical,11/29/18,Southern Province,Kamonyi,Mugina,Jenda/nyamurenga,Akanyaru,Akanyaru,,,Project Assessment - 2018.11.19,-2.14197,29.98984,,http://www.worldpop.org.uk/data/summary?doi=10.5258/SOTON/WP00539,3192.0,24215.0,Nyamurenga,1506.0,,0.0,,0.0,,0.0,,0.0,,,11/19/18,,,,,,,,,POINT (498869.89195739623 4763175.791798594),793.25,2343.48,4208.67,6938.37,10359.87,785.93,2370.29,4341.85,7126.62,10591.71
006f100000eevNEAAY,1014447,Rwanda,Rwanda - Ntasi - 1014447,Rejected,Technical,11/29/18,Southern Province,Kamonyi,Mugina,Nteko/ntasi,Ntasi,Swampy,,,Project Assessment - 2018.11.19,-2.09453,29.9943,,http://www.worldpop.org.uk/data/summary?doi=10.5258/SOTON/WP00539,4033.0,23462.0,Ntasi,1850.0,,0.0,,0.0,,0.0,,0.0,,,11/19/18,,,,,,,,,POINT (499365.96340771986 4768420.985431388),2272.63,3557.01,5421.22,7297.15,10108.49,2295.53,3592.7,5547.73,7498.35,10417.88
006f100000eevORAAY,1014449,Rwanda,Rwanda - Ngugu - 1014449,Rejected,Technical,11/19/18,Southern Province,Kamonyi,Nyamiyaga,Kidahwe/rwezamenyo,Ngugu,Ngugu,,,Project Assessment - 2018.11.19,-2.05618,29.92399,,http://www.worldpop.org.uk/data/summary?doi=10.5258/SOTON/WP00539,4943.0,30406.0,Rwezamenyo,1609.0,Magu,1098.0,,0.0,,0.0,,0.0,,,11/19/18,,,,,,,,,POINT (491544.8602419498 4772660.940623064),1971.3,4936.59,7798.06,11306.19,16654.55,2013.26,5055.97,7928.86,11543.1,16956.02
006f100000eevdqAAA,1014451,Rwanda,Rwanda - Murindi - 1014451,Rejected,Technical,11/20/18,Southern Province,Kamonyi,Nyamiyaga,Kidahwe/sabununga,Murindi,Murindi,,,Project Assessment - 2018.11.19,-2.05615,29.93258,,http://www.worldpop.org.uk/data/summary?doi=10.5258/SOTON/WP00539,4853.0,30448.0,Sabununga,1690.0,Kivugiza,1980.0,Rugarama,1590.0,Magu,1360.0,,0.0,,,11/19/18,,,,,,,,,POINT (492500.3881419945 4772664.300476557),1528.48,3513.24,7649.37,11277.37,15364.44,1464.42,3625.08,7770.49,11408.18,15662.67
0063Z00000wb0Y2QAI,1042597,Rwanda,Rwanda - Munanira-Ruhinga - 1042597,Complete,In Service,6/16/23,Western Province,Karongi,Gitesi Sector,Ruhinga cell,Munanira-Ruhinga,Nyabahanga,,,Project Assessment - 2022.10.25,-2.105057,29.417237,6314.0,https://api.worldpop.org/v1/services/stats?,6440.06,39374.62,Gahigiro,2000.0,Nyagahinga,1014.0,Nyamiyaga,700.0,Kirambo,1500.0,Gasayo,1100.0,,0.0,10/25/22,,0.0,,0.0,,0.0,,0.0,POINT (435175.9666412507 4767244.962279323),2167.03,4224.57,8176.78,12392.45,17942.45,2244.73,4369.97,8369.99,12864.15,18576.84
0063Z00000wbMHKQA2,1042779,Rwanda,Rwanda - Nyarusange - 1042779,Identified,Requested,12/31/22,Western Province,Karongi,Gitesi,Munanira,Nyarusange,Muhora,,,Project Pre-Assessment - 2022.11.3,-1.953896,30.051678,8000.0,https://api.worldpop.org/v1/services/stats?,147486.94,581251.31,Kabahizi,1500.0,Munanira,2000.0,Kajo,1500.0,Juru,1000.0,Rebero,2000.0,,0.0,11/3/22,,0.0,,0.0,,0.0,,0.0,POINT (505748.8721144138 4783970.040723898),69620.84,104310.16,140483.22,185294.81,246677.31,70264.7,105423.3,142022.92,187887.73,250676.53
0063Z00000zy2WPQAY,1048134,Rwanda,Rwanda - Makurungwe - 1048134,Complete,In Service,6/28/24,Western Province,Karongi,Rubengera,Bubazi,Makurungwe,Musogoro,,,Project Pre-Assessment - 2023.9.11,-2.065544,29.427653,3786.0,https://api.worldpop.org/v1/services/stats?,13891.85,60465.05,Makurungwe,650.0,Kabuga,816.0,Kavumu,750.0,Nyagahinga,610.0,Nkomangurwa,960.0,,0.0,9/11/23,,0.0,,0.0,,0.0,,0.0,POINT (436333.04833059164 4771614.35271341),4258.7,8500.17,15188.97,23650.85,31704.29,4367.29,8775.29,15384.2,24144.64,32598.87
0063Z00000zy2WUQAY,1048135,Rwanda,Rwanda - Rurebero - 1048135,Complete,In Service,6/7/24,Western Province,Karongi,Rwankuba,Gasata,Rurebero,Rusumo,,,Project Pre-Assessment - 2023.9.11,-2.16372,29.35439,2674.0,https://api.worldpop.org/v1/services/stats?,6459.45,44180.89,Rurebero,504.0,Kigarama,600.0,Cyabanga,483.0,Rwasheke,611.0,Nyagafumbe,476.0,,0.0,9/11/23,,0.0,,0.0,,0.0,,0.0,POINT (428187.57804335846 4760755.735581996),1788.04,3574.77,6583.47,10052.1,15605.01,1848.28,3638.38,6716.57,10187.87,15523.65
0063Z00000zy2WUQAY,1048135,Rwanda,Rwanda - Rurebero - 1048135,Complete,In Service,6/7/24,Western Province,Karongi,Rwankuba,Gasata,Rurebero,Rusumo,,,Project Assessment - 2018.10.28,-2.16372,29.35439,,https://api.worldpop.org/v1/services/stats?,6459.45,44180.89,Rurebero,676.0,Kigarama,645.0,Rubazo cell,4587.0,Bisesero cell,3978.0,Nyarusanga cell,3854.0,,,10/28/18,,,,,,,,,POINT (428187.57804335846 4760755.735581996),1788.04,3574.77,6583.47,10052.1,15605.01,1848.28,3638.38,6716.57,10187.87,15523.65
0063Z00000zy2WZQAY,1048136,Rwanda,Rwanda - Cyamatare - 1048136,Complete,In Service,5/17/24,Western Province,Karongi,Murambi,Mubuga-nyarunyinya,Cyamatare,Mashyiga,,,Project Pre-Assessment - 2023.9.11,-2.16324,29.574869,7440.0,https://api.worldpop.org/v1/services/stats?,5391.53,37222.06,Cyamatare,1250.0,Karambo,950.0,Kananira,1340.0,Murambi,1300.0,Gasebeya,1200.0,Nyaruvumu,1400.0,9/11/23,,0.0,,0.0,,0.0,,0.0,POINT (452712.4285263051 4760817.460374085),1265.75,2907.49,4944.23,9009.65,13861.31,1285.55,2962.99,5027.93,9111.59,14008.57
0063Z00001043OCQAY,1045973,Rwanda,Rwanda - Muregeya-rebuild - 1045973,Complete,In Service,5/31/24,Western Province,Karongi,Rubengera,Rubengera,Muregeya-rebuild,Muregeya,,,Project Assessment - 2023.5.18,-2.025833,29.381111,3620.0,https://api.worldpop.org/v1/services/stats?,6980.33,45883.51,Rubengera,850.0,Isure,920.0,Mataba,500.0,Mufumbezi,600.0,Fuwaye,750.0,,0.0,5/18/23,,0.0,,0.0,,0.0,,0.0,POINT (431153.9040673764 4776003.302111979),948.28,2884.38,6053.95,10840.53,15934.26,956.57,3064.11,6214.89,11056.58,16560.38
0063Z00001043OCQAY,1045973,Rwanda,Rwanda - Muregeya-rebuild - 1045973,Complete,In Service,5/31/24,Western Province,Karongi,Rubengera,Rubengera,Muregeya-rebuild,Muregeya,,,PAVA - Muregeya-rebuild - 1045973 - 2023-07-21,-2.025833,29.381111,0.0,https://api.worldpop.org/v1/services/stats?,6980.33,45883.51,,0.0,,0.0,,0.0,,0.0,,0.0,,0.0,7/21/23,,0.0,,0.0,,0.0,,0.0,POINT (431153.9040673764 4776003.302111979),948.28,2884.38,6053.95,10840.53,15934.26,956.57,3064.11,6214.89,11056.58,16560.38
006f100000ZQRpwAAH,1002621,Rwanda,Rwanda - Muregeya - 1002621,Complete,Out of Service,7/31/13,Western Province,Karongi,Rubengera,,Muregeya,Muregeye,,Catchment Survey Program,Project Assessment - 2022.11.7,-2.024871,29.380443,3620.0,http://www.worldpop.org.uk/data/summary?doi=10.5258/SOTON/WP00539,5256.0,33038.0,Rubengera,850.0,Isure,920.0,Mataba,500.0,Mufumbezi,600.0,Fuwaye,750.0,masaba,0.0,11/7/22,,0.0,,0.0,,0.0,,0.0,POINT (431079.5512348176 4776109.643115324),993.26,2981.97,6045.14,10951.57,15594.33,994.26,3171.72,6257.9,11254.6,16264.5
006f100000a86DnAAI,1007387,Rwanda,Rwanda - Rusovu - 1007387,Identified,Identified in Needs Assessment,12/31/18,Western Province,Karongi,Murambi,Muhororo-Nzaratsi(Birambo-Rusovu),Rusovu,Mashyiga,Rwanda Full Scale Research - Randomized but Not Baselined,,Project Assessment - 2018.11.18,-2.14783,29.535028,,http://www.worldpop.org.uk/data/summary?doi=10.5258/SOTON/WP00539,5931.0,30920.0,Muhororo,4786.0,Nzaratsa,5619.0,,0.0,,0.0,,0.0,,,11/18/18,,,,,,,,,POINT (448280.27706780715 4762520.020708828),1271.37,3534.71,6134.72,9174.53,12186.21,1323.84,3649.57,6369.12,9331.96,12469.59
006f100000a86DoAAI,1007388,Rwanda,Rwanda - Nyirahene - 1007388,Rejected,Technical,11/19/18,Western Province,Karongi,Gashari sector,"Birambo village - Ntarabana vil,age ( both villages are in Birambo cell )",Nyirahene,Mashyiga,,,Project Assessment - 2018.11.18,-2.14375,29.5181389,,http://www.worldpop.org.uk/data/summary?doi=10.5258/SOTON/WP00539,6529.0,30727.0,,0.0,,0.0,,0.0,,0.0,,0.0,,,11/18/18,,,,,,,,,POINT (446401.4844993363 4762970.559234875),2376.6,4262.95,6327.66,8608.8,11133.32,2445.82,4394.74,6483.66,8741.97,11411.85
006f100000a86DpAAI,1007389,Rwanda,Rwanda - Rugogo - 1007389,Rejected,Technical,11/5/18,Western Province,Karongi,Mutuntu-Ruganda,Byogo-Nyamugwagwa,Rugogo,Kiraga,,,Project Assessment - 2018.10.28,-2.20755,29.44008,,http://www.worldpop.org.uk/data/summary?doi=10.5258/SOTON/WP00539,3495.0,26344.0,Rugogo village,875.0,Nyamugwagwa,694.0,Kaduha,456.0,Burango,979.0,Murambi,951.0,,,10/28/18,,,,,,,,,POINT (437721.17304789147 4755913.232744089),1145.78,2456.71,4361.92,6404.19,8606.63,1153.24,2540.34,4479.12,6532.01,8843.09
006f100000a86DpAAI,1007389,Rwanda,Rwanda - Rugogo - 1007389,Rejected,Technical,11/5/18,Western Province,Karongi,Mutuntu-Ruganda,Byogo-Nyamugwagwa,Rugogo,Kiraga,,,Project Assessment - 2018.10.28,-2.20755,29.44008,,http://www.worldpop.org.uk/data/summary?doi=10.5258/SOTON/WP00539,3495.0,26344.0,Byogo cell,3854.0,Nyamugwagwa,2341.0,,0.0,,0.0,,0.0,,,10/28/18,,,,,,,,,POINT (437721.17304789147 4755913.232744089),1145.78,2456.71,4361.92,6404.19,8606.63,1153.24,2540.34,4479.12,6532.01,8843.09
006f100000a86DrAAI,1007391,Rwanda,Rwanda - Kanyarusanga 1 - 1007391,Complete,In Service,5/12/23,Western Province,Karongi,Rwankuba,Rubazo(Kanyarusanga-Nyagafumba),Kanyarusanga 1,Gisuma,Rwanda Full Scale Research - Randomized but Not Baselined,,Project Assessment - 2018.11.18,-2.15350833,29.356425,,http://www.worldpop.org.uk/data/summary?doi=10.5258/SOTON/WP00539,9476.0,40269.0,Rubazo,2479.0,Gasata,3269.0,,0.0,,0.0,,0.0,,,11/18/18,,,,,,,,,POINT (428413.46678241546 4761884.954427409),2445.55,5181.99,9202.43,15662.42,19903.33,2473.9,5253.94,9305.15,15799.52,20300.27
006f100000a86DsAAI,1007392,Rwanda,Rwanda - Kinjongo - 1007392,Rejected,Technical,11/5/18,Western Province,Karongi,Gishari,Nyarusange village - Birambo village,Kinjongo,Kabakobwa,,,Project Assessment - 2018.10.14,-2.14811,29.52184,,http://www.worldpop.org.uk/data/summary?doi=10.5258/SOTON/WP00539,6414.0,30493.0,,0.0,,0.0,,0.0,,0.0,,0.0,,,10/14/18,,,,,,,,,POINT (446813.3266251818 4762488.608983309),2345.79,3987.92,6254.59,8719.47,11676.42,2425.57,4101.32,6367.77,8948.08,11934.71
006f100000d1fMTAAY,1014027,Rwanda,Rwanda - Musasa 3A - 1014027,Identified,Requested,12/31/18,Western Province,Karongi,Ruganda-Gashali,Kabingo-Tongati(Kabingo-Gataba),Musasa 3A,Musasa,Rwanda Full Scale Research - Randomized but Not Baselined,,Project Assessment - 2018.10.28,-2.19898833,29.51227783,,http://www.worldpop.org.uk/data/summary?doi=10.5258/SOTON/WP00539,3800.0,25558.0,Kabingo cell,2100.0,Kabaranda,662.0,Bizitiro,748.0,Nyagisozi,987.0,Gataba,835.0,,,10/28/18,,,,,,,,,POINT (445751.4984097944 4756862.715164284),844.18,2103.22,4291.21,7151.28,9964.78,864.33,2161.2,4405.45,7291.8,10204.15
006f100000d1fMTAAY,1014027,Rwanda,Rwanda - Musasa 3A - 1014027,Identified,Requested,12/31/18,Western Province,Karongi,Ruganda-Gashali,Kabingo-Tongati(Kabingo-Gataba),Musasa 3A,Musasa,Rwanda Full Scale Research - Randomized but Not Baselined,,Project Assessment - 2018.10.28,-2.19898833,29.51227783,,http://www.worldpop.org.uk/data/summary?doi=10.5258/SOTON/WP00539,3800.0,25558.0,Kabingo cell,2100.0,Kabaranda,662.0,Bizitiro,748.0,Nyagisozi,987.0,Gataba,835.0,,,10/28/18,,,,,,,,,POINT (445751.4984097944 4756862.715164284),844.18,2103.22,4291.21,7151.28,9964.78,864.33,2161.2,4405.45,7291.8,10204.15
006f100000d1fMdAAI,1014029,Rwanda,Rwanda - Nyamata - 1014029,Rejected,Social,12/31/18,Western Province,Karongi,Ruganda,Biguhu(Nyagasozi),Nyamata,Nyamata,,,Project Assessment - 2018.10.28,,,55.0,,,,Hhh,55.0,,0.0,,0.0,,0.0,,0.0,,,10/28/18,,,,,,,,,POINT (Infinity Infinity),,,,,,,,,,
006f100000d1fMiAAI,1014030,Rwanda,Rwanda - Ngange - 1014030,Rejected,Technical,11/14/18,Western Province,Karongi,Ruganda,Biguhu-Rubona(Ngange-Maryohe),Ngange,Bitoboro,,,Project Assessment - 2018.10.28,-2.230115,29.47708167,,http://www.worldpop.org.uk/data/summary?doi=10.5258/SOTON/WP00539,3503.0,21216.0,Maryohe,413.0,Kiguhu,742.0,Gitwa,351.0,Murambi,380.0,Ngange,514.0,,,10/28/18,,,,,,,,,POINT (441837.79817909177 4753419.730012816),808.16,1877.47,3268.27,5568.25,7590.56,816.28,1950.59,3316.51,5684.56,7809.86
006f100000d1fMsAAI,1014031,Rwanda,Rwanda - Nyabikeri - 1014031,Complete,In Service,6/18/21,Western Province,Karongi,Ruganda,Nyabikeri(Nyabikeri-Gahororo),Nyabikeri,Musasa,Rwanda Full Scale Research - Randomized and Baselined - Intervention,,Project Assessment - 2018.10.28,-2.20900667,29.47158,,http://www.worldpop.org.uk/data/summary?doi=10.5258/SOTON/WP00539,3755.0,22555.0,Nyabikeri,845.0,Gahororo,782.0,Kibingo,840.0,Musongati,780.0,Muciro,754.0,,,10/28/18,,,,,,,,,POINT (441225.0175150747 4755753.451212649),1869.83,3138.02,4501.5,6563.16,9277.0,1900.61,3134.51,4640.03,6706.42,9486.36
006f100000d1fMxAAI,1014032,Rwanda,Rwanda - Dusasa - 1014032,Rejected,Technical,11/14/18,Western Province,Karongi,Ruganda,Nyabikeri(Dusasa-Kiguhu),Dusasa,Musasa,,,Project Assessment - 2018.10.28,-2.2195333,29.459935,,http://www.worldpop.org.uk/data/summary?doi=10.5258/SOTON/WP00539,3016.0,23647.0,Dusasa,681.0,Kiguhu,742.0,Gahororo,782.0,,0.0,,0.0,,,10/28/18,,,,,,,,,POINT (439930.1558486198 4754589.058231433),849.01,1437.11,2994.33,5586.33,8333.08,879.45,1517.08,3030.86,5675.21,8546.42
006f100000d1fN2AAI,1014033,Rwanda,Rwanda - Gikuku - 1014033,Rejected,Technical,11/10/18,Western Province,Karongi,Ruganda,Biguhu(Ngange),Gikuku,Gikuku,,,Project Assessment - 2018.10.28,-2.23241333,29.4756,,http://www.worldpop.org.uk/data/summary?doi=10.5258/SOTON/WP00539,3375.0,21075.0,Ngange,514.0,Murambi,380.0,Gitwa,351.0,Kiguhu,742.0,Maryohe,413.0,,,10/28/18,,,,,,,,,POINT (441673.0836473998 4753165.5460859),922.18,1771.48,2731.93,4889.76,7312.49,939.58,1839.87,2810.51,5031.81,7533.59
006f100000d1fNCAAY,1014035,Rwanda,Rwanda - Kabingo - 1014035,Rejected,Technical,11/16/18,Western Province,Karongi,Ruganda-Gashali,Kabingo-Mwendo(Kabingo-Gihororo),Kabingo,Musasa,,,Project Assessment - 2018.10.28,-2.20644333,29.518888,,http://www.worldpop.org.uk/data/summary?doi=10.5258/SOTON/WP00539,4110.0,24676.0,Kabingo cell,2100.0,Gihororo,695.0,Gataba,835.0,Kabageni,608.0,Kagorora,1203.0,,,10/28/18,,,,,,,,,POINT (446487.0197996518 4756038.663502662),921.86,2411.73,4648.4,6810.61,9536.49,949.6,2453.08,4719.25,7007.48,9782.65
006f100000d1fNHAAY,1014036,Rwanda,Rwanda - Rubona 2 - 1014036,Rejected,Technical,11/16/18,Western Province,Karongi,Ruganda,Biguhu-Rubona(Muremure-Rubona),Rubona 2,Nganzo,,,Project Assessment - 2018.10.28,-2.2405167,29.491855,,http://www.worldpop.org.uk/data/summary?doi=10.5258/SOTON/WP00539,2754.0,21478.0,Rubona,650.0,Muremure,412.0,Nyagasozi,375.0,Maryohe,413.0,Mugano sector,20442.0,,,10/28/18,,,,,,,,,POINT (443481.42078042804 4752270.196974244),451.37,1160.44,2565.77,5009.81,7273.04,466.61,1184.0,2606.44,5151.36,7576.63
006f100000d1fNHAAY,1014036,Rwanda,Rwanda - Rubona 2 - 1014036,Rejected,Technical,11/16/18,Western Province,Karongi,Ruganda,Biguhu-Rubona(Muremure-Rubona),Rubona 2,Nganzo,,,Project Assessment - 2018.10.28,-2.2405167,29.491855,,http://www.worldpop.org.uk/data/summary?doi=10.5258/SOTON/WP00539,2754.0,21478.0,Rubona,650.0,Muremure,412.0,Nyagasozi,375.0,Maryohe,413.0,Mugano sector,20442.0,,,10/28/18,,,,,,,,,POINT (443481.42078042804 4752270.196974244),451.37,1160.44,2565.77,5009.81,7273.04,466.61,1184.0,2606.44,5151.36,7576.63
006f100000d1fNMAAY,1014037,Rwanda,Rwanda - Nyagahara - 1014037,Rejected,Technical,11/15/18,Western Province,Karongi,Ruganda,Biguhu(Ngange),Nyagahara,Rwagatama,,,Project Assessment - 2018.10.28,-2.23438167,29.47267167,,http://www.worldpop.org.uk/data/summary?doi=10.5258/SOTON/WP00539,3271.0,21142.0,Ngange,514.0,Murambi,380.0,Gitwa,351.0,Kiguhu,742.0,Maryohe,413.0,,,10/28/18,,,,,,,,,POINT (441347.44606101816 4752947.791058973),998.6,1548.54,2419.85,4272.78,7095.74,1022.77,1595.06,2483.07,4333.41,7263.33
006f100000d1fNRAAY,1014038,Rwanda,Rwanda - Kabuga - 1014038,Identified,Requested,12/31/18,Western Province,Karongi,Ruganda-Mugano,Biguhu-Sovu(Muremure-Kabuga),Kabuga,Mbirurume,Rwanda Full Scale Research - Randomized but Not Baselined,,Project Assessment - 2018.10.28,-2.246215,29.491565,,http://www.worldpop.org.uk/data/summary?doi=10.5258/SOTON/WP00539,2562.0,20947.0,Muremure,412.0,Nyagasozi,375.0,Mugano,20422.0,,0.0,,0.0,,,10/28/18,,,,,,,,,POINT (443449.38345657976 4751640.128808097),547.19,978.47,2422.17,4498.11,7130.76,556.52,995.01,2453.53,4612.27,7272.15
006f100000d1fNWAAY,1014039,Rwanda,Rwanda - Kaduha - 1014039,Complete,In Service,7/7/23,Western Province,Karongi,Ruganda-Mutuntu,Nyamugwagwa-Murengezo(Kaduha-Karambo),Kaduha,Kiraga,Rwanda Full Scale Research - Randomized and Baselined - Intervention,,Project Assessment - 2018.10.28,-2.234305,29.436305,,http://www.worldpop.org.uk/data/summary?doi=10.5258/SOTON/WP00539,3488.0,27325.0,Nyamugwagwa,2341.0,Murengezo,3016.0,,0.0,,0.0,,0.0,,,10/28/18,,,,,,,,,POINT (437302.4014200369 4752954.766922957),1084.36,1779.91,3582.14,6421.33,8893.1,1081.7,1841.83,3542.77,6632.97,9308.67
006f100000d1fOjAAI,1014048,Rwanda,Rwanda - Muremure - 1014048,Rejected,Technical,11/15/18,Western Province,Karongi,Ruganda,Biguhu-Rubona(Muremure-Maryohe),Muremure,Nganzo,,,Project Assessment - 2018.10.28,-2.23574,29.48168167,,http://www.worldpop.org.uk/data/summary?doi=10.5258/SOTON/WP00539,3143.0,20927.0,Muremure,412.0,Maryohe,413.0,Nyagasozi,375.0,Rubona,650.0,Mugano Sector,20442.0,,,10/28/18,,,,,,,,,POINT (442349.6718439576 4752797.957803738),844.39,1674.53,2869.06,4513.75,6946.54,862.8,1744.48,2959.72,4674.73,7125.99
006f100000d1fOtAAI,1014049,Rwanda,Rwanda - Nyabisiga - 1014049,Rejected,Technical,11/16/18,Western Province,Karongi,Ruganda-Gashari,Rugobagoba-Birambo(Nyagisiga-Kabirizi),Nyabisiga,Kabakobwa,,,Project Assessment - 2018.10.28,-2.153882,29.506953,,http://www.worldpop.org.uk/data/summary?doi=10.5258/SOTON/WP00539,5941.0,29616.0,Nyabisiga,516.0,Nyakivumba,556.0,Kabirizi,764.0,,0.0,,0.0,,,10/28/18,,,,,,,,,POINT (445157.58217518206 4761849.879260227),1605.32,3304.26,5509.94,8013.14,10563.08,1539.58,3300.49,5570.34,8198.61,10820.52
006f100000d1fOyAAI,1014050,Rwanda,Rwanda - Rwankuba - 1014050,Rejected,Technical,12/31/18,Western Province,Karongi,Rwankuba sector,Nyantwa village( Bigugu cell ) - Muvumba village ( Munini cell ),Rwankuba,Kaganda,Rwanda Full Scale Research - Randomized and Lost,,Project Assessment - 2018.10.28,-2.18135,29.37769,,http://www.worldpop.org.uk/data/summary?doi=10.5258/SOTON/WP00539,5153.0,25515.0,Nyantwa village,852.0,Muvumba village,654.0,Ruhuha village,645.0,Gakangaga,645.0,Mifuba,645.0,,,10/28/18,,,,,,,,,POINT (430780.1880295051 4758807.445256435),1726.39,4499.06,8010.33,13089.28,17253.25,1800.01,4584.88,8122.46,13292.1,17566.04
006f100000d1fPDAAY,1014051,Rwanda,Rwanda - Karutare - 1014051,Rejected,Technical,12/14/18,Western Province,Karongi,Gashali-Ruganda,Rugobagoba-Rugobagoba(Karutare-Gatare),Karutare,Kabakobwa,Rwanda Full Scale Research - Randomized and Lost,,Project Assessment - 2018.10.28,-2.164835,29.491473,,http://www.worldpop.org.uk/data/summary?doi=10.5258/SOTON/WP00539,4501.0,27991.0,Karutare,689.0,Karambo,706.0,Gatare,751.0,Nyakivumba,473.0,Shungwe,532.0,,,10/28/18,,,,,,,,,POINT (443436.0769717021 4760638.24952806),1479.67,2298.12,3906.22,6416.83,9131.14,1493.01,2368.45,3951.42,6501.52,9274.38
006f100000d1fPNAAY,1014052,Rwanda,Rwanda - Munini I - 1014052,Complete,In Service,2/18/22,Western Province,Karongi,Rwankuba sector,Nyantwa village ( Bigugu cell ) - Byimana village ( Munini cell ),Munini I,Kaganda,Rwanda Full Scale Research - Randomized and Baselined - Intervention,,Project Assessment - 2018.10.28,-2.18836,29.37793,,http://www.worldpop.org.uk/data/summary?doi=10.5258/SOTON/WP00539,5071.0,25887.0,Byimana village,654.0,Nyantwa,615.0,Muyira,421.0,Kinaba,511.0,Gakangaga,496.0,,,10/28/18,,,,,,,,,POINT (430807.205227802 4758032.350961026),1960.06,4658.32,7986.18,11362.41,15931.7,1990.38,4723.16,8058.13,11610.72,16286.66
006f100000d1fPcAAI,1014053,Rwanda,Rwanda - Munini II - 1014053,Rejected,Technical,11/5/18,Western Province,Karongi,Rwankuba,Muvumba village- Byimana village ( Both are in Munini cell ),Munini II,Rutare,,,Project Assessment - 2018.10.28,-2.1886,29.37909,,http://www.worldpop.org.uk/data/summary?doi=10.5258/SOTON/WP00539,4974.0,26195.0,Byimana,852.0,,0.0,,0.0,,0.0,,0.0,,,10/28/18,,,,,,,,,POINT (430936.24798941304 4758005.867282008),1895.53,4517.22,7885.27,11383.27,15652.07,1883.33,4631.94,7977.7,11570.88,15988.08
006f100000d1fPhAAI,1014054,Rwanda,Rwanda - Kagusa - 1014054,Complete,In Service,5/3/24,Western Province,Karongi,Rwankuba,Muyira village ( Munini cell) - Kagusa village ( Bigugu cell ),Kagusa,Kaganda,Rwanda Full Scale Research - Randomized but Not Baselined,,Project Assessment - 2018.10.28,-2.20151,29.3787,,http://www.worldpop.org.uk/data/summary?doi=10.5258/SOTON/WP00539,4965.0,28001.0,Muyira,979.0,Kagusa,646.0,,0.0,,0.0,,0.0,,,10/28/18,,,,,,,,,POINT (430893.459525545 4756578.372902886),1646.39,4005.78,6767.47,10066.18,13188.66,1652.33,4105.79,6837.77,10145.5,13319.01
006f100000d1fPmAAI,1014055,Rwanda,Rwanda - Rukore - 1014055,Rejected,Technical,11/5/18,Western Province,Karongi,Rwankuba sector,Rukore village - Ryampande village ( both villages are in Rubumba cell ),Rukore,Bikurumumbwe,,,Project Assessment - 2018.10.28,-2.17259,29.40382,,http://www.worldpop.org.uk/data/summary?doi=10.5258/SOTON/WP00539,2865.0,25869.0,Ryampande,978.0,Rukore,979.0,Gishwati,649.0,Himbo,0.0,,0.0,,,10/28/18,,,,,,,,,POINT (433686.3640405667 4759777.222140767),1608.81,3440.98,6078.8,9350.29,12207.49,1640.87,3515.61,6135.81,9449.5,12356.92
006f100000d1fPrAAI,1014056,Rwanda,Rwanda - Mugonero - 1014056,Complete,In Service,6/25/21,Western Province,Karongi,Rwankuba sector,Kanyarusanga village ( Rubazo cell ) - Kigarama village ( Bisesero cell ),Mugonero,Kiraro,Rwanda Full Scale Research - Randomized and Baselined - Intervention,,Project Assessment - 2018.10.28,-2.14763,29.34468,,http://www.worldpop.org.uk/data/summary?doi=10.5258/SOTON/WP00539,13259.0,41928.0,Kanyarusanga,540.0,Mubuga sector,0.0,Gishyita sector,0.0,Twumba sector,0.0,,0.0,,,10/28/18,,,,,,,,,POINT (427106.70400161034 4762534.376879496),1548.97,4113.0,10284.6,14581.43,18639.19,1546.22,3951.92,10316.0,14750.03,18855.52
006f100000d1fPwAAI,1014057,Rwanda,Rwanda - Kivumu - 1014057,Rejected,Technical,11/11/18,Western Province,Karongi,Ruganda,Kivumu(Kagorora),Kivumu,Gatare,,,Project Assessment - 2018.10.28,-2.228383,29.51722,,http://www.worldpop.org.uk/data/summary?doi=10.5258/SOTON/WP00539,4094.0,22331.0,Kagorora,580.0,Birambo,623.0,Mugano sector,20442.0,,0.0,,0.0,,,10/28/18,,,,,,,,,POINT (446302.2784886353 4753612.75998947),630.89,1959.33,3676.72,6146.04,8947.41,660.4,2049.24,3788.46,6394.09,9194.53
006f100000d1fRxAAI,1014059,Rwanda,Rwanda - Kagorora - 1014059,Identified,Requested,12/31/18,Western Province,Karongi,Ruganda-Mugano,Kivumu-Gitwa(Kagorora-Nyakibingo),Kagorora,Mbirurume,Rwanda Full Scale Research - Randomized but Not Baselined,,Project Assessment - 2018.10.28,-2.231883,29.517175,,http://www.worldpop.org.uk/data/summary?doi=10.5258/SOTON/WP00539,4062.0,22188.0,Kagorora,580.0,Birambo,623.0,Mugano sector,20442.0,,0.0,,0.0,,,10/28/18,,,,,,,,,POINT (446297.400101082 4753225.767409754),324.63,1824.32,3553.62,5968.04,8811.99,348.89,1858.98,3716.19,6119.25,9001.76
006f100000d1fSCAAY,1014060,Rwanda,Rwanda - Birambo - 1014060,Rejected,Technical,11/13/18,Western Province,Karongi,Rugamba,Kabingo-Kivumu( Birambo-Kabingo),Birambo,Gatimbiri,,,Project Assessment - 2018.10.28,-2.21065,29.519803,,http://www.worldpop.org.uk/data/summary?doi=10.5258/SOTON/WP00539,4130.0,24024.0,Kabingo cell,2100.0,Kagorora,580.0,Birambo,623.0,Kabageni,628.0,Gihororo,695.0,,,10/28/18,,,,,,,,,POINT (446588.9457666765 4755573.5700681545),1132.52,2671.2,4285.26,6559.81,9149.61,1148.21,2721.77,4429.61,6781.51,9402.38
006f100000d1fSWAAY,1014061,Rwanda,Rwanda - Gatare - 1014061,Complete,In Service,6/28/24,Western Province,Karongi,Mutuntu sector (Karongi district ) - Mushubi sector ( Nyamagabe district ),Mayombo village (gisayura cell ) _ Rwamiko village ( ruteteri cell ),Gatare,Mbirurume river,Rwanda Full Scale Research - Randomized but Not Baselined,,Project Assessment - 2018.8.17,-2.26898,29.456363,,http://www.worldpop.org.uk/data/summary?doi=10.5258/SOTON/WP00539,3845.0,23016.0,Rwamiko,586.0,Nyakibande,625.0,Maypmbo,540.0,Ngundusi,630.0,,0.0,,,8/17/18,,,,,,,,,POINT (439534.8723301396 4749121.5952282585),553.78,1584.34,2719.24,4390.3,6863.92,527.47,1598.62,2782.19,4499.29,7060.87
006f100000d1fSWAAY,1014061,Rwanda,Rwanda - Gatare - 1014061,Complete,In Service,6/28/24,Western Province,Karongi,Mutuntu sector (Karongi district ) - Mushubi sector ( Nyamagabe district ),Mayombo village (gisayura cell ) _ Rwamiko village ( ruteteri cell ),Gatare,Mbirurume river,Rwanda Full Scale Research - Randomized but Not Baselined,,Project Assessment - 2018.10.28,-2.26898,29.456363,,http://www.worldpop.org.uk/data/summary?doi=10.5258/SOTON/WP00539,3845.0,23016.0,Mayombo,538.0,Rwamiko,846.0,Ngundasi village,949.0,Gatwa village,666.0,GASHUBI village,575.0,,,10/28/18,,,,,,,,,POINT (439534.8723301396 4749121.5952282585),553.78,1584.34,2719.24,4390.3,6863.92,527.47,1598.62,2782.19,4499.29,7060.87
006f100000d1fSbAAI,1014062,Rwanda,Rwanda - Gitwa - 1014062,Rejected,Technical,11/11/18,Western Province,Karongi,Ruganda,Biguhu(Gitwa-muremure),Gitwa,Nyamutukura,,,Project Assessment - 2018.10.28,-2.242973,29.464718,,http://www.worldpop.org.uk/data/summary?doi=10.5258/SOTON/WP00539,3365.0,21408.0,Gitwa,351.0,Murambi,380.0,Ngange,514.0,Kibari,458.0,,0.0,,,10/28/18,,,,,,,,,POINT (440463.11320857285 4751997.5299530085),500.4,1230.77,2390.31,3847.72,5791.06,509.14,1247.08,2425.38,3995.02,5936.98
006f100000d1fSlAAI,1014064,Rwanda,Rwanda - Himbo - 1014064,Identified,Requested,12/31/18,Western Province,Karongi,Rwankuba sector,Himbo village- Rukore village ( both villages are in Rubumba cell ),Himbo,Cyabatenga river,Rwanda Full Scale Research - Randomized but Not Baselined,,Project Assessment - 2018.10.28,-2.1809,29.40968,,http://www.worldpop.org.uk/data/summary?doi=10.5258/SOTON/WP00539,3724.0,25873.0,Rukore,976.0,Himbo village,946.0,,0.0,,0.0,,0.0,,,10/28/18,,,,,,,,,POINT (434338.5599486227 4758858.63540134),1396.03,2787.0,5103.48,8054.68,12199.62,1392.46,2762.54,5091.48,8189.47,12340.87
006f100000d1fSqAAI,1014065,Rwanda,Rwanda - Gatorove - 1014065,Identified,Requested,11/5/18,Western Province,Karongi,Mutuntu sector,Mukongoro village( kanyege cell ) - GASHUBI village ( Gisayura cell ),Gatorove,Mbirurume river,Rwanda Full Scale Research - Randomized but Not Baselined,,Project Assessment - 2018.10.28,-2.26958,29.42796,,http://www.worldpop.org.uk/data/summary?doi=10.5258/SOTON/WP00539,4826.0,29643.0,GASHUBI,676.0,Mukongoro,564.0,,0.0,,0.0,,0.0,,,10/28/18,,,,,,,,,POINT (436375.71905224817 4749054.035154909),801.07,2189.14,3672.55,5193.05,7295.35,846.18,2228.35,3794.09,5363.11,7496.87
006f100000d1fSvAAI,1014066,Rwanda,Rwanda - Kamacaca - 1014066,Identified,Requested,12/31/18,Western Province,Karongi,Twumba sector,Murambi village ( Kavumu cell ) - Kaganda village ( Murehe cell ),Kamacaca,Kaganda river,Rwanda Full Scale Research - Randomized but Not Baselined,,Project Assessment - 2018.10.28,-2.23068,29.38988,,http://www.worldpop.org.uk/data/summary?doi=10.5258/SOTON/WP00539,6059.0,32719.0,Murambi,878.0,Kaganda,876.0,,0.0,,0.0,,0.0,,,10/28/18,,,,,,,,,POINT (432138.37483369 4753353.525229293),1058.24,2710.95,4972.64,7817.39,11268.47,1081.86,2791.44,5084.56,7963.35,11544.85
006f100000d1fT5AAI,1014067,Rwanda,Rwanda - Cyunyu - 1014067,Complete,In Service,7/7/23,Western Province,Karongi,Mutuntu sector,Gasharu village ( Gasharu cell ) - Mukongoro village ( kanyege cell ),Cyunyu,Mbirurume,Rwanda Full Scale Research - Randomized but Not Baselined,,Project Assessment - 2018.10.28,-2.25799,29.41381,,http://www.worldpop.org.uk/data/summary?doi=10.5258/SOTON/WP00539,6017.0,33081.0,Gasharu,574.0,Mukongoro,990.0,Gisayura,542.0,Kavumu,948.0,Nyarubuye,784.0,,,10/28/18,,,,,,,,,POINT (434801.3344192341 4750334.920252196),953.54,2242.42,4235.72,7416.52,10186.4,1010.82,2200.44,4337.32,7576.7,10401.03
006f100000d1fTAAAY,1014068,Rwanda,Rwanda - Wamahoro - 1014068,Complete,In Service,5/23/24,Western Province,Karongi,Rwankuba sector,Rubazo,Wamahoro,Nyarusanga,Rwanda Full Scale Research - Randomized but Not Baselined,,Project Assessment - 2018.10.28,-2.143712,29.352145,,https://api.worldpop.org/v1/services/stats?,11761.84,46643.97,Wamahoro,305.0,Kanyarusanga,540.0,Nyaruyaga,642.0,Kinyege,979.0,Gasharu,875.0,,,10/28/18,,,,,,,,,POINT (427936.91165404906 4762967.951374443),3822.55,9641.57,13215.97,15225.87,17890.69,3890.7,9597.49,13306.77,15370.25,18080.14
006f100000d1fTFAAY,1014069,Rwanda,Rwanda - Gasharu - 1014069,Complete,In Service,6/8/21,Western Province,Karongi,Rwankuba sector,Gasharu village- Wingwa village & Kigogwe village ( all villages are in Nyarusanga cell ),Gasharu,Nyarusanga,Rwanda Full Scale Research - Randomized and Baselined - Intervention,,Project Assessment - 2018.10.28,-2.13333,29.3625,,http://www.worldpop.org.uk/data/summary?doi=10.5258/SOTON/WP00539,20288.0,42750.0,Gasharu,597.0,Wingwa,548.0,Kigogwe,600.0,Karambo,579.0,Bucyurabuhoro,697.0,,,10/28/18,,,,,,,,,POINT (429088.3045623401 4764116.389414428),2822.05,7190.41,11389.48,13797.09,16566.04,2864.96,7418.71,11572.58,13961.35,16810.32
006f100000d1fTKAAY,1014070,Rwanda,Rwanda - Nyabivumu - 1014070,Rejected,Technical,11/5/18,Western Province,Karongi,Ruganda-Gashari,Tongati-Rugobagoba(Nyabivumu-Nyagisiga),Nyabivumu,Gakoni,,,Project Assessment - 2018.10.28,-2.154842,29.5107383,,http://www.worldpop.org.uk/data/summary?doi=10.5258/SOTON/WP00539,6018.0,29707.0,Nyabivumu,575.0,Rugobagoba cell,3480.0,,0.0,,0.0,,0.0,,,10/28/18,,,,,,,,,POINT (445578.67162433267 4761743.86883641),1566.95,3434.4,5724.78,8344.26,10727.36,1583.52,3390.96,5797.83,8467.67,10959.08
006f100000d1fTZAAY,1014072,Rwanda,Rwanda - Gisiza - 1014072,Identified,Requested,11/5/18,Western Province,Karongi,Mutuntu sector- Ruganda sector,Nyarutovu village( Murengezo cell ) - Nyagasozi village ( Biguhu cell),Gisiza,Kiraga,,,Project Assessment - 2018.10.28,-2.25545,29.47791,,http://www.worldpop.org.uk/data/summary?doi=10.5258/SOTON/WP00539,3093.0,19917.0,Nyarutovu,605.0,Nyagasozi,754.0,Mayombo,764.0,Ngundusi,949.0,Muremure,675.0,,,10/28/18,,,,,,,,,POINT (441930.9316647985 4750618.483771282),463.6,1394.39,2984.55,4861.81,6261.57,478.78,1413.13,3043.43,4924.66,6328.6
006f100000d1fTeAAI,1014073,Rwanda,Rwanda - Ruhondo - 1014073,Rejected,Technical,11/5/18,Western Province,Karongi,Mutuntu sector,Kadehero village ( Kinyonzwe cell ) - Twumba village ( Gakuta cell ),Ruhondo,Mbirurume,,,Project Assessment - 2018.10.28,-2.24952,29.38323,,http://www.worldpop.org.uk/data/summary?doi=10.5258/SOTON/WP00539,6782.0,34417.0,Kadehero,518.0,Karumbi,564.0,Rwufi cell,3785.0,,0.0,,0.0,,,10/28/18,,,,,,,,,POINT (431399.5654025183 4751270.052836465),1689.05,3767.0,6552.0,9381.11,12149.38,1697.92,3840.45,6706.92,9526.79,12337.61
006f100000d1fTjAAI,1014074,Rwanda,Rwanda - Cyamakamba - 1014074,Rejected,Technical,11/12/18,Western Province,Karongi,Mutuntu-Ruganda,Murengezo-Nyamugwagwa(Cyamakamba-Kaduha),Cyamakamba,Kiraga,,,Project Assessment - 2018.10.28,-2.22396167,29.43661833,,http://www.worldpop.org.uk/data/summary?doi=10.5258/SOTON/WP00539,3356.0,27102.0,Murengezo,3016.0,Nyamugwagwa cell,2341.0,,0.0,,0.0,,0.0,,,10/28/18,,,,,,,,,POINT (437336.81560451584 4754098.445005948),801.49,1943.24,3808.56,6276.45,8811.43,841.56,1970.42,3976.37,6444.47,9119.65
006f100000d1fU3AAI,1014076,Rwanda,Rwanda - Masumo - 1014076,Identified,Requested,12/31/18,Western Province,Karongi,Mutuntu sector,Uwabashi village (kinyonzwe cell ) - nyamiryango village ( Gakuta cell ),Masumo,Mbirurume,Rwanda Full Scale Research - Randomized but Not Baselined,,Project Assessment - 2018.10.28,-2.26182,29.37822,,http://www.worldpop.org.uk/data/summary?doi=10.5258/SOTON/WP00539,7322.0,32375.0,Uwabarashi,543.0,Nyiramiryango,979.0,,0.0,,0.0,,0.0,,,10/28/18,,,,,,,,,POINT (430842.8856567347 4749909.787297989),1242.52,3218.75,5674.58,8541.6,11987.38,1261.2,3290.5,5800.6,8699.63,12197.23
006f100000d1fU8AAI,1014077,Rwanda,Rwanda - Rasaniro - 1014077,Rejected,Technical,11/5/18,Western Province,Karongi,Mutuntu sector,Mutuntu village ( Gasharu village ) - Rasaniro village ( Rwufi cell ),Rasaniro,Mbirurume,,,Project Assessment - 2018.10.28,-2.24468,29.40848,,http://www.worldpop.org.uk/data/summary?doi=10.5258/SOTON/WP00539,6125.0,32900.0,Mutuntu village,499.0,Rasaniro village,567.0,Gasharu village,708.0,Mukungu village,887.0,Rugusa village,602.0,,,10/28/18,,,,,,,,,POINT (434207.89012958016 4751806.378140745),1040.4,2679.05,5041.28,7821.71,11463.88,1068.98,2821.1,5141.13,8069.22,11808.99
006f100000d1fUDAAY,1014078,Rwanda,Rwanda - Kwa Ruberandinda - 1014078,Rejected,Technical,11/5/18,Western Province,Karongi,Mutuntu sector - Twumba sector,Mwumba village ( Rwufi cell ) - Kavumu village ( Kavumu cell),Kwa Ruberandinda,Mbirurume,,,Project Assessment - 2018.10.28,-2.23732,29.40253,,http://www.worldpop.org.uk/data/summary?doi=10.5258/SOTON/WP00539,6466.0,33099.0,Mwumba,561.0,Kavumu,676.0,Rugusa,534.0,Kaganda,612.0,,0.0,,,10/28/18,,,,,,,,,POINT (433545.74258095573 4752619.911363038),1078.26,2685.13,5123.04,7975.59,10846.55,1094.63,2808.31,5317.79,8207.35,11157.77
006f100000d1fUIAAY,1014079,Rwanda,Rwanda - Rusayo - 1014079,Rejected,Technical,11/5/18,Western Province,Karongi,Mutuntu sector - Twumba sector,Mwumba village ( rwufi cell ) - murehe village ( murehe cell ),Rusayo,Mbirurume,,,Project Assessment - 2018.10.28,-2.2414,29.39529,,http://www.worldpop.org.uk/data/summary?doi=10.5258/SOTON/WP00539,7164.0,33932.0,Mwumba,561.0,Rugusa,654.0,Murehe,587.0,,0.0,,0.0,,,10/28/18,,,,,,,,,POINT (432740.6218438628 4752168.451468648),1367.39,2937.83,5047.38,8383.31,12352.19,1373.12,2957.74,5103.69,8624.17,12602.92
006f100000d1fUNAAY,1014080,Rwanda,Rwanda - Ruhina - 1014080,Rejected,Technical,11/5/18,Western Province,Karongi,Murundi sector,Kuruganda village ( Kareba cell ) - Mujyojyo village ( kabaya cell ),Ruhina,Rwinkomo,,,Project Assessment - 2018.10.28,-2.11637,29.5875,,http://www.worldpop.org.uk/data/summary?doi=10.5258/SOTON/WP00539,4594.0,28100.0,Kuruganda,696.0,Gasharu,537.0,Mujyojyo,671.0,Ruhungamiyaga,678.0,,0.0,,,10/28/18,,,,,,,,,POINT (454116.0137349137 4766000.153467512),2482.52,4485.33,7339.73,10191.7,13573.73,2520.33,4531.31,7473.1,10259.36,13796.62
006f100000d1fUSAAY,1014081,Rwanda,Rwanda - Rwinkomo - 1014081,Rejected,Technical,11/5/18,Western Province,Karongi,Murundi,Gasharu village ( Kareba cell ) - Karambo village (Kabaya cell ),Rwinkomo,Rwinkomo,,,Project Assessment - 2018.10.28,-2.10922,29.59721,,http://www.worldpop.org.uk/data/summary?doi=10.5258/SOTON/WP00539,5075.0,28197.0,Gasharu,949.0,Karambo,646.0,Gakomeye,464.0,,0.0,,0.0,,,10/28/18,,,,,,,,,POINT (455195.90814692044 4766790.994674051),1649.07,3818.03,7387.53,10571.58,14372.55,1663.52,3926.66,7500.58,10733.51,14608.07
006f100000d1fUhAAI,1014083,Rwanda,Rwanda - Wiraro - 1014083,Complete,In Service,3/22/24,Western Province,Karongi,Mutuntu-Ruganda,Murengezo-nyamugwagwa(Wiraro-Kibari),Wiraro,Kiraga,Rwanda Full Scale Research - Randomized but Not Baselined,,Project Assessment - 2018.10.28,-2.24481167,29.44779833,,http://www.worldpop.org.uk/data/summary?doi=10.5258/SOTON/WP00539,3293.0,24757.0,Murengezo,3016.0,Kibari,458.0,Ngunduzi,665.0,Nyarutovu,605.0,Muremure,412.0,,,10/28/18,,,,,,,,,POINT (438581.2374193083 4751793.529065831),981.77,1687.8,2674.87,4194.62,6573.34,1021.43,1688.48,2773.25,4295.78,6773.54
006f100000d7aylAAA,1013542,Rwanda,Rwanda - Nyabununi - 1013542,Identified,Requested,11/5/18,Western Province,Karongi,Gitesi,Gasharu village- Rwintare village ( both in Gasharu cell ),Nyabununi,Nyabahanga river,Rwanda Full Scale Research - Randomized but Not Baselined,,Project Assessment - 2018.9.22,-2.13809,29.4254,,http://www.worldpop.org.uk/data/summary?doi=10.5258/SOTON/WP00539,3551.0,23747.0,Gasharu,545.0,Rwintare,645.0,Kirambo,458.0,Buye,523.0,Nyaruvumu,752.0,,,9/22/18,,,,,,,,,POINT (436085.3702708769 4763592.82970905),892.37,2102.37,4817.68,6803.31,8934.26,903.22,2139.18,4730.52,6939.72,9039.88
006f100000d7ayvAAA,1013543,Rwanda,Rwanda - Nyarubuye - 1013543,Rejected,Technical,11/5/18,Western Province,Karongi,Gitesi,Gahigiro village ( Munanira cell ) - Nyarubuye village ( Ruhinga cell),Nyarubuye,Nyabahanga,,,Project Assessment - 2018.9.22,-2.10774,29.42038,,http://www.worldpop.org.uk/data/summary?doi=10.5258/SOTON/WP00539,5462.0,36371.0,Gahigiro village,852.0,Nyarubuye village,845.0,Munanira village,782.0,Gasayo village,973.0,Nyarucyamo village,852.0,,,9/22/18,,,,,,,,,POINT (435525.70267269696 4766948.432173626),2218.36,3874.31,6921.75,12259.47,16812.01,2235.61,4039.49,6995.66,12575.51,17341.64
006f100000d7az0AAA,1013544,Rwanda,Rwanda - Kamuhenja - 1013544,Rejected,Technical,11/5/18,Western Province,Karongi,Gitesi,Gasayo village - Nyamiyaga village (both are in Ruhinga cell ),Kamuhenja,Cyahafi river,,,Project Assessment - 2018.9.22,-2.1067,29.42296,,http://www.worldpop.org.uk/data/summary?doi=10.5258/SOTON/WP00539,5330.0,36999.0,Gasayo,963.0,Nyamiyaga,888.0,Muvungu,679.0,,0.0,,0.0,,,9/22/18,,,,,,,,,POINT (435812.65733834385 4767063.531884374),2180.38,3892.68,6687.86,11868.61,16988.64,2208.71,4038.68,6832.36,12187.24,17608.56
006f100000d7azAAAQ,1013545,Rwanda,Rwanda - Rukombe - 1013545,Rejected,Technical,11/5/18,Western Province,Karongi,Gitesi,Kirambo village ( Kirambo cell ) - Nyarubuye village ( Ruhinga cell ),Rukombe,Nyabahanga,,,Project Assessment - 2018.9.22,-2.11248,29.42269,,http://www.worldpop.org.uk/data/summary?doi=10.5258/SOTON/WP00539,4852.0,34367.0,Kirambo village,1258.0,Gahigiro village,854.0,Nyarubuye village,858.0,Gasayo village,694.0,Muramba village,850.0,,,9/22/18,,,,,,,,,POINT (435782.85978142975 4766424.424091933),2228.98,3786.73,6590.66,10789.42,15365.72,2282.17,3855.23,6765.77,11029.96,15783.09
006f100000d7azFAAQ,1013546,Rwanda,Rwanda - Gasuma - 1013546,Rejected,Technical,11/10/18,Western Province,Karongi,Gitesi,Nyabikati village ( Ruhinga cell ) - Gasharu village ( Gasharu cell ),Gasuma,Gasuma river,,,Project Assessment - 2018.9.22,-2.12787,29.43396,,http://www.worldpop.org.uk/data/summary?doi=10.5258/SOTON/WP00539,4029.0,28645.0,Nyabikati,859.0,Gasharu,1251.0,,0.0,,0.0,,0.0,,,9/22/18,,,,,,,,,POINT (437037.14276982803 4764723.2105008215),1731.19,2839.14,4457.76,6787.92,9514.37,1767.42,2887.9,4537.32,6893.43,9701.19
006f100000d7azPAAQ,1013548,Rwanda,Rwanda - Nyarukeri - 1013548,Rejected,Technical,11/5/18,Western Province,Karongi,Gitesi,Kanyami village - Nyarukeri village ( both in Gasharu cell ),Nyarukeri,Rubindi,,,Project Assessment - 2018.9.22,-2.14404,29.43463,,http://www.worldpop.org.uk/data/summary?doi=10.5258/SOTON/WP00539,3458.0,23392.0,Nyarukeri village,1245.0,Kinyami village,839.0,Karwiru village,913.0,Nyaruvumu village,761.0,Rurumbu village,628.0,,,9/22/18,,,,,,,,,POINT (437112.3295060636 4762935.318257922),964.31,1870.58,2978.39,4211.92,7357.34,949.8,1904.07,3056.05,4308.61,7396.45
006f100000d7azUAAQ,1013549,Rwanda,Rwanda - Kwarushishi - 1013549,Rejected,Technical,11/5/18,Western Province,Karongi,Gitesi,Ruhondo village ( Ruhinga cell ) - kigarama village (Gitega cell ),Kwarushishi,Gisuma,,,Project Assessment - 2018.9.22,-2.12657,29.45745,,http://www.worldpop.org.uk/data/summary?doi=10.5258/SOTON/WP00539,4200.0,28160.0,Ruhondo,890.0,Rubatura,752.0,,0.0,,0.0,,0.0,,,9/22/18,,,,,,,,,POINT (439650.05751238373 4764867.889760238),608.14,1087.95,2228.95,4842.39,7929.22,608.14,1094.85,2298.28,4974.67,8061.36
006f100000d7azZAAQ,1013550,Rwanda,Rwanda - Gakoma - 1013550,Rejected,Technical,11/5/18,Western Province,Karongi,Gitesi sector,Muvungu village - Kamihaho village ( both village are in Gitega cell ),Gakoma,Kavungu,,,Project Assessment - 2018.9.22,-2.108,29.44281,,http://www.worldpop.org.uk/data/summary?doi=10.5258/SOTON/WP00539,5240.0,35489.0,Muvungu,850.0,Kamihaho,856.0,,0.0,,0.0,,0.0,,,9/22/18,,,,,,,,,POINT (438020.8048842368 4766920.594382659),1407.2,2713.82,4775.79,8201.73,12647.2,1440.77,2761.06,4947.8,8457.48,12873.52
006f100000d7azeAAA,1013551,Rwanda,Rwanda - Gisiza - 1013551,Rejected,Technical,11/5/18,Western Province,Karongi,Gitesi,Kirambo village ( Kirambo cell ) - Gahigiro village ( munanira cell),Gisiza,Nkomane,,,Project Assessment - 2018.9.22,-2.11251,29.41945,,http://www.worldpop.org.uk/data/summary?doi=10.5258/SOTON/WP00539,5187.0,33993.0,Kirambo,895.0,Gahigiro,1288.0,Buye,546.0,Kinama,860.0,Nyarucyamo,764.0,,,9/22/18,,,,,,,,,POINT (435422.446921262 4766420.972736102),2040.81,3997.12,6846.95,11120.12,15537.12,2079.02,4082.64,6918.25,11448.81,15996.67
006f100000d7azjAAA,1013552,Rwanda,Rwanda - Karambo - 1013552,Rejected,Technical,11/5/18,Western Province,Karongi,Gitesi,Nyarusange village ( Kirambo cell ) - Gahigiro village ( Munanira cell ),Karambo,Nkomane,,,Project Assessment - 2018.9.22,-2.11217,29.41652,,http://www.worldpop.org.uk/data/summary?doi=10.5258/SOTON/WP00539,5510.0,33782.0,Nyarusange,578.0,Gahigiro,645.0,Nyarubuye,856.0,,0.0,,0.0,,,9/22/18,,,,,,,,,POINT (435096.50260319124 4766458.444652786),1770.43,4318.04,7807.96,10943.54,15548.17,1797.56,4365.41,7933.7,11213.56,16079.31
006f100000d7azoAAA,1013553,Rwanda,Rwanda - Gisiza Ya Ruhinga - 1013553,Rejected,Technical,11/5/18,Western Province,Karongi,Gitesi sector,Nyarubuye village- Muramba village ( both are in Ruhinga cell ),Gisiza Ya Ruhinga,Gahororo,,,Project Assessment - 2018.9.22,-2.11589,29.4245,,http://www.worldpop.org.uk/data/summary?doi=10.5258/SOTON/WP00539,4562.0,33022.0,Nyarubuye,852.0,Muramba,853.0,Nyaruvumu,842.0,Nyabikati,783.0,Gasharu,693.0,,,9/22/18,,,,,,,,,POINT (435984.3418538755 4766047.453935609),1974.78,3632.96,6301.58,9820.24,13944.52,1991.74,3766.66,6410.39,10072.48,14332.4
006f100000d7azyAAA,1013554,Rwanda,Rwanda - Nyakibyeyi - 1013554,Rejected,Technical,11/10/18,Western Province,Karongi,Gitesi,Nemba village ( kanunga cell ) - Nyabigugu village ( Munanira cell ),Nyakibyeyi,Ruhundo,,,Project Assessment - 2018.9.22,-2.09586,29.3907,,http://www.worldpop.org.uk/data/summary?doi=10.5258/SOTON/WP00539,6916.0,40895.0,Nemba,524.0,Nyabigugu,964.0,Bwishyura,964.0,Nyabitare,679.0,,0.0,,,9/22/18,,,,,,,,,POINT (432223.59997122205 4768260.7556246575),2255.91,4846.97,8785.61,13242.22,18215.39,2264.52,4838.92,8944.69,13716.53,18819.95
006f100000d7b03AAA,1013555,Rwanda,Rwanda - Kamihaho - 1013555,Identified,Requested,12/31/18,Western Province,Karongi,Gitesi,Kamihaho village - Muvungu village (both in Gitega cell ),Kamihaho,Kavungu,Rwanda Full Scale Research - Randomized but Not Baselined,,Project Assessment - 2018.9.22,-2.09757,29.4337,,http://www.worldpop.org.uk/data/summary?doi=10.5258/SOTON/WP00539,6466.0,40415.0,Kamihaho,1578.0,Muvungu,854.0,Nyagasozi,694.0,Bugoberi,874.0,,0.0,,,9/22/18,,,,,,,,,POINT (437007.0002144819 4768073.475423724),1624.53,3540.94,6891.05,11651.21,17958.93,1646.44,3538.65,7062.27,11891.99,18383.59
006f100000d7jE1AAI,1013712,Rwanda,Rwanda - Ryashyomba - 1013712,Rejected,Technical,11/11/18,Western Province,Karongi,Gitesi,Nzabuhara village ( Kirambo cell ) - Nyarucyamo village ( Munanira cell ),Ryashyomba,Nkomane,,,Project Assessment - 2018.9.28,-2.12346,29.40763,,http://www.worldpop.org.uk/data/summary?doi=10.5258/SOTON/WP00539,4091.0,28784.0,Nzabuhara,785.0,Nyarucyamo,854.0,Nyarusange,578.0,Buye,800.0,Rwintare,890.0,,,9/28/18,,,,,,,,,POINT (434108.0637897635 4765209.727806626),1613.17,3480.97,5902.86,9422.15,12598.78,1694.5,3554.26,5989.57,9569.79,12803.02
006f100000d7jEBAAY,1013713,Rwanda,Rwanda - Kamatabaro - 1013713,Rejected,Technical,11/5/18,Western Province,Karongi,Gitesi - Rugabano,Karwiru village ( Rwariro cell ) - Rwungu village ( Rwungu cell ),Kamatabaro,Ruyove,,,Project Assessment - 2018.9.28,-2.14826,29.46926,,http://www.worldpop.org.uk/data/summary?doi=10.5258/SOTON/WP00539,4087.0,27352.0,Karwiru,968.0,Rwungu,524.0,Rurumbu,968.0,Rusekera,870.0,Nyabikenke,587.0,,,9/28/18,,,,,,,,,POINT (440964.59637420235 4762470.093357324),1063.79,2074.55,2785.62,3907.81,5429.34,1122.37,2125.59,2884.87,4041.64,5565.46
006f100000d7jEGAAY,1013714,Rwanda,Rwanda - Senga - 1013714,Rejected,Technical,11/10/18,Western Province,Karongi,Gitesi - Rubengera,Senga village ( Gitega cell ) - Kigarama village ( Bubazi cell ),Senga,Sedongo,,,Project Assessment - 2018.9.28,-2.0824,29.4245,,http://www.worldpop.org.uk/data/summary?doi=10.5258/SOTON/WP00539,9277.0,46541.0,Senga,875.0,Kigarama,994.0,Bugobera,789.0,Kamihaho,983.0,Muvungu,688.0,,,9/28/18,,,,,,,,,POINT (435982.979424798 4769750.453555808),2726.32,7327.44,12501.89,18081.91,25476.49,2790.07,7453.11,12968.17,18740.62,26205.45
006f100000d7jEaAAI,1013718,Rwanda,Rwanda - Karambi - 1013718,Complete,In Service,7/1/23,Western Province,Karongi,Gitesi,Gisasa village- Burega village ( both in Nyamiringa cell ),Karambi,Gisuma river,Rwanda Full Scale Research - Randomized but Not Baselined,,Project Assessment - 2018.9.28,-2.15214,29.41315,,http://www.worldpop.org.uk/data/summary?doi=10.5258/SOTON/WP00539,3132.0,23445.0,Gisasa,964.0,Burega,785.0,Rukore,645.0,Nzabuhara,1085.0,Rwintare village,1082.0,,,9/28/18,,,,,,,,,POINT (434723.31113828975 4762038.797539265),606.13,1839.52,3549.16,5772.84,9734.94,561.94,1741.1,3527.4,5783.77,9698.71
006f100000d7jEfAAI,1013719,Rwanda,Rwanda - Mburabuturo - 1013719,Rejected,Technical,11/5/18,Western Province,Karongi,Rwankuba,Mahembe village (Nyakamira cell ) -Himbo village ( Rubumba cell ),Mburabuturo,Gatare river,Rwanda Full Scale Research - Randomized and Lost,,Project Assessment - 2018.9.28,-2.18978,29.42021,,http://www.worldpop.org.uk/data/summary?doi=10.5258/SOTON/WP00539,5298.0,25166.0,Himbo,1354.0,Mahembe,1259.0,Gishwati,528.0,Kigarama,693.0,Rucura,850.0,,,9/28/18,,,,,,,,,POINT (435510.23384244466 4757877.22438412),1170.2,2571.19,4250.91,6992.16,10670.97,1166.71,2586.8,4248.07,7082.81,10815.6
006f100000d7jEkAAI,1013720,Rwanda,Rwanda - Karambo - 1013720,Rejected,Technical,11/5/18,Western Province,Karongi,Rwankuba - Mutuntu,Mahembe village ( Nyakamira cell ) - Kivumu village ( Kivumu cell ),Karambo,Rugamira river,,,Project Assessment - 2018.9.28,-2.18681,29.42727,,http://www.worldpop.org.uk/data/summary?doi=10.5258/SOTON/WP00539,5012.0,24083.0,Mahembe,857.0,Rucura,546.0,Kivumu,645.0,Musango,697.0,Nyarushekera,979.0,,,9/28/18,,,,,,,,,POINT (436295.4153572228 4758205.9202213995),1197.07,2521.99,4794.13,7894.91,10450.49,1194.81,2558.9,4803.94,7976.2,10512.02
006f100000d7wXTAAY,1013772,Rwanda,Rwanda - Mubahayo - 1013772,Rejected,Technical,11/5/18,Western Province,Karongi,Rwankuba - Mutuntu,Musango village (Nyakamira cell )- Kivumu village ( Byogo cell ),Mubahayo,Rugamira river,,,Project Assessment - 2018.10.6,-2.18591,29.43513,,http://www.worldpop.org.uk/data/summary?doi=10.5258/SOTON/WP00539,4557.0,24295.0,Musango,720.0,Mahembe,850.0,Gasenyi,697.0,Kivumu,884.0,Rugogo,851.0,,,10/6/18,,,,,,,,,POINT (437169.67198180937 4758305.764628074),1188.52,3213.34,5366.66,7636.31,9809.48,1199.58,3122.03,5436.11,7643.26,9963.52
006f100000d7wXYAAY,1013773,Rwanda,Rwanda - Agakomeye - 1013773,Identified,Requested,12/31/18,Western Province,Karongi,Rwankuba sector,Mahembe village - Nyarushekera village ( both are in Nyakamira cell ),Agakomeye,Gatare,Rwanda Full Scale Research - Randomized but Not Baselined,,Project Assessment - 2018.10.6,-2.17593,29.42192,,http://www.worldpop.org.uk/data/summary?doi=10.5258/SOTON/WP00539,4324.0,23608.0,Mahembe,800.0,Rukore,758.0,Nyarushekera,456.0,Kivumu,875.0,Kigarama,996.0,,,10/6/18,,,,,,,,,POINT (435699.8542909091 4759408.698947934),1115.63,3041.4,5061.03,7001.09,10462.5,1115.28,3016.45,5086.35,7079.03,10504.91
006f100000d7wXdAAI,1013774,Rwanda,Rwanda - Nyakamira - 1013774,Identified,Requested,11/5/18,Western Province,Karongi,Rwankuba,Nyamushekera village -Mahembe village ( both in Nyakamira cell ),Nyakamira,Ruhorobero,Rwanda Full Scale Research - Randomized but Not Baselined,,Project Assessment - 2018.10.6,-2.17507,29.42564,,http://www.worldpop.org.uk/data/summary?doi=10.5258/SOTON/WP00539,4273.0,23648.0,Nyarushekera village,720.0,Mahembe village,875.0,Himbo,657.0,Rukore,548.0,Musango,785.0,,,10/6/18,,,,,,,,,POINT (436113.60964092554 4759503.947496137),1457.36,2911.13,4480.43,7543.07,9737.18,1449.62,2941.4,4426.17,7610.61,9897.52
006f100000d7wXiAAI,1013775,Rwanda,Rwanda - Ryampande - 1013775,Rejected,Technical,11/10/18,Western Province,Karongi,Rwankuba sector,Nyarushekera village ( Nyakamira cell ) - Ryampande village ( Rubumba cell ),Ryampande,Gatenga,,,Project Assessment - 2018.10.6,-2.16427,29.41347,,http://www.worldpop.org.uk/data/summary?doi=10.5258/SOTON/WP00539,3081.0,24160.0,Nyarushekera village,720.0,Ryampande village,646.0,Himbo village,7845.0,Nyamiringa village,796.0,,0.0,,,10/6/18,,,,,,,,,POINT (434759.42380219366 4760697.589741021),1125.85,2340.2,4212.14,7065.92,11010.92,1134.8,2283.22,4183.9,7071.82,11179.44
006f100000d7wXsAAI,1013776,Rwanda,Rwanda - Matyazo - 1013776,Complete,In Service,5/27/22,Western Province,Karongi,Rubengera sector,Kagarama village ( Kibirizi cell ) - Matyazo village ( Burunga cell ),Matyazo,Musogoro,Rwanda Full Scale Research - Randomized but Not Baselined,,Project Assessment - 2018.10.6,-2.06165,29.39508,,http://www.worldpop.org.uk/data/summary?doi=10.5258/SOTON/WP00539,7840.0,46945.0,Kagarama,852.0,Matyazo,872.0,Twimbogo,685.0,Majuri,796.0,Ruyenzi,611.0,,,10/6/18,,,,,,,,,POINT (432709.385413191 4772043.573799493),2404.3,6343.86,11576.7,20190.02,29452.1,2477.67,6593.14,11928.1,20849.84,30556.91
006f100000d7wXxAAI,1013777,Rwanda,Rwanda - Kucyarwamo - 1013777,Cancelled,,12/30/24,Western Province,Karongi,Rubengera sector,Kagarama village ( Kibirizi cell ) - Kabeza village ( Ruragwe cell ),Kucyarwamo,Musogoro,Rwanda Full Scale Research - Randomized and Baselined - Intervention,,Project Assessment - 2018.10.6,-2.06358,29.39742,,http://www.worldpop.org.uk/data/summary?doi=10.5258/SOTON/WP00539,8431.0,45450.0,Kabeza,854.0,Kagarama,694.0,Rutabo,976.0,,0.0,,0.0,,,10/6/18,,,,,,,,,POINT (432969.7747952166 4771830.270843734),2837.18,7094.33,12299.71,21270.61,30611.96,2864.35,7264.87,12766.33,22153.54,31887.5
006f100000d7wY2AAI,1013778,Rwanda,Rwanda - Nyagasozi - 1013778,Rejected,Technical,11/5/18,Western Province,Karongi,Rubengera sector,Nyagasozi village - Nyagatovu village ( both are in Ruragwe cell ),Nyagasozi,Gahama,,,Project Assessment - 2018.10.6,-2.08015,29.4189,,http://www.worldpop.org.uk/data/summary?doi=10.5258/SOTON/WP00539,9654.0,46921.0,Nyagasozi,876.0,Nyagatovu,650.0,Bunyankungu,848.0,Muvungu,555.0,Kigarama,8454.0,,,10/6/18,,,,,,,,,POINT (435359.93800696766 4769999.008461218),3655.93,8518.48,12787.72,19804.0,28095.49,3693.19,9026.98,13332.03,20485.82,28878.35
006f100000d7wY7AAI,1013779,Rwanda,Rwanda - Kigarama - 1013779,Rejected,Technical,11/5/18,Western Province,Karongi,Rugabano sector - Gitesi Sector,Kigarama village ( kabuga cell ) - bugoberi village ( Gitega cell ),Kigarama,Gasumo,,,Project Assessment - 2018.10.6,-2.0924,29.44834,,http://www.worldpop.org.uk/data/summary?doi=10.5258/SOTON/WP00539,7056.0,39048.0,Kigarama,978.0,Bugoberi,908.0,Migina,948.0,Karambo,546.0,Nyagasozi,646.0,,,10/6/18,,,,,,,,,POINT (438635.34661153454 4768645.7030846095),1546.99,3915.62,6684.01,9646.74,13360.69,1565.2,3979.0,6706.22,9704.95,13623.47
006f100000d7wYHAAY,1013780,Rwanda,Rwanda - Gisiza - 1013780,Rejected,Technical,11/5/18,Western Province,Karongi,Rugabano sector - Rubengera sector,Bihembe village ( kabuga cell. ) - kibande village ( gitwa cell ),Gisiza,Musogoro,,,Project Assessment - 2018.10.6,-2.08381,29.45655,,http://www.worldpop.org.uk/data/summary?doi=10.5258/SOTON/WP00539,6133.0,38261.0,Bihembe,546.0,Gitwa,679.0,Mukimba,857.0,Kigarama,672.0,Migina,782.0,,,10/6/18,,,,,,,,,POINT (439548.29662245896 4769595.815363884),1267.02,3220.03,5937.75,9604.36,14250.61,1227.26,3257.72,5962.32,9693.2,14376.53
006f100000d7wYMAAY,1013781,Rwanda,Rwanda - Ntarabana - 1013781,Rejected,Technical,11/5/18,Western Province,Karongi,Rugabano sector - Gashari sector,Rubona village ( Gisiza cell ) - Ntarabana village ( Birambo cell),Ntarabana,Karehe,,,Project Assessment - 2018.10.6,-2.13355,29.5053,,http://www.worldpop.org.uk/data/summary?doi=10.5258/SOTON/WP00539,5135.0,30927.0,Rubona,751.0,Ntarabana,508.0,Musasa,609.0,Kagangare,730.0,Kabasare,720.0,,,10/6/18,,,,,,,,,POINT (444972.9856400938 4764097.906757848),888.0,2156.88,4400.5,7149.03,9799.86,943.94,2215.7,4494.06,7303.73,9964.22
006f100000d7wYRAAY,1013782,Rwanda,Rwanda - Rubona - 1013782,Rejected,Technical,11/5/18,Western Province,Karongi,Rugabano sector,Rubona village ( Gisiza cell ) - Kabuye village ( Rwungo cell ),Rubona,Kadahokwa,,,Project Assessment - 2018.10.6,-2.13374,29.50472,,http://www.worldpop.org.uk/data/summary?doi=10.5258/SOTON/WP00539,5084.0,30961.0,Rubona,751.0,Kabuye,946.0,Gitwa,945.0,Kamina,548.0,Rugabano,578.0,,,10/6/18,,,,,,,,,POINT (444908.4755911861 4764076.87791504),884.02,2133.7,4277.61,7127.01,9798.35,931.45,2200.94,4460.7,7250.7,9925.36
006f100000d7wYWAAY,1013783,Rwanda,Rwanda - Nyamwenda - 1013783,Rejected,Technical,11/5/18,Western Province,Karongi,Rugabano Sector,Wurugogwe - Kirabo ( both are in Tyazo cell ),Nyamwenda,Gisuma,,,Project Assessment - 2018.10.6,-2.1213,29.48652,,http://www.worldpop.org.uk/data/summary?doi=10.5258/SOTON/WP00539,4784.0,31306.0,Kirabo,780.0,Wurugogwe,978.0,Karambi,845.0,Gitega,994.0,Bubazi,604.0,,,10/6/18,,,,,,,,,POINT (442883.52228440146 4765451.695278699),943.44,2214.36,3687.74,5739.76,8407.51,948.25,2219.47,3771.23,5838.35,8568.76
006f100000d7wYgAAI,1013784,Rwanda,Rwanda - Nyakabingo - 1013784,Rejected,Vehicular Bridge Required,11/30/18,Western Province,Karongi,Rugabano sector,Wurugogwe - Kirabo,Nyakabingo,Gisuma,,,Project Assessment - 2018.10.6,-2.12557,29.48183,,http://www.worldpop.org.uk/data/summary?doi=10.5258/SOTON/WP00539,4926.0,30703.0,Wurugogwe,987.0,,0.0,,0.0,,0.0,,0.0,,,10/6/18,,,,,,,,,POINT (442361.97842530685 4764979.390585389),1016.22,1819.01,3436.45,5517.47,8163.18,1022.25,1867.45,3520.67,5655.81,8285.16
006f100000d7wYlAAI,1013785,Rwanda,Rwanda - Kabyaza - 1013785,Rejected,Technical,11/14/18,Western Province,Karongi,Rugabano sector,Winzira village ( Tyazo cell ) - Kabyaza village ( Gitega cell ),Kabyaza,Mwangahabu,,,Project Assessment - 2018.10.6,-2.11554,29.47351,,http://www.worldpop.org.uk/data/summary?doi=10.5258/SOTON/WP00539,5555.0,30522.0,Kabyaza,1242.0,Winzira,978.0,Ruhinga cell,4987.0,Gitega cell,3857.0,,0.0,,,10/6/18,,,,,,,,,POINT (441436.1101199225 4766088.088980402),1300.65,2615.04,4584.16,6184.15,8624.22,1321.37,2621.77,4672.5,6272.48,8736.63
006f100000d7wYqAAI,1013786,Rwanda,Rwanda - Kamonyo - 1013786,Identified,Requested,11/5/18,Western Province,Karongi,Rugabano sector - Gashari sector,Gasharu village ( Rwungo cell ) - Nyabikenke village ( Birambo cell ),Kamonyo,Makambazi river,Rwanda Full Scale Research - Randomized but Not Baselined,,Project Assessment - 2018.10.6,-2.1484,29.48612,,http://www.worldpop.org.uk/data/summary?doi=10.5258/SOTON/WP00539,4279.0,28428.0,Gasharu,875.0,Nyabikenke,1180.0,Gashari,697.0,Kabirizi,857.0,Kabuye,609.0,,,10/6/18,,,,,,,,,POINT (442840.02860231715 4762455.254549031),793.55,1665.1,3327.78,5873.35,8408.07,830.92,1735.29,3387.06,5987.24,8581.21
006f100000d888bAAA,1013862,Rwanda,Rwanda - Rukoro - 1013862,Rejected,Technical,11/15/18,Western Province,Karongi,Ruganda,Kinyovu(Bizitiro),Rukoro,Munaba,,,Project Assessment - 2018.10.14,-2.19868,29.4931,,http://www.worldpop.org.uk/data/summary?doi=10.5258/SOTON/WP00539,4019.0,24621.0,Bizitiro,748.0,Kanyegenyege,860.0,Kabaranda,662.0,,0.0,,0.0,,,10/14/18,,,,,,,,,POINT (443618.3148462931 4756896.096510192),1047.4,2039.16,3824.35,7242.85,10734.18,1067.03,2091.15,3918.73,7600.94,10971.18
006f100000d888lAAA,1013864,Rwanda,Rwanda - Nyabikenke - 1013864,Rejected,Vehicular Bridge Required,11/30/18,Western Province,Karongi,Bwishyura,Nyabikenke village ( burumba cell ),Nyabikenke,Kiruhura,,,Project Assessment - 2018.10.14,-2.07676,29.38212,,http://www.worldpop.org.uk/data/summary?doi=10.5258/SOTON/WP00539,5479.0,47791.0,Nyabikenke,1120.0,,0.0,,0.0,,0.0,,0.0,,,10/14/18,,,,,,,,,POINT (431268.32475013146 4770372.290678184),2363.39,4080.32,7429.72,12399.83,18014.94,2378.76,4162.61,7530.59,12702.24,18638.66
006f100000d888qAAA,1013865,Rwanda,Rwanda - KwaJackson - 1013865,Rejected,Technical,11/5/18,Western Province,Karongi,Bwishyura,Gisayo village ( gasura cell ) - Nyegabo village ( kiniha cell ),KwaJackson,Gisayo,,,Project Assessment - 2018.10.14,-2.06989,29.342,,http://www.worldpop.org.uk/data/summary?doi=10.5258/SOTON/WP00539,14557.0,26001.0,Gisayo,747.0,Nyagahinga,846.0,Nyegabo,545.0,,0.0,,0.0,,,10/14/18,,,,,,,,,POINT (426804.95346525166 4771130.11942463),6287.51,11991.35,14602.52,18263.71,20901.41,6412.97,12164.74,14756.65,18381.22,21211.61
006f100000d8890AAA,1013867,Rwanda,Rwanda - Kagarama - 1013867,Complete,In Service,2/18/22,Western Province,Karongi,Mubuga sector,Kagarama village ( kagabiro cell )- jurwe village ( ryaruhanga cell ),Kagarama,Kiraro river,Rwanda Full Scale Research - Randomized and Baselined - Intervention,,Project Assessment - 2018.10.14,-2.13838,29.33504,,http://www.worldpop.org.uk/data/summary?doi=10.5258/SOTON/WP00539,11928.0,44076.0,Kagarama,997.0,Jurwe,807.0,Rubazo,970.0,Gahabwe village,508.0,Kinyege,604.0,,,10/14/18,,,,,,,,,POINT (426033.9247319517 4763556.70714196),871.93,3179.3,9402.15,14252.05,19298.07,864.9,3207.0,9474.73,14349.48,19514.74
006f100000d8895AAA,1013868,Rwanda,Rwanda - Muryaruzigura - 1013868,Rejected,Technical,11/5/18,Western Province,Karongi,Gishyita,Gitovu village ( Cyanya cell ) - Gitwa village ( Kigarama cell ),Muryaruzigura,Magarama,,,Project Assessment - 2018.10.14,-2.16278,29.28921,,http://www.worldpop.org.uk/data/summary?doi=10.5258/SOTON/WP00539,4995.0,27625.0,Gitovu,700.0,Mpatsi,730.0,Magarama,580.0,Gatare,794.0,Gitwa,1100.0,,,10/14/18,,,,,,,,,POINT (420937.0783655178 4760856.434141582),2226.56,4378.41,6935.39,10134.63,14663.81,2242.33,4502.03,7073.71,10146.89,14751.03
006f100000d889AAAQ,1013869,Rwanda,Rwanda - Bizitiro - 1013869,Rejected,Technical,11/10/18,Western Province,Karongi,Ruganda,Kinyovu(Bizitiro),Bizitiro,Kunini,,,Project Assessment - 2018.10.14,-2.19785667,29.496655,,http://www.worldpop.org.uk/data/summary?doi=10.5258/SOTON/WP00539,3780.0,24831.0,Bizitiro,748.0,Kanyegenyege,860.0,Kabaranda,662.0,,0.0,,0.0,,,10/14/18,,,,,,,,,POINT (444013.71144276316 4756987.265143123),1262.37,2264.45,3767.51,6541.81,10323.13,1246.64,2271.49,3828.44,6738.5,10571.26
006f100000d889FAAQ,1013870,Rwanda,Rwanda - Gatare - 1013870,Rejected,Social,12/31/18,Western Province,Karongi,Ruganda,Kinyovu(Bizitiro),Gatare,Gatare,,,Project Assessment - 2018.10.14,,,55.0,,,,Hhhh,55.0,,0.0,,0.0,,0.0,,0.0,,,10/14/18,,,,,,,,,POINT (Infinity Infinity),,,,,,,,,,
006f100000d889KAAQ,1013871,Rwanda,Rwanda - Rwagisasa - 1013871,Rejected,Technical,11/5/18,Western Province,Karongi,Gishyita,Kibaya village and kimbo village - Rwagisasa village ( both village are in Musasa cell ),Rwagisasa,Nyakabingo,,,Project Assessment - 2018.10.14,-2.14492,29.30137,,http://www.worldpop.org.uk/data/summary?doi=10.5258/SOTON/WP00539,6365.0,29502.0,Rwagisasa,810.0,Kibaya,854.0,Kimbo,697.0,Kamunungu,785.0,Musebeya,697.0,,,10/14/18,,,,,,,,,POINT (422288.827945178 4762831.8964983085),2053.42,5088.91,9275.98,12463.13,16592.62,2026.86,5090.66,9378.52,12543.72,16547.98
006f100000d889UAAQ,1013872,Rwanda,Rwanda - Gahinga - 1013872,Rejected,Technical,11/5/18,Western Province,Karongi,Gishyita sector,Mboneko village,Gahinga,Murunga,,,Project Assessment - 2018.10.14,-2.11586,29.26521,,http://www.worldpop.org.uk/data/summary?doi=10.5258/SOTON/WP00539,4625.0,18151.0,Mboneko,978.0,Buhoro,979.0,Tura,848.0,Gisoro,975.0,,0.0,,,10/14/18,,,,,,,,,POINT (418264.87088669004 4766043.290195006),2587.22,3907.95,5583.3,7173.32,9214.16,2619.81,4009.52,5517.9,7168.5,9200.31
006f100000d889ZAAQ,1013873,Rwanda,Rwanda - Gomba - 1013873,Identified,Requested,12/31/18,Western Province,Karongi,Bwishyura,Gomba village- Nyamigina village ( Both are in gitarama cell ),Gomba,Nyabahanga,Rwanda Full Scale Research - Randomized but Not Baselined,,Project Assessment - 2018.10.14,-2.09219,29.38608,,http://www.worldpop.org.uk/data/summary?doi=10.5258/SOTON/WP00539,6565.0,45616.0,Gomba,855.0,Nyamigina,664.0,Kirambo,978.0,Kigezi,961.0,Kivomo,979.0,,,10/14/18,,,,,,,,,POINT (431709.50878085784 4768666.350825075),2141.16,5133.51,8785.67,12504.31,18071.28,2162.55,5207.66,8977.78,12887.27,18738.64
006f100000d889eAAA,1013874,Rwanda,Rwanda - Gasharu - 1013874,Rejected,Technical,11/5/18,Western Province,Karongi,Mubuga sector,Kagarama village ( Kagabiro cell) - Buhari village ( Kagabiro cell ),Gasharu,Buhari river,,,Project Assessment - 2018.10.14,-2.12272,29.34027,,http://www.worldpop.org.uk/data/summary?doi=10.5258/SOTON/WP00539,12746.0,43856.0,Kagarama,600.0,Ruhondo,976.0,Buhari,600.0,,0.0,,0.0,,,10/14/18,,,,,,,,,POINT (426614.9625370434 4765288.517370007),1318.57,4339.08,8742.58,13684.58,17657.88,1344.62,4392.0,9083.32,13789.47,17892.17
006f100000d889yAAA,1013876,Rwanda,Rwanda - Wagati - 1013876,Rejected,Technical,11/15/18,Western Province,Karongi,Gashari,Tongati-Kinyovu(Nyagisozi-Kabaranda),Wagati,Gisuma,,,Project Assessment - 2018.10.14,-2.18942,29.507745,,http://www.worldpop.org.uk/data/summary?doi=10.5258/SOTON/WP00539,3637.0,27211.0,Nyagisozi,984.0,Kabaranda,662.0,,0.0,,0.0,,0.0,,,10/14/18,,,,,,,,,POINT (445246.95908456517 4757920.509840783),1141.96,2424.83,3774.54,5679.04,8704.8,1159.49,2445.88,3832.67,5887.93,8984.81
006f100000d88A3AAI,1013877,Rwanda,Rwanda - Kanyegenyege - 1013877,Rejected,Technical,11/11/18,Western Province,Karongi,Ruganda,Kinyovu(Kanyegenyege),Kanyegenyege,Kunini,,,Project Assessment - 2018.10.14,-2.19348,-29.49645,,http://www.worldpop.org.uk/data/summary?doi=10.5258/SOTON/WP00539,0.0,0.0,Kanyegenyege,860.0,Bizitiro,748.0,Kabaranda,662.0,,0.0,,0.0,,,10/14/18,,,,,,,,,POINT (-7793919.654992229 4518192.859434673),,,,,,,,,,
006f100000eeuu4AAA,1014345,Rwanda,Rwanda - Ruhungamiyaga - 1014345,Rejected,Technical,11/19/18,Western Province,Karongi,Murundi sector,Ruhungamiyaga village ( Kareba cell ) - Mwumba village ( Kabaya cell ),Ruhungamiyaga,Gahama,,,Project Assessment - 2018.11.18,-2.13099,29.57793,,http://www.worldpop.org.uk/data/summary?doi=10.5258/SOTON/WP00539,4184.0,29848.0,Ruhungamiyaga,847.0,Mwumba,976.0,,0.0,,0.0,,0.0,,,11/18/18,,,,,,,,,POINT (453051.9274185933 4764383.366575258),1179.97,2980.56,6082.13,8953.01,12142.18,1201.16,3184.14,6152.25,9065.15,12247.4
006f100000eeuu9AAA,1014346,Rwanda,Rwanda - Gatare - 1014346,Rejected,Technical,11/19/18,Western Province,Karongi,Murundi sector,Gishyikiro village ( Nzaratsi cell ) - Gitwa village ( Bukiro cell ),Gatare,Munzanga river,,,Project Assessment - 2018.11.18,-2.10761,29.56258,,http://www.worldpop.org.uk/data/summary?doi=10.5258/SOTON/WP00539,3896.0,27882.0,Gishyikiro,452.0,Gitwa,752.0,Remera,545.0,Nyamyumba,545.0,Kabingo,678.0,,,11/18/18,,,,,,,,,POINT (451343.7397512642 4766967.969537017),751.46,2308.77,4592.63,8455.45,12449.68,759.12,2317.65,4648.66,8520.54,12618.08
006f100000eeuuOAAQ,1014347,Rwanda,Rwanda - Kinyinya - 1014347,Rejected,Technical,11/19/18,Western Province,Karongi,Murundi sector ( Karongi district ) - Nyange sector ( Ngororero District ),Mwunguzi village ( Kamina cell ) - Ngobagoba village ( Gaseke cell),Kinyinya,Nyamitanga,,,Project Assessment - 2018.11.18,-2.07245,29.60469,,http://www.worldpop.org.uk/data/summary?doi=10.5258/SOTON/WP00539,4831.0,29244.0,Mwunguzi,665.0,Ngobagoba,454.0,Nzobe,785.0,Kiraro,646.0,Giko,555.0,,,11/18/18,,,,,,,,,POINT (456026.9312193983 4770856.7689978555),1583.95,3814.92,7158.04,10790.53,14703.24,1524.11,3807.27,7054.36,10889.18,14788.25
006f100000eeuxmAAA,1014373,Rwanda,Rwanda - Kanyarusanga - 1014373,Rejected,Technical,11/19/18,Western Province,Karongi,Rwankuba,Rubazo-Gasata(Kanyarusanga-Nyamifumba-Muhingo),Kanyarusanga,Gisuma,,,Project Assessment - 2018.11.18,-2.15347,29.35955,,http://www.worldpop.org.uk/data/summary?doi=10.5258/SOTON/WP00539,8357.0,40003.0,Rubazo cell,2479.0,Gasata cell,3269.0,,0.0,,0.0,,0.0,,,11/18/18,,,,,,,,,POINT (428761.08150842856 4761889.339014624),2780.19,5415.72,9656.59,15782.89,20135.3,2774.43,5512.1,9628.47,15713.44,20390.11
006f100000eeuxrAAA,1014374,Rwanda,Rwanda - Burwi - 1014374,Identified,Requested,12/31/18,Western Province,Karongi,Murundi- Kinihira,Kabaya-Bweramvura(Burwi-Nyagisenyi),Burwi,Nyabarongo,,,Project Assessment - 2018.11.18,-2.136568,29.5995,,http://www.worldpop.org.uk/data/summary?doi=10.5258/SOTON/WP00539,4435.0,29280.0,Bweramvura,4601.0,Kabaya cell,4800.0,,0.0,,0.0,,0.0,,,11/18/18,,,,,,,,,POINT (455451.42200342636 4763767.2616693685),1215.5,2927.92,5184.31,8218.12,12220.33,1230.81,3016.29,5263.7,8315.29,12476.88
006f100000eeuy1AAA,1014375,Rwanda,Rwanda - Nyamugari - 1014375,Identified,,6/23/23,Western Province,Karongi,MURAMBI,Shyembe-Mubuga(Nyamugari-Nyabwoma),Nyamugari,Mashyiga,Rwanda Full Scale Research - Randomized but Not Baselined,,Project Assessment - 2018.11.18,-2.155625,29.5944,,http://www.worldpop.org.uk/data/summary?doi=10.5258/SOTON/WP00539,4492.0,30213.0,Shyembe cell,3700.0,Mubuga cell,3880.0,,0.0,,0.0,,0.0,,,11/18/18,,,,,,,,,POINT (454884.68587269186 4761660.026962832),1017.87,2578.63,4733.3,7438.08,11086.89,1016.61,2602.41,4811.9,7561.91,11343.91
006f100000fHAHXAA4,1015561,Rwanda,Rwanda - Nyakabande-Bitaba - 1015561,Complete,In Service,6/18/21,Western Province,Karongi,Mubuga,Kagabiro-Ryaruhanga,Nyakabande-Bitaba,Kiraro,Rwanda Full Scale Research - Randomized and Baselined - Intervention,,Project Assessment - 2019.1.29,-2.11713,29.31672,1945.0,,5855.0,42253.0,Nyakabande,628.0,Bikenke,817.0,Gisunzu,500.0,,0.0,,0.0,,0.0,1/29/19,,0.0,,0.0,,0.0,,0.0,POINT (423994.98410972697 4765905.481092835),2053.07,3741.95,7427.92,11689.93,15807.32,2084.06,3881.57,7666.03,11838.36,16038.5
006f100000fHAHXAA4,1015561,Rwanda,Rwanda - Nyakabande-Bitaba - 1015561,Complete,In Service,6/18/21,Western Province,Karongi,Mubuga,Kagabiro-Ryaruhanga,Nyakabande-Bitaba,Kiraro,Rwanda Full Scale Research - Randomized and Baselined - Intervention,,Project Assessment - 2018.10.14,-2.11713,29.31672,,,5855.0,42253.0,Nyakabande,674.0,Bikenke,979.0,Nyabinyenga,948.0,Rwamiko,979.0,Kigabiro,701.0,,,10/14/18,,,,,,,,,POINT (423994.98410972697 4765905.481092835),2053.07,3741.95,7427.92,11689.93,15807.32,2084.06,3881.57,7666.03,11838.36,16038.5
006Ns00000WvN8lIAF,1053921,Rwanda,Rwanda - Murama - 1053921,Identified,Requested,12/31/25,Eastern Province,Kayonza,Murama,Nyakanazi,Murama,Rugazi,,,Project Pre-Assessment - 2025.3.3,-2.06813,30.579618,6157.0,,,,Rugarama,642.0,Rugazi,1376.0,Rurenge,437.0,Rebezo,501.0,Nyakanazi,1185.0,Murambi,2016.0,3/3/25,,0.0,,0.0,,0.0,,0.0,POINT (564475.6891187481 4771328.124727217),1113.88,1933.13,4582.61,8660.98,13282.44,1133.72,2005.3,4531.9,8775.21,13440.66
006Ns00000WvSbSIAV,1053923,Rwanda,Rwanda - Rucaca II - 1053923,Identified,Requested,12/31/25,Eastern Province,Kayonza,Murundi,Murundi,Rucaca II,Karuruma,,,Project Pre-Assessment - 2025.3.3,-1.747785,30.50002,11030.0,https://api.worldpop.org/v1/services/stats?,4259.12,28853.01,Kibari,840.0,Macuba,1264.0,Kayongo,1206.0,Kinyana,1284.0,Nyanga,616.0,Ubwiza,1792.0,3/3/25,Akanyerezo,705.0,Nyabugando,1045.0,Rwinyambo,1119.0,Ryamanyoni,1159.0,POINT (555631.3954079585 4806751.259665222),1990.91,4241.92,6434.13,8077.24,10006.05,2076.29,4452.59,6587.96,8183.57,10429.26
006Ns00000WvV1UIAV,1053922,Rwanda,Rwanda - Kabare - 1053922,Identified,Requested,12/31/25,Eastern Province,Kayonza,Kabare,Kirehe,Kabare,Kirehe,,,Project Pre-Assessment - 2025.3.3,-2.080389,30.678249,10791.0,,,,Rushenyi,1782.0,Kabatinya,1601.0,Kanyirabuki,948.0,Kabuhome,1216.0,Duterimbere,910.0,Rwagatera,1140.0,3/3/25,Matahiro,1072.0,Rompuwe,824.0,Gahama,874.0,Gikombe,424.0,POINT (575447.124853048 4769968.270462129),1283.61,4322.47,7159.54,11160.99,16417.88,1253.46,4399.55,7000.03,11272.37,16486.17
006f100000a86DtAAI,1007393,Rwanda,Rwanda - Gasarabwayi - 1007393,Rejected,Technical,11/11/18,Eastern Province,Kayonza,Rwinkwavu-Mwili,Nyamugari (Gasarabwayi),Gasarabwayi,Akagwena,,,Project Assessment - 2018.9.28,-1.90503,30.60191,,http://www.worldpop.org.uk/data/summary?doi=10.5258/SOTON/WP00539,3384.0,16954.0,Gasarabwayi,1873.0,Uburembo,700.0,Rugunga,482.0,Kabeza,1200.0,,0.0,,,9/27/18,,,,,,,,,POINT (566962.0697143303 4789361.280037929),3750.05,6363.4,8842.34,10970.97,13184.12,3794.51,6389.55,8921.31,11134.14,13332.18
006f100000a86DuAAI,1007394,Rwanda,Rwanda - Gahushyi - 1007394,Rejected,Technical,11/11/18,Eastern Province,Kayonza,Rwinkwavu,Mbarara,Gahushyi,Kadirindimba,,,Project Assessment - 2018.9.28,-1.97849,30.58137,,http://www.worldpop.org.uk/data/summary?doi=10.5258/SOTON/WP00539,3233.0,23835.0,Mbarara 2,500.0,Gahushyi,485.0,Mbarara 1,652.0,Mutembo,814.0,,0.0,,,9/28/18,,,,,,,,,POINT (564674.136102763 4781239.576827306),2548.05,4622.61,6526.55,9763.85,14564.66,2579.75,4762.06,6575.19,9919.96,14910.77
006f100000a86DvAAI,1007395,Rwanda,Rwanda - Akayebe - 1007395,Rejected,Technical,11/1/18,Eastern Province,Kayonza,Rwinkwavu,Nkondo,Akayebe,Rujuga,,,Project Assessment - 2018.9.28,-1.92998,30.60766,,http://www.worldpop.org.uk/data/summary?doi=10.5258/SOTON/WP00539,3648.0,19850.0,Nkondo,836.0,Nyabihare,706.0,Akayebe,365.0,,0.0,,0.0,,,9/28/18,,,,,,,,,POINT (567600.7981676958 4786602.316399986),899.32,3260.49,6789.74,11596.28,14301.71,950.52,3365.59,7059.78,11620.87,14520.26
006f100000a86DwAAI,1007396,Rwanda,Rwanda - Mutembo - 1007396,Rejected,Technical,11/5/18,Eastern Province,Kayonza,Rwinkwavu,Mbarara,Mutembo,Kadiridimba,,,Project Assessment - 2018.9.28,-1.96784,30.58284,,http://www.worldpop.org.uk/data/summary?doi=10.5258/SOTON/WP00539,3041.0,23779.0,Mutembo,814.0,Gahushyi,485.0,Mbarara 2,500.0,,0.0,,0.0,,,9/28/18,,,,,,,,,POINT (564838.0834394674 4782417.092950117),2949.34,4130.74,5072.8,8423.12,11959.78,2978.61,4156.48,5225.59,8488.34,12280.4
006f100000d7i5UAAQ,1013619,Rwanda,Rwanda - Bwingeyo - 1013619,Rejected,Vehicular Bridge Required,11/17/18,Eastern Province,Kayonza,Mukarange-Rwamagana,Mburabuturo,Bwingeyo,Kadobogo,,,Project Assessment - 2018.9.27,-1.93923,30.46986,,http://www.worldpop.org.uk/data/summary?doi=10.5258/SOTON/WP00539,4180.0,57466.0,Bwingeyo,721.0,Gasura,1760.0,Nyarusange (Rwamagana),3000.0,,0.0,,0.0,,,9/27/18,,,,,,,,,POINT (552270.1814412914 4785584.415345222),730.48,3083.43,8189.82,12770.95,19551.7,731.69,3049.15,8613.25,13253.07,20123.73
006f100000d7i74AAA,1013620,Rwanda,Rwanda - Mburabuturo - 1013620,Rejected,Technical,11/10/18,Eastern Province,Kayonza,Mukarange,Mburabuturo,Mburabuturo,Kagende,,,Project Assessment - 2018.9.27,-1.90822,30.4727,,http://www.worldpop.org.uk/data/summary?doi=10.5258/SOTON/WP00539,4884.0,50871.0,Mbuturabuturo,860.0,Gatagara,1015.0,Kinunga,1002.0,,0.0,,0.0,,,9/27/18,,,,,,,,,POINT (552587.0776882437 4789013.048811122),1995.35,5390.08,8832.9,14899.46,24210.38,2031.67,5476.9,8887.51,15441.59,24876.14
006f100000d7i95AAA,1013621,Rwanda,Rwanda - Bisiniya - 1013621,Rejected,Social,11/1/18,Eastern Province,Kayonza,Rwinkwavu,Nkondo,Bisiniya,Rujuga,,,Project Assessment - 2018.9.27,-1.95182,30.59996,,http://www.worldpop.org.uk/data/summary?doi=10.5258/SOTON/WP00539,3581.0,20630.0,Seka,678.0,Nkondo,836.0,Kinihira,687.0,Akayebe,365.0,Brigade,403.0,,,9/27/18,,,,,,,,,POINT (566743.3025065268 4784187.758965328),259.5,2778.82,7341.76,12205.19,17837.72,263.25,2670.75,7505.03,12289.71,18046.29
006f100000d7iJPAAY,1013622,Rwanda,Rwanda - Barage - 1013622,Rejected,Technical,11/5/18,Eastern Province,Kayonza,Rwinkwavu,Nkondo,Barage,Rujuga,,,Project Assessment - 2018.9.27,-1.95152,30.59912,,http://www.worldpop.org.uk/data/summary?doi=10.5258/SOTON/WP00539,3580.0,20755.0,Seka,678.0,Akayebe,365.0,Nkondo,836.0,Kinihira,687.0,Brigade,403.0,,,9/27/18,,,,,,,,,POINT (566649.8640430624 4784220.9634448355),321.42,2441.54,6902.08,11807.37,17482.15,276.19,2485.22,7053.61,11957.95,17701.48
006f100000d7j9uAAA,1013693,Rwanda,Rwanda - Nkondo - 1013693,Rejected,Social,10/31/18,Eastern Province,Kayonza,Rwinkwavu,Nkondo,Nkondo,Rujuga,,,Project Assessment - 2018.9.27,-1.9314,30.60922,,http://www.worldpop.org.uk/data/summary?doi=10.5258/SOTON/WP00539,3644.0,19801.0,Nkondo 1,836.0,Akayebe,365.0,Gihinga,564.0,Nyabihare,706.0,,0.0,,,9/27/18,,,,,,,,,POINT (567774.2949466618 4786445.24385382),1031.64,3134.05,7352.3,11062.59,14641.07,1126.06,3269.34,7447.25,11102.86,14755.54
006f100000d7jB7AAI,1013697,Rwanda,Rwanda - Murori - 1013697,Rejected,Technical,11/12/18,Eastern Province,Kayonza,Mwili,Migera,Murori,Rugege,,,Project Assessment - 2018.9.28,-1.91118,30.56047,,http://www.worldpop.org.uk/data/summary?doi=10.5258/SOTON/WP00539,3529.0,22268.0,Murori,1018.0,Kirambo 1,701.0,Nyabisindu,1152.0,,0.0,,0.0,,,9/27/18,,,,,,,,,POINT (562351.5238111623 4788682.830675624),932.03,3550.78,6631.15,9765.25,12782.39,957.1,3560.74,6874.21,9842.98,12963.12
006f100000d7jCeAAI,1013704,Rwanda,Rwanda - Kabeza - 1013704,Rejected,Technical,11/15/18,Eastern Province,Kayonza,Mwili,Nyamugari,Kabeza,Akagwena,,,Project Assessment - 2018.9.28,-1.89013,30.61139,,http://www.worldpop.org.uk/data/summary?doi=10.5258/SOTON/WP00539,1549.0,11853.0,Kabeza,1200.0,Kigarama,622.0,Gasarabwayi,1873.0,,0.0,,0.0,,,9/27/18,,,,,,,,,POINT (568017.3351868476 4791008.413112587),2037.66,4166.57,6004.24,8176.47,11577.57,2033.45,4158.12,6019.07,8401.34,11886.71
006f100000d7jCtAAI,1013705,Rwanda,Rwanda - Mutembo - 1013705,Rejected,Vehicular Bridge Required,10/31/18,Eastern Province,Kayonza,Kabare,Cyarubare,Mutembo,Gishanda,,,Project Assessment - 2018.9.28,-1.96456,30.66115,,http://www.worldpop.org.uk/data/summary?doi=10.5258/SOTON/WP00539,1715.0,12029.0,Mutembo,1111.0,Rwabarema,782.0,Umuyenzi,376.0,,0.0,,0.0,,,9/27/18,,,,,,,,,POINT (573550.1947503451 4782776.521115007),933.99,1772.35,3694.89,5112.43,8763.7,982.45,1784.97,3696.23,5170.99,8631.85
006f100000d7jCyAAI,1013706,Rwanda,Rwanda - Kazeneza - 1013706,Rejected,Technical,11/12/18,Eastern Province,Kayonza,Kabare,Gitara,Kazeneza,Gitoma,,,Project Assessment - 2018.9.28,-2.06686,30.62524,,http://www.worldpop.org.uk/data/summary?doi=10.5258/SOTON/WP00539,3261.0,21133.0,Kazeneza,486.0,Rugunga,1376.0,,0.0,,0.0,,0.0,,,9/27/18,,,,,,,,,POINT (569550.8505221569 4771466.62446983),957.14,1996.52,3945.48,6017.78,9438.26,1019.36,2014.12,4034.71,6115.44,9418.1
006f100000d7jDNAAY,1013707,Rwanda,Rwanda - Gikombe - 1013707,Rejected,Technical,11/11/18,Eastern Province,Kayonza,Kabare,Kirehe,Gikombe,Kirehe,,,Project Assessment - 2018.9.28,-2.0901,30.65996,,http://www.worldpop.org.uk/data/summary?doi=10.5258/SOTON/WP00539,4322.0,24458.0,Gikombe,415.0,Gahama,386.0,Rompuhwe,802.0,,0.0,,0.0,,,9/28/18,,,,,,,,,POINT (573412.149735049 4768895.367796957),1000.47,2486.77,4410.99,6746.14,10180.04,1020.09,2508.66,4474.98,6701.64,10162.5
006f100000d7jDwAAI,1013711,Rwanda,Rwanda - Muhozi - 1013711,Rejected,Social,10/31/18,Eastern Province,Kayonza,Mwili,Nyawera,Muhozi,Rugege,,,Project Assessment - 2018.9.28,-1.9054,30.55323,,http://www.worldpop.org.uk/data/summary?doi=10.5258/SOTON/WP00539,3538.0,24458.0,Muhozi,983.0,Rutare,1023.0,Ryakibanda,947.0,Kirambo 1,701.0,,0.0,,,9/28/18,,,,,,,,,POINT (561546.2638626696 4789322.184200598),349.06,3029.02,5334.87,9375.59,15068.01,421.68,3038.46,5491.63,9542.65,15268.92
006f100000d7xpLAAQ,1013828,Rwanda,Rwanda - Nyagacyamo - 1013828,Rejected,Technical,11/1/18,Eastern Province,Kayonza,Ruramira,Nkamba,Nyagacyamo,Rwaruvubu,,,Project Assessment - 2018.10.8,-1.9592,30.47838,,http://www.worldpop.org.uk/data/summary?doi=10.5258/SOTON/WP00539,3514.0,42920.0,Mubuga,1111.0,Sabununga,452.0,Karambi,528.0,Gasura,742.0,Nyagacyamo,356.0,,,10/8/18,,,,,,,,,POINT (553217.3946707567 4783376.099500709),714.29,2163.01,4961.53,9128.6,15195.56,697.18,2181.88,5175.01,9516.12,15440.76
006f100000d7xpQAAQ,1013829,Rwanda,Rwanda - Karambi - 1013829,Rejected,Technical,12/31/18,Eastern Province,Kayonza,Ndego,Karambi,Karambi,Rwakigeri lake,,,Project Pre-Assessment - 2018.10.8,-2.01879,30.7448,,http://www.worldpop.org.uk/data/summary?doi=10.5258/SOTON/WP00539,814.0,4935.0,Ndego,21305.0,,0.0,,0.0,,0.0,,0.0,,,10/8/18,,,,,,,,,POINT (582853.6979358617 4776776.181797613),250.02,539.17,857.93,1203.56,2093.95,250.23,559.68,878.44,1213.77,2094.76
006f100000d7xpVAAQ,1013830,Rwanda,Rwanda - Taba - 1013830,Rejected,Vehicular Bridge Required,11/1/18,Eastern Province,Kayonza,Ruramira,Ruyonza,Taba,Byimana,,,Project Assessment - 2018.10.8,-2.00111,30.53096,,http://www.worldpop.org.uk/data/summary?doi=10.5258/SOTON/WP00539,4488.0,30323.0,Taba,999.0,Rugwagwa,1002.0,Rukomo,725.0,Gitoki,1200.0,,0.0,,,10/8/18,,,,,,,,,POINT (559065.3340296027 4778740.378131791),725.85,3382.25,5938.04,7426.56,12248.44,711.76,3336.73,5939.15,7528.53,12103.84
006f100000d7xpaAAA,1013831,Rwanda,Rwanda - Vungiro - 1013831,Rejected,Technical,11/5/18,Eastern Province,Kayonza,Rwinkwavu,Mukoyoyo,Vungiro,Gishanda,,,Project Assessment - 2018.10.8,-1.94853,30.66917,,http://www.worldpop.org.uk/data/summary?doi=10.5258/SOTON/WP00539,1456.0,8704.0,Vungiro,322.0,Umuyenzi,376.0,Rwaburara,482.0,Nyankore,999.0,Kiyovu,876.0,,,10/8/18,,,,,,,,,POINT (574443.1337798785 4784548.636560143),1566.56,3808.96,5750.67,7284.54,8546.68,1443.72,3767.01,5769.51,7508.07,8852.84
006f100000d7xq9AAA,1013832,Rwanda,Rwanda - Rucaca - 1013832,Rejected,Technical,11/10/18,Eastern Province,Kayonza,Murundi,Murundi,Rucaca,Karuruma,,,Project Assessment - 2018.10.8,-1.74771,30.50005,,http://www.worldpop.org.uk/data/summary?doi=10.5258/SOTON/WP00539,2426.0,17423.0,Rucaca,568.0,Akanyerezo,728.0,Kibari,428.0,Karambi,5000.0,Nyabugando,444.0,,,10/8/18,,,,,,,,,POINT (555634.7354507423 4806759.551412927),2000.68,4241.92,6404.31,8086.42,10006.05,2119.26,4472.23,6587.96,8183.57,10429.17
006f100000d7xqEAAQ,1013833,Rwanda,Rwanda - Ryamanyoni - 1013833,Rejected,Technical,11/5/18,Eastern Province,Kayonza,Murundi,Ryamanyoni,Ryamanyoni,Karuruma,,,Project Assessment - 2018.10.8,-1.74678,30.50085,,http://www.worldpop.org.uk/data/summary?doi=10.5258/SOTON/WP00539,2375.0,16888.0,Nyabugando,444.0,Rucaca,568.0,Akanyerezo,728.0,Karambi,5000.0,Kibari,428.0,,,10/8/18,,,,,,,,,POINT (555723.7718109946 4806862.356402095),2160.9,4636.53,6584.21,8181.04,10446.36,2253.78,4890.54,6679.81,8362.51,10693.82
006f100000d7xqJAAQ,1013834,Rwanda,Rwanda - Kanyabugore (kanyinya) - 1013834,Rejected,Technical,12/31/18,Eastern Province,Kayonza,Ndego,Isangano,Kanyabugore (kanyinya),Akagera,,,Project Assessment - 2018.10.8,-1.93163,30.79019,,http://www.worldpop.org.uk/data/summary?doi=10.5258/SOTON/WP00539,122.0,1008.0,Kanyinya,394.0,,0.0,,0.0,,0.0,,0.0,,,10/8/18,,,,,,,,,POINT (587907.9061790904 4786411.52445977),,,58.51,210.11,280.05,,,58.51,219.37,280.05
006f100000d7xuzAAA,1013835,Rwanda,Rwanda - Nyamata - 1013835,Rejected,Technical,11/12/18,Eastern Province,Kayonza,Ndego,Byimana,Nyamata,Cyanyiramuhaya,,,Project Assessment - 2018.10.9,-2.04215,30.67317,,http://www.worldpop.org.uk/data/summary?doi=10.5258/SOTON/WP00539,2443.0,16965.0,Nyamata,860.0,Kabare,38810.0,,0.0,,0.0,,0.0,,,10/8/18,,,,,,,,,POINT (574883.9072538123 4774196.687227166),615.79,2038.06,4169.21,6503.77,10177.56,623.9,1980.94,4154.74,6714.34,10234.17
006f100000d7xv4AAA,1013836,Rwanda,Rwanda - Ngoma - 1013836,Rejected,Vehicular Bridge Required,12/31/18,Eastern Province,Kayonza,Murama,Muko,Ngoma,Kabonobono,,,Project Assessment - 2018.10.9,-2.05688,30.59736,,http://www.worldpop.org.uk/data/summary?doi=10.5258/SOTON/WP00539,2924.0,20908.0,Ngoma,1086.0,Rebezo,354.0,Gihazo,450.0,Karama,622.0,Kinyinya,622.0,,,10/8/18,,,,,,,,,POINT (566449.8155699375 4772571.31341315),2119.45,2880.55,4541.9,6899.08,8091.73,2128.13,2975.51,4558.78,6995.45,8225.44
006f100000d7xv9AAA,1013837,Rwanda,Rwanda - Rebezo - 1013837,Rejected,Technical,11/14/18,Eastern Province,Kayonza,Murama,Muko,Rebezo,Kabonobono,,,Project Assessment - 2018.10.9,-2.05203,30.58818,,http://www.worldpop.org.uk/data/summary?doi=10.5258/SOTON/WP00539,3043.0,21932.0,Rebezo,354.0,Gihazo,450.0,Kinyinya,650.0,Karama,622.0,,0.0,,,10/8/18,,,,,,,,,POINT (565428.8012798936 4773107.959534005),1385.15,2562.7,4275.61,6634.63,10624.43,1409.2,2640.23,4586.81,6819.2,10752.21
006f100000d7xzLAAQ,1013838,Rwanda,Rwanda - Ku mbuga ya 1 - 1013838,Rejected,Technical,11/12/18,Eastern Province,Kayonza,Ruramira,Bugambira,Ku mbuga ya 1,Rwanyakajyugu,,,Project Assessment - 2018.10.9,-2.01049,30.48377,,http://www.worldpop.org.uk/data/summary?doi=10.5258/SOTON/WP00539,2851.0,25236.0,Buhoro,689.0,Agasharu,1009.0,Munyaga,18252.0,Ruramira not included Agasharu and buhoro,17376.0,,0.0,,,10/8/18,,,,,,,,,POINT (553815.3611114199 4777704.868568062),420.9,1881.43,4720.44,9778.62,14117.08,460.53,1963.93,4776.21,10035.28,14299.31
006f100000d7xzVAAQ,1013839,Rwanda,Rwanda - Ku mbuga ya 2 - 1013839,Rejected,Technical,11/13/18,Eastern Province,Kayonza,Ruramira,Bugambira,Ku mbuga ya 2,RWANYAKAJYUGU,,,Project Assessment - 2018.10.9,-2.01757,30.48546,,http://www.worldpop.org.uk/data/summary?doi=10.5258/SOTON/WP00539,2761.0,25546.0,Buhoro,689.0,Agasharu,1004.0,Munyaga,18252.0,Ruramira (without Agasharu and Buhoro),17376.0,,0.0,,,10/8/18,,,,,,,,,POINT (554003.1308588567 4776921.987266701),396.53,2769.1,5532.47,9734.88,13488.96,483.63,2859.4,5578.81,9972.17,13749.0
006f100000d7xzaAAA,1013840,Rwanda,Rwanda - Migera - 1013840,Rejected,Vehicular Bridge Required,11/1/18,Eastern Province,Kayonza,Rwinkwavu,Gahinga,Migera,Stormwater,,,Project Assessment - 2018.10.9,-1.92364,30.57811,,http://www.worldpop.org.uk/data/summary?doi=10.5258/SOTON/WP00539,3442.0,22189.0,Migera,951.0,,0.0,,0.0,,0.0,,0.0,,,10/8/18,,,,,,,,,POINT (564313.550527063 4787304.47671719),1047.36,2112.73,4620.25,8884.72,15220.36,1080.76,2080.93,4803.34,9160.74,15821.15
0063Z00000wbKclQAE,1042760,Rwanda,Rwanda - Nyacyonga - 1042760,Complete,In Service,6/20/23,Kigali,Kicukiro,Kagarama,Rukatsa,Nyacyonga,Nyacyonga,,,Project Assessment - 2022.11.3,-1.998487,30.107728,3000.0,https://api.worldpop.org/v1/services/stats?,36473.53,307466.91,Nyacyonga,1500.0,Nyacyonga,1500.0,,0.0,,0.0,,0.0,,0.0,11/3/22,,0.0,,0.0,,0.0,,0.0,POINT (511983.789191308 4779039.552893204),5985.53,14328.38,37035.71,70719.53,109180.94,6092.01,14423.9,36107.04,70085.05,109039.01
0063Z00000wbKclQAE,1042760,Rwanda,Rwanda - Nyacyonga - 1042760,Complete,In Service,6/20/23,Kigali,Kicukiro,Kagarama,Rukatsa,Nyacyonga,Nyacyonga,,,Project Assessment - 2018.11.26,-1.998487,30.107728,,https://api.worldpop.org/v1/services/stats?,36473.53,307466.91,Kagarama (Nyacyonga,2543.0,Karwa,528.0,,0.0,,0.0,,0.0,,,11/25/18,,,,,,,,,POINT (511983.789191308 4779039.552893204),5985.53,14328.38,37035.71,70719.53,109180.94,6092.01,14423.9,36107.04,70085.05,109039.01
0063Z0000105YGAQA2,1047167,Rwanda,Rwanda - Kibaya - 1047167,Identified,,6/30/25,Kigali,Kicukiro,Nyarugunga,Kamashashi,Kibaya,Artificial lake,,,Project Assessment - 2023.7.20,-1.995878,30.178343,6500.0,https://api.worldpop.org/v1/services/stats?,24374.39,150344.16,Nyange,1400.0,Kibaya,1600.0,Ruhanga,3500.0,,0.0,,0.0,,0.0,7/20/23,,0.0,,0.0,,0.0,,0.0,POINT (519839.1364186378 4779327.333376807),4188.47,10678.58,20009.82,34038.25,54355.42,4199.2,10992.85,20256.95,34501.72,54874.81
0063Z0000105YGKQA2,1047168,Rwanda,Rwanda - Nyabyunyu - 1047168,Identified,,6/30/25,Kigali,Kicukiro,Kanombe,Karama,Nyabyunyu,Nyabyunyu,,,Project Assessment - 2023.7.20,-2.003837,30.163028,7100.0,https://api.worldpop.org/v1/services/stats?,15930.63,147287.77,Ruhanga,1500.0,Nyabyunyu,2200.0,Gakorokombe,1800.0,Cyurusagara,1600.0,,0.0,,0.0,7/20/23,,0.0,,0.0,,0.0,,0.0,POINT (518135.3811840934 4778447.523143025),2738.66,7286.99,13198.62,24491.02,40059.25,2913.91,7464.36,13618.88,25022.88,40667.62
0063Z0000105YGUQA2,1047169,Rwanda,Rwanda - Gwiza - 1047169,Identified,,3/31/25,Kigali,Kicukiro,Gatenga,Karambo,Gwiza,Rain water,,,Project Assessment - 2023.7.20,-1.981224,30.082175,1.0,https://api.worldpop.org/v1/services/stats?,108497.02,483387.31,Gwiza,1.0,Mahoro,0.0,Kamabuye,0.0,Rugwiro,0.0,Ihuriro,0.0,,0.0,7/20/23,,0.0,,0.0,,0.0,,0.0,POINT (509141.3362627527 4780948.395089117),34312.43,67594.2,109417.83,148695.56,191809.0,35380.5,68160.93,111052.23,150315.45,193505.91
0063Z0000105YGZQA2,1047170,Rwanda,Rwanda - Nyarurama - 1047170,Complete,In Service,3/28/24,Kigali,Kicukiro,Gatenga,Nyarurama,Nyarurama,Gorge,,,Project Assessment - 2023.7.20,-2.007747,30.079832,4651.0,https://api.worldpop.org/v1/services/stats?,43829.59,294491.34,Bigo,724.0,Karembure,1200.0,Nyabikenke,745.0,Bisambu,782.0,Kabeza,1200.0,,0.0,7/20/23,,0.0,,0.0,,0.0,,0.0,POINT (508880.5531697606 4778015.901059686),9514.35,20599.13,34267.11,58152.19,89314.27,10076.65,21032.68,34989.13,58211.88,90042.08
0063Z0000105YGZQA2,1047170,Rwanda,Rwanda - Nyarurama - 1047170,Complete,In Service,3/28/24,Kigali,Kicukiro,Gatenga,Nyarurama,Nyarurama,Gorge,,,Project Assessment - 2018.11.26,-2.007747,30.079832,,https://api.worldpop.org/v1/services/stats?,43829.59,294491.34,Bigo,2575.0,Karembure,8759.0,Kabeza,2250.0,,0.0,,0.0,,,11/25/18,,,,,,,,,POINT (508880.5531697606 4778015.901059686),9514.35,20599.13,34267.11,58152.19,89314.27,10076.65,21032.68,34989.13,58211.88,90042.08
0063Z0000105YGeQAM,1047171,Rwanda,Rwanda - Nyarurama - 1047171,Identified,Requested,1/29/24,Kigali,Kicukiro,Kabeza,Nyarurama,Nyarurama,Gauge,,,Project Pre-Assessment - 2023.7.20,-2.010766,30.08207,4675.0,https://api.worldpop.org/v1/services/stats?,34755.92,271792.41,Bigo,748.0,Nyabikenke,745.0,Karembure,1200.0,Bisambu,782.0,Kabeza,1200.0,Bigo,0.0,7/20/23,,0.0,,0.0,,0.0,,0.0,POINT (509129.4928580115 4777682.093916066),10433.3,19736.52,31439.93,50521.69,76930.91,10891.34,20088.9,32032.49,50903.22,77924.9
0063Z0000105cahQAA,1047232,Rwanda,Rwanda - KABEZA - 1047232,Complete,In Service,2/14/25,Kigali,Kicukiro,Gatenga,Nyarurama,KABEZA,Gauge,,,Project Pre-Assessment - 2023.7.24,2.0105,30.08194,4651.0,https://api.worldpop.org/v1/services/stats?,35494.46,273846.62,Kabeza,1200.0,Bisambu,782.0,Nyabikenke,745.0,Bigo,724.0,Karembure,1200.0,,0.0,7/24/23,,0.0,,0.0,,0.0,,0.0,POINT (509115.0330825079 5222288.495147879),,,,79.39,146.89,,,,52.43,169.82
006Ns00000BySMUIA3,1050921,Rwanda,Rwanda - Cyeru - 1050921,Identified,Requested,12/31/24,Kigali,Kicukiro,Masaka,Rusheshe,Cyeru,Akagera,,,Project Assessment - 2024.4.4,-2.063121,30.204938,888.0,https://api.worldpop.org/v1/services/stats?,6222.56,35846.13,Cyankongi,888.0,Cyeru,0.0,Gatare,0.0,Nyirakavomo,0.0,Nyamyijima,0.0,,0.0,4/4/24,,0.0,,0.0,,0.0,,0.0,POINT (522796.6732366817 4771892.244850229),944.18,1978.49,3277.51,5168.07,8639.68,929.16,1953.37,3331.2,5243.1,8819.95
006Ns00000YWWkSIAX,1054189,Rwanda,Rwanda - Gahombo - 1054189,Identified,Requested,12/31/25,Kigali,Kicukiro,Gahanga,Karembure,Gahombo,Gahombo,,,Project Pre-Assessment - 2025.3.25,-2.030224,30.078332,26020.0,,,,Gahombo,5000.0,Kabeza,3000.0,Burema,5000.0,Mataba,4500.0,Karambi,4020.0,Nyabikenke,4500.0,3/25/25,,0.0,,0.0,,0.0,,0.0,POINT (508713.5725852748 4775530.7463620715),5164.2,11036.56,18097.53,28070.51,41447.27,5264.85,11334.18,18550.23,28594.34,42787.91
006f100000a86CqAAI,1007328,Rwanda,Rwanda - Cyankongi - 1007328,Rejected,Technical,11/30/18,Kigali,Kicukiro,Juru-Masaka,Rusheshe,Cyankongi,Akagera,,,Project Pre-Assessment - 2024.4.4,-2.0478,30.191395,5670.0,http://www.worldpop.org.uk/data/summary?doi=10.5258/SOTON/WP00539,2836.0,24668.0,Gatare,918.0,Cyeru,888.0,Cyankongi,1187.0,Kagesi,1116.0,Akababyeyi,1561.0,,0.0,4/4/24,,0.0,,0.0,,0.0,,0.0,POINT (521290.38867500593 4773586.40287052),559.85,1654.56,4606.74,7809.47,12066.58,574.19,1661.22,4736.04,7952.69,12416.89
006f100000a86CqAAI,1007328,Rwanda,Rwanda - Cyankongi - 1007328,Rejected,Technical,11/30/18,Kigali,Kicukiro,Juru-Masaka,Rusheshe,Cyankongi,Akagera,,,Project Assessment - 2018.6.11,-2.0478,30.191395,5800.0,http://www.worldpop.org.uk/data/summary?doi=10.5258/SOTON/WP00539,2836.0,24668.0,Rusheshe,5800.0,,0.0,,0.0,,0.0,,0.0,,,6/11/18,,,,,,,,,POINT (521290.38867500593 4773586.40287052),559.85,1654.56,4606.74,7809.47,12066.58,574.19,1661.22,4736.04,7952.69,12416.89
006f100000a86CqAAI,1007328,Rwanda,Rwanda - Cyankongi - 1007328,Rejected,Technical,11/30/18,Kigali,Kicukiro,Juru-Masaka,Rusheshe,Cyankongi,Akagera,,,Project Assessment - 2018.11.30,-2.0478,30.191395,,http://www.worldpop.org.uk/data/summary?doi=10.5258/SOTON/WP00539,2836.0,24668.0,,0.0,,0.0,,0.0,,0.0,,0.0,,,11/30/18,,,,,,,,,POINT (521290.38867500593 4773586.40287052),559.85,1654.56,4606.74,7809.47,12066.58,574.19,1661.22,4736.04,7952.69,12416.89
006f100000a86CrAAI,1007329,Rwanda,Rwanda - Mbabe - 1007329,Rejected,Technical,11/30/18,Kigali,Kicukiro,Mwogo-Masaka,Mbabe_Rungunga,Mbabe,Akagera,,,Project Pre-Assessment - 2024.4.4,-2.028198,30.173294,2946.0,http://www.worldpop.org.uk/data/summary?doi=10.5258/SOTON/WP00539,2371.0,27632.0,Ngarama,775.0,Kabashashi,671.0,Kabeza,1500.0,,0.0,,0.0,,0.0,4/4/24,,0.0,,0.0,,0.0,,0.0,POINT (519277.09705302445 4775753.929537154),645.2,1452.91,2802.21,6605.24,12973.29,694.81,1477.74,2869.67,6896.73,13244.1
006f100000a86CrAAI,1007329,Rwanda,Rwanda - Mbabe - 1007329,Rejected,Technical,11/30/18,Kigali,Kicukiro,Mwogo-Masaka,Mbabe_Rungunga,Mbabe,Akagera,,,Project Assessment - 2018.6.11,-2.028198,30.173294,,http://www.worldpop.org.uk/data/summary?doi=10.5258/SOTON/WP00539,2371.0,27632.0,Mbabe,0.0,Rugunga,0.0,,0.0,,0.0,,0.0,,,6/11/18,,,,,,,,,POINT (519277.09705302445 4775753.929537154),645.2,1452.91,2802.21,6605.24,12973.29,694.81,1477.74,2869.67,6896.73,13244.1
006f100000a86CrAAI,1007329,Rwanda,Rwanda - Mbabe - 1007329,Rejected,Technical,11/30/18,Kigali,Kicukiro,Mwogo-Masaka,Mbabe_Rungunga,Mbabe,Akagera,,,Project Assessment - 2018.11.30,-2.028198,30.173294,,http://www.worldpop.org.uk/data/summary?doi=10.5258/SOTON/WP00539,2371.0,27632.0,,0.0,,0.0,,0.0,,0.0,,0.0,,,11/30/18,,,,,,,,,POINT (519277.09705302445 4775753.929537154),645.2,1452.91,2802.21,6605.24,12973.29,694.81,1477.74,2869.67,6896.73,13244.1
006f100000a86CsAAI,1007330,Rwanda,Rwanda - Rusheshe - 1007330,Rejected,Technical,11/30/18,Kigali,Kicukiro,Rusheshe,Rusheshe,Rusheshe,Akagera,,,Project Assessment - 2018.6.11,-2.038712,30.186428,5800.0,http://www.worldpop.org.uk/data/summary?doi=10.5258/SOTON/WP00539,3235.0,25064.0,Rusheshe,5800.0,,0.0,,0.0,,0.0,,0.0,,,6/11/18,,,,,,,,,POINT (520737.98433075636 4774591.2846634835),995.17,2765.48,5960.84,9270.19,13350.07,1007.4,2900.19,6092.66,9394.93,13551.1
006f100000a86CsAAI,1007330,Rwanda,Rwanda - Rusheshe - 1007330,Rejected,Technical,11/30/18,Kigali,Kicukiro,Rusheshe,Rusheshe,Rusheshe,Akagera,,,Project Assessment - 2018.11.30,-2.038712,30.186428,,http://www.worldpop.org.uk/data/summary?doi=10.5258/SOTON/WP00539,3235.0,25064.0,,0.0,,0.0,,0.0,,0.0,,0.0,,,11/30/18,,,,,,,,,POINT (520737.98433075636 4774591.2846634835),995.17,2765.48,5960.84,9270.19,13350.07,1007.4,2900.19,6092.66,9394.93,13551.1
006f100000eevL3AAI,1014436,Rwanda,Rwanda - Bamporeze 1 - 1014436,Rejected,Technical,11/30/18,Kigali,Kicukiro,Kanombe,Busanza,Bamporeze 1,Channel,,,Project Pre-Assessment - 2018.11.19,-1.9919444,30.14638889,,http://www.worldpop.org.uk/data/summary?doi=10.5258/SOTON/WP00539,10232.0,120073.0,Bamporeze 1,1355.0,Bamporeze 2,1500.0,Amahoro,1752.0,,0.0,,0.0,,,11/19/18,,,,,,,,,POINT (516284.5444873275 4779762.602390975),9892.01,18891.76,33418.44,47737.84,64167.22,9876.42,18955.73,33925.25,48572.77,65022.28
006f100000eevL8AAI,1014437,Rwanda,Rwanda - Indatwa - 1014437,Rejected,Vehicular Bridge Required,11/30/18,Kigali,Kicukiro,Niboye,Nyakabanda,Indatwa,Channel,,,Project Pre-Assessment - 2018.11.19,-1.965987,30.110639,,http://www.worldpop.org.uk/data/summary?doi=10.5258/SOTON/WP00539,90103.0,364769.0,Indatwa,2100.0,Bigabiro,2650.0,,0.0,,0.0,,0.0,,,11/19/18,,,,,,,,,POINT (512307.852659449 4782632.8858718155),26487.41,55589.74,103019.23,145200.69,195693.44,27049.45,57228.75,104482.47,149174.06,200808.22
006f100000eevLSAAY,1014439,Rwanda,Rwanda - Antenna 2 - 1014439,Rejected,Technical,11/19/18,Kigali,Kicukiro,Kanombe,Busanza-Ruburizi,Antenna 2,Nyirakanamba,,,Project Assessment - 2018.11.19,-1.98388889,30.13861111,,http://www.worldpop.org.uk/data/summary?doi=10.5258/SOTON/WP00539,20652.0,191297.0,Antenne,830.0,Amahoro,1752.0,Abarezi,1682.0,Umunara,1500.0,Susuruka,2100.0,,,11/19/18,,,,,,,,,POINT (515419.4042578496 4780653.333678808),12878.56,25927.46,37956.91,60379.3,96480.06,13517.87,26039.18,38072.09,61326.19,97542.65
006f100000eevLXAAY,1014440,Rwanda,Rwanda - Antenne - 1014440,Rejected,Technical,11/19/18,Kigali,Kicukiro,Kanombe -Rubirizi,Busanza,Antenne,Nyirakanamba,,,Project Assessment - 2018.11.19,-1.9761111,30.1425,,http://www.worldpop.org.uk/data/summary?doi=10.5258/SOTON/WP00539,28208.0,192448.0,Antenne,860.0,Abarezi,1682.0,Umunara,1500.0,Sususruka,2100.0,Amahoro,1752.0,,,11/19/18,,,,,,,,,POINT (515852.08770113706 4781513.247413389),10540.47,27459.21,52133.5,74934.11,99948.0,10772.62,27839.66,52816.05,75424.23,102331.15
006f100000eevLhAAI,1014441,Rwanda,Rwanda - Abarezi - 1014441,Rejected,Technical,11/19/18,Kigali,Kicukiro,Rubirizi-Kanombe,Busanza,Abarezi,Nyirakanamba,,,Project Assessment - 2018.11.19,-1.97972222,30.14083333,,http://www.worldpop.org.uk/data/summary?doi=10.5258/SOTON/WP00539,25263.0,192568.0,Abarezi,1682.0,Gashyushya,2530.0,Umunara,1500.0,Antene,830.0,,0.0,,,11/19/18,,,,,,,,,POINT (515666.64854649326 4781114.000184683),13845.14,26031.01,44085.66,72296.25,97209.14,14130.52,26436.2,44453.65,72966.74,99566.38
006f100000eevLrAAI,1014442,Rwanda,Rwanda - Gitare - 1014442,Rejected,Vehicular Bridge Required,11/30/18,Kigali,Kicukiro,Niboye,Gatare,Gitare,Channel stormwater,,,Project Pre-Assessment - 2018.11.19,-1.986291,30.115909,,http://www.worldpop.org.uk/data/summary?doi=10.5258/SOTON/WP00539,38245.0,275026.0,Gatare,15728.0,Kanserege,12450.0,,0.0,,0.0,,0.0,,,11/19/18,,,,,,,,,POINT (512893.9492789013 4780387.939104968),12313.94,22267.2,53045.57,91149.58,134801.92,12568.74,22496.6,53405.99,91441.7,136127.86
006f100000eevM6AAI,1014443,Rwanda,Rwanda - Byimana - 1014443,Rejected,Technical,11/19/18,Kigali,Kicukiro,Niboye,Gatare,Byimana,Stromwater,,,Project Pre-Assessment - 2024.4.17,-1.988694,30.118846,3729.0,http://www.worldpop.org.uk/data/summary?doi=10.5258/SOTON/WP00539,30489.0,258264.0,Byimana,1454.0,Kamahoro,510.0,Imena,526.0,Kanserege,744.0,Ituze,495.0,,0.0,4/17/24,,0.0,,0.0,,0.0,,0.0,POINT (513220.64839230286 4780122.228709192),8615.8,18879.89,41839.04,74977.66,116554.6,8869.08,19187.99,41871.3,75280.98,117270.66
006f100000eevM6AAI,1014443,Rwanda,Rwanda - Byimana - 1014443,Rejected,Technical,11/19/18,Kigali,Kicukiro,Niboye,Gatare,Byimana,Stromwater,,,Project Assessment - 2018.11.19,-1.988694,30.118846,,http://www.worldpop.org.uk/data/summary?doi=10.5258/SOTON/WP00539,30489.0,258264.0,Gatare,15728.0,Kanserege,12450.0,,0.0,,0.0,,0.0,,,11/19/18,,,,,,,,,POINT (513220.64839230286 4780122.228709192),8615.8,18879.89,41839.04,74977.66,116554.6,8869.08,19187.99,41871.3,75280.98,117270.66
006f100000eevMaAAI,1014444,Rwanda,Rwanda - Nyarurembo - 1014444,Rejected,Technical,11/19/18,Kigali,Kicukiro,Niboye,Niboye,Nyarurembo,Kajeke,,,Project Assessment - 2018.11.19,-1.969082,30.115851,,http://www.worldpop.org.uk/data/summary?doi=10.5258/SOTON/WP00539,78330.0,326658.0,Niboye,8355.0,Kabeza,12500.0,,0.0,,0.0,,0.0,,,11/19/18,,,,,,,,,POINT (512887.63000354095 4782290.648643703),24361.18,49290.65,86256.7,138805.64,192239.47,24619.33,50917.18,88616.23,141641.25,196736.69
006f100000eevMuAAI,1014445,Rwanda,Rwanda - Nyarubande - 1014445,Rejected,Technical,11/19/18,Kigali,Kicukiro,Niboye,Niboye,Nyarubande,Kajeke,,,Project Assessment - 2018.11.19,-1.968372,30.112113,,http://www.worldpop.org.uk/data/summary?doi=10.5258/SOTON/WP00539,88189.0,350133.0,Niboye,8340.0,Nyakabanda,10000.0,,0.0,,0.0,,0.0,,,11/19/18,,,,,,,,,POINT (512471.80784931104 4782369.1780338725),25200.81,52592.05,98630.02,144100.91,192910.25,26052.79,54446.2,100174.73,148584.28,197607.08
006f100000ef7eEAAQ,1014500,Rwanda,Rwanda - Nyacyonga Kigasa - 1014500,Rejected,Technical,11/30/18,Kigali,Kicukiro,Gahanga,KAGASA,Nyacyonga Kigasa,Stromwater,,,Project Pre-Assessment - 2018.11.25,-2.000188,30.112183,,http://www.worldpop.org.uk/data/summary?doi=10.5258/SOTON/WP00539,13794.0,200044.0,nyacyonga (Kagasa),1325.0,nyacyonga ((Kagarama),2543.0,,0.0,,0.0,,0.0,,,11/25/18,,,,,,,,,POINT (512479.35639780684 4778851.449031561),6240.66,13702.97,24567.61,50381.32,90015.13,6439.93,13959.79,24688.54,49586.87,89457.7
006f100000ef7eOAAQ,1014502,Rwanda,Rwanda - Bigo1 - 1014502,Rejected,Vehicular Bridge Required,11/28/18,Kigali,Kicukiro,Gahanga,Karembure,Bigo1,Channel for stormwater,,,Project Assessment - 2025.3.2,-2.012684,30.087223,60.0,http://www.worldpop.org.uk/data/summary?doi=10.5258/SOTON/WP00539,7462.0,155423.0,12,12.0,12,12.0,12,12.0,12,12.0,12,12.0,,0.0,3/2/25,,0.0,,0.0,,0.0,,0.0,POINT (509702.703313072 4777470.001078466),9461.71,18391.64,30756.41,48827.73,71141.3,9747.26,18721.98,31228.56,48632.76,71306.2
006f100000ef7eOAAQ,1014502,Rwanda,Rwanda - Bigo1 - 1014502,Rejected,Vehicular Bridge Required,11/28/18,Kigali,Kicukiro,Gahanga,Karembure,Bigo1,Channel for stormwater,,,Project Assessment - 2025.3.2,-2.012684,30.087223,478.0,http://www.worldpop.org.uk/data/summary?doi=10.5258/SOTON/WP00539,7462.0,155423.0,122,122.0,122,122.0,122,111.0,11,1.0,122,122.0,,0.0,3/2/25,,0.0,,0.0,,0.0,,0.0,POINT (509702.703313072 4777470.001078466),9461.71,18391.64,30756.41,48827.73,71141.3,9747.26,18721.98,31228.56,48632.76,71306.2
006f100000ef7eOAAQ,1014502,Rwanda,Rwanda - Bigo1 - 1014502,Rejected,Vehicular Bridge Required,11/28/18,Kigali,Kicukiro,Gahanga,Karembure,Bigo1,Channel for stormwater,,,Project Assessment - 2025.3.2,-2.012684,30.087223,60.0,http://www.worldpop.org.uk/data/summary?doi=10.5258/SOTON/WP00539,7462.0,155423.0,12,12.0,12,12.0,12,12.0,12,12.0,12,12.0,,0.0,3/2/25,,0.0,,0.0,,0.0,,0.0,POINT (509702.703313072 4777470.001078466),9461.71,18391.64,30756.41,48827.73,71141.3,9747.26,18721.98,31228.56,48632.76,71306.2
006f100000ef7eOAAQ,1014502,Rwanda,Rwanda - Bigo1 - 1014502,Rejected,Vehicular Bridge Required,11/28/18,Kigali,Kicukiro,Gahanga,Karembure,Bigo1,Channel for stormwater,,,Project Assessment - 2025.3.2,-2.012684,30.087223,1600.0,http://www.worldpop.org.uk/data/summary?doi=10.5258/SOTON/WP00539,7462.0,155423.0,12,12.0,12212,122.0,112,1222.0,122,122.0,122,122.0,,0.0,3/2/25,,0.0,,0.0,,0.0,,0.0,POINT (509702.703313072 4777470.001078466),9461.71,18391.64,30756.41,48827.73,71141.3,9747.26,18721.98,31228.56,48632.76,71306.2
006f100000ef7eOAAQ,1014502,Rwanda,Rwanda - Bigo1 - 1014502,Rejected,Vehicular Bridge Required,11/28/18,Kigali,Kicukiro,Gahanga,Karembure,Bigo1,Channel for stormwater,,,Project Assessment - 2025.3.3,-2.012684,30.087223,60.0,http://www.worldpop.org.uk/data/summary?doi=10.5258/SOTON/WP00539,7462.0,155423.0,12,12.0,12,12.0,12,12.0,12,12.0,12,12.0,,0.0,3/3/25,,0.0,,0.0,,0.0,,0.0,POINT (509702.703313072 4777470.001078466),9461.71,18391.64,30756.41,48827.73,71141.3,9747.26,18721.98,31228.56,48632.76,71306.2
006f100000ef7eOAAQ,1014502,Rwanda,Rwanda - Bigo1 - 1014502,Rejected,Vehicular Bridge Required,11/28/18,Kigali,Kicukiro,Gahanga,Karembure,Bigo1,Channel for stormwater,,,Project Pre-Assessment - 2018.11.25,-2.012684,30.087223,,http://www.worldpop.org.uk/data/summary?doi=10.5258/SOTON/WP00539,7462.0,155423.0,Karembure,8759.0,,0.0,,0.0,,0.0,,0.0,,,11/25/18,,,,,,,,,POINT (509702.703313072 4777470.001078466),9461.71,18391.64,30756.41,48827.73,71141.3,9747.26,18721.98,31228.56,48632.76,71306.2
006f100000ef7eTAAQ,1014503,Rwanda,Rwanda - Bigo 2 - 1014503,Rejected,Vehicular Bridge Required,11/28/18,Kigali,Kicukiro,Gahanga,Karembure,Bigo 2,Channel of stromwater,,,Project Pre-Assessment - 2018.11.25,-2.01259,30.08668,,http://www.worldpop.org.uk/data/summary?doi=10.5258/SOTON/WP00539,7413.0,157956.0,Karembure,8759.0,,0.0,,0.0,,0.0,,0.0,,,11/25/18,,,,,,,,,POINT (509642.300394302 4777480.3973811),9671.62,18352.62,30786.0,48646.54,71117.63,9948.71,18957.43,31369.09,48909.18,71756.66
006f100000ef7eYAAQ,1014504,Rwanda,Rwanda - Sabaganga - 1014504,Rejected,Technical,12/2/18,Kigali,Kicukiro,Gatenga,Nyanza-Karambo,Sabaganga,Channels formed by stormwater,,,Project Assessment - 2018.11.25,-1.992257,30.085447,,http://www.worldpop.org.uk/data/summary?doi=10.5258/SOTON/WP00539,48367.0,361970.0,Sabaganga,1805.0,(Umukoke) Karambo,120.0,,0.0,,0.0,,0.0,,,11/25/18,,,,,,,,,POINT (509505.25827552873 4779728.516608818),25600.53,51529.04,84313.73,120900.02,162043.34,26176.29,51691.65,84687.67,121917.46,163460.47
006f100000ef7jJAAQ,1014507,Rwanda,Rwanda - Bigo2 - 1014507,Rejected,Technical,11/27/18,Kigali,Kicukiro,Gatenga,Nyabirama,Bigo2,Channel formed by stormwater,,,Project Assessment - 2018.11.25,-2.011603,30.082825,,http://www.worldpop.org.uk/data/summary?doi=10.5258/SOTON/WP00539,7287.0,174829.0,Bigo,2575.0,Nyabikenye,2422.0,Karembure,8759.0,,0.0,,0.0,,,11/25/18,,,,,,,,,POINT (509213.4746613695 4777589.547020178),10519.55,19406.33,30687.61,48875.02,73733.91,10772.52,19847.98,30989.03,49313.89,74511.7
006f100000efEeNAAU,1014550,Rwanda,Rwanda - Kamabuye - 1014550,Rejected,Vehicular Bridge Required,11/30/18,Kigali,Kicukiro,Kigarama,Nyarurama,Kamabuye,Stream formed by stormwater,,,Project Pre-Assessment - 2018.11.29,-1.989435,30.055679,,http://www.worldpop.org.uk/data/summary?doi=10.5258/SOTON/WP00539,58592.0,370153.0,Zuba,1210.0,Kamabuye,985.0,,0.0,,0.0,,0.0,,,11/29/18,,,,,,,,,POINT (506193.82848089776 4780040.671717602),27251.87,50229.16,82944.77,130685.98,170683.41,27547.85,50222.14,83341.41,131471.25,172787.31
006f100000efEeXAAU,1014551,Rwanda,Rwanda - Gihene - 1014551,Rejected,Technical,11/30/18,Kigali,Kicukiro,Kigarama,Bwerankori,Gihene,Channel formed by stormwater,,,Project Assessment - 2018.11.29,-1.995001,30.061769,,http://www.worldpop.org.uk/data/summary?doi=10.5258/SOTON/WP00539,25192.0,349747.0,Nyenyeri,1565.0,Nyarurema,8566.0,,0.0,,0.0,,0.0,,,11/29/18,,,,,,,,,POINT (506871.26782467845 4779425.244912214),15097.41,31848.45,60503.16,99667.96,153352.27,14889.11,31713.28,60942.03,100481.03,155252.3
006f100000efEehAAE,1014552,Rwanda,Rwanda - Gikombe - 1014552,Complete,In Service,6/24/22,Kigali,Kicukiro,Kigarama,Nyarurama,Gikombe,Channel formed by stormwater,,,Project Assessment - 2018.11.29,-2.003541,30.055354,,http://www.worldpop.org.uk/data/summary?doi=10.5258/SOTON/WP00539,11682.0,266054.0,Irebero,528.0,Rubete,634.0,,0.0,,0.0,,0.0,,,11/29/18,,,,,,,,,POINT (506157.6224130093 4778481.048436186),8845.96,23507.94,40421.89,64347.13,92442.01,8618.41,23313.71,40236.93,64463.05,93163.88
006f100000efEfuAAE,1014566,Rwanda,Rwanda - Cyumbati - 1014566,Rejected,Technical,11/30/18,Kigali,Kicukiro,Kigarama,Nyarurama,Cyumbati,Channel formed by stormwater,,,Project Assessment - 2018.11.29,-1.98426,30.06329,,http://www.worldpop.org.uk/data/summary?doi=10.5258/SOTON/WP00539,103741.0,457530.0,Kivu,865.0,Twishorezo,1245.0,,0.0,,0.0,,0.0,,,11/29/18,,,,,,,,,POINT (507040.5115524079 4780612.813114701),20294.03,54101.08,96793.66,150237.56,211306.11,20204.61,54474.25,97675.91,151396.28,214324.62
006Ns00000RHcJ9IAL,1053288,Rwanda,Rwanda - Rwamaziba - 1053288,Identified,Requested,12/31/24,Eastern Province,Kirehe,Mahama,Saruhembe,Rwamaziba,Rwamaziba,,,Project Pre-Assessment - 2024.11.27,-2.229497,30.819905,4110.0,https://api.worldpop.org/v1/services/stats?,9758.32,35352.98,Bushonga,734.0,Karebezo,1207.0,Nyamiyumbo,729.0,Kanombe,728.0,Saruhembe,712.0,,0.0,11/27/24,,0.0,,0.0,,0.0,,0.0,POINT (591196.7823477233 4753473.001745768),1533.12,6832.54,12883.63,14873.6,16829.2,1369.81,6555.26,12997.57,14898.18,16863.75
006Ns00000RHgeSIAT,1053286,Rwanda,Rwanda - Kigongi - 1053286,Identified,Requested,12/31/24,Eastern Province,Kirehe,Mushikiri,Nyungwe,Kigongi,Kigongi,,,Project Pre-Assessment - 2024.11.27,-2.180266,30.671812,3117.0,https://api.worldpop.org/v1/services/stats?,5029.09,32122.88,Rukira,717.0,Nyungwe,524.0,Rusumo,728.0,Rutare,612.0,Karambi,536.0,,0.0,11/27/24,,0.0,,0.0,,0.0,,0.0,POINT (574726.2384207458 4758924.938762458),599.07,3128.63,5343.41,7015.9,9886.76,554.27,3167.36,5460.58,7113.32,10062.75
006f100000ef6xiAAA,1014462,Rwanda,Rwanda - Kizoke - 1014462,Rejected,Technical,11/27/18,Eastern Province,Kirehe,Nyarubuye,Nyarutunga/nyarubuye1,Kizoke,Kizoke,,,Project Assessment - 2018.11.24,-2.184027,30.767541,,http://www.worldpop.org.uk/data/summary?doi=10.5258/SOTON/WP00539,1909.0,14146.0,Nyarubuye1,671.0,Remera,789.0,Bugarura,639.0,,0.0,,0.0,,,11/24/18,,,,,,,,,POINT (585374.6465225739 4758503.978208115),667.47,2370.79,6208.07,8201.51,11180.79,678.63,2511.19,6218.77,8274.19,11424.77
006f100000ef6xsAAA,1014464,Rwanda,Rwanda - Mugatare - 1014464,Rejected,Technical,12/2/18,Eastern Province,Kirehe,Gahara,Nyagasenyi,Mugatare,Rwimondo valley,,,Project Assessment - 2018.11.24,-2.296406,30.52359,,http://www.worldpop.org.uk/data/summary?doi=10.5258/SOTON/WP00539,3197.0,24187.0,Nyagasenyi,6500.0,,0.0,,0.0,,0.0,,0.0,,,11/24/18,,,,,,,,,POINT (558234.2659155477 4746089.935209562),1061.24,2442.44,4497.33,7016.51,12453.77,1032.71,2306.47,4428.35,7013.72,12403.39
006f100000ef6xxAAA,1014465,Rwanda,Rwanda - Murama - 1014465,Rejected,Technical,11/29/18,Eastern Province,Kirehe,Gahara,Muhamba,Murama,Akagera,,,Project Assessment - 2018.11.24,-2.3152,30.470953,,http://www.worldpop.org.uk/data/summary?doi=10.5258/SOTON/WP00539,2332.0,18025.0,Murama,857.0,,0.0,,0.0,,0.0,,0.0,,,11/24/18,,,,,,,,,POINT (552379.0929222547 4744013.941877834),251.48,1026.35,2415.55,5897.12,9538.96,251.48,1078.27,2436.92,5961.37,9709.34
006f100000ef6y2AAA,1014466,Rwanda,Rwanda - Rwabiyombi~ kijumbura 2 - 1014466,Rejected,Technical,11/29/18,Eastern Province,Kirehe,Gahara,Butezi,Rwabiyombi~ kijumbura 2,Rwabigombe,,,Project Assessment - 2018.11.24,-2.365716,30.542117,,http://www.worldpop.org.uk/data/summary?doi=10.5258/SOTON/WP00539,3848.0,23495.0,Butezi,5000.0,,0.0,,0.0,,0.0,,0.0,,,11/24/18,,,,,,,,,POINT (560291.9708870972 4738425.55911055),1258.42,2929.9,4972.09,9464.0,15842.9,1314.91,2980.2,4969.4,9664.15,16126.83
006f100000ef6y7AAA,1014467,Rwanda,Rwanda - Butezi - 1014467,Rejected,Vehicular Bridge Required,11/29/18,Eastern Province,Kirehe,Gahara,Butezi,Butezi,Kijumbura,,,Project Assessment - 2018.11.24,-2.371645,30.539508,,http://www.worldpop.org.uk/data/summary?doi=10.5258/SOTON/WP00539,3755.0,21589.0,Butezi,5000.0,,0.0,,0.0,,0.0,,0.0,,,11/24/18,,,,,,,,,POINT (560001.5451301984 4737770.102445643),1402.43,2773.75,4100.0,8825.7,14755.43,1359.42,2822.28,4102.26,9134.11,15058.71
006f100000ef6yCAAQ,1014468,Rwanda,Rwanda - Kabigembe 2 - 1014468,Rejected,Vehicular Bridge Required,11/29/18,Eastern Province,Kirehe,Nasho,Rubilizi,Kabigembe 2,Bigende,,,Project Assessment - 2018.11.24,-2.09732,30.701159,,http://www.worldpop.org.uk/data/summary?doi=10.5258/SOTON/WP00539,5002.0,23469.0,Kabigembe 2,480.0,,0.0,,0.0,,0.0,,0.0,,,11/24/18,,,,,,,,,POINT (577994.8801061474 4768095.045138003),1259.04,4863.2,8086.6,12747.11,15937.5,1369.76,5057.39,8306.08,12960.19,16314.44
006f100000ef6yHAAQ,1014469,Rwanda,Rwanda - Barisuka - 1014469,Rejected,Technical,11/27/18,Eastern Province,Kirehe,Mushikiri,Rwayikona,Barisuka,Rujambara,,,Project Assessment - 2018.11.24,-2.208786,30.695041,,http://www.worldpop.org.uk/data/summary?doi=10.5258/SOTON/WP00539,2253.0,14997.0,Barisuka,873.0,Kabeza,740.0,Isangano,530.0,Kagega1 and 2,1500.0,Rwakanyambo,600.0,,,11/24/18,,,,,,,,,POINT (577308.6806422817 4755770.2238401845),403.39,863.67,1623.83,3883.32,7680.74,392.84,863.67,1746.69,4012.61,7941.9
006f100000ef6yRAAQ,1014470,Rwanda,Rwanda - Tomi - 1014470,Rejected,Technical,12/31/18,Eastern Province,Kirehe,Mushikir,Rugarama/Tomi,Tomi,Nyarwogo,,,Project Assessment - 2018.11.24,-2.1496,30.66541,320.0,http://www.worldpop.org.uk/data/summary?doi=10.5258/SOTON/WP00539,2363.0,16426.0,Nyagatugunda,320.0,,0.0,,0.0,,0.0,,0.0,,,11/24/18,,,,,,,,,POINT (574015.5937246368 4762316.064719718),1688.82,3382.35,4327.83,5296.51,7454.82,1843.69,3556.38,4694.38,5634.35,7711.1
006f100000ef6ybAAA,1014472,Rwanda,Rwanda - Karuruma - 1014472,Rejected,Technical,12/19/18,Eastern Province,Kirehe,Mushikiri,Bisagara/bingaro,Karuruma,Karuruma,,,Project Assessment - 2018.11.24,-2.18715,30.62265,1000.0,http://www.worldpop.org.uk/data/summary?doi=10.5258/SOTON/WP00539,3324.0,22807.0,Bingaro,540.0,Rwamukobwa,460.0,,0.0,,0.0,,0.0,,,11/24/18,,,,,,,,,POINT (569257.3661782333 4758166.115582733),1211.43,2843.86,6040.02,8347.95,12571.46,1226.29,2918.51,6368.64,8446.96,12724.13
006f100000ef6ygAAA,1014473,Rwanda,Rwanda - Kiyanja - 1014473,Rejected,Technical,12/19/18,Eastern Province,Kirehe,Nyarubuye,Nyarutunga/bugarura-remera,Kiyanja,Kiyanja,,,Project Assessment - 2018.11.24,-2.17478,30.76704,1750.0,http://www.worldpop.org.uk/data/summary?doi=10.5258/SOTON/WP00539,2046.0,14229.0,Bugarura,960.0,Remera,790.0,,0.0,,0.0,,0.0,,,11/24/18,,,,,,,,,POINT (585319.4368386724 4759526.491554361),1640.14,3726.2,5985.08,8370.39,11318.8,1734.0,3816.71,6100.72,8492.63,11545.49
006f100000ef6ylAAA,1014474,Rwanda,Rwanda - Rwayikona - 1014474,Rejected,Technical,11/27/18,Eastern Province,Kirehe,Mushikiri,Rwayikona,Rwayikona,Gisenyi,,,Project Assessment - 2018.11.24,-2.164154,30.695954,,http://www.worldpop.org.uk/data/summary?doi=10.5258/SOTON/WP00539,2059.0,13902.0,Rwayikona,500.0,"Sangano,rwabandama",1570.0,Tonero,560.0,"Karenge 1& 2, gashasha",2100.0,,0.0,,,11/24/18,,,,,,,,,POINT (577412.52481288 4760705.271466853),1026.63,2875.15,4497.1,6563.3,8771.71,976.3,2855.93,4495.56,6643.47,8980.43
006f100000ef6yqAAA,1014475,Rwanda,Rwanda - Gatari - 1014475,Rejected,Technical,11/29/18,Eastern Province,Kirehe,Kigarama,Nyakerera,Gatari,Ruzinga,,,Project Assessment - 2018.11.24,-2.3592,30.677613,,http://www.worldpop.org.uk/data/summary?doi=10.5258/SOTON/WP00539,2456.0,12896.0,Gatari,500.0,,0.0,,0.0,,0.0,,0.0,,,11/24/18,,,,,,,,,POINT (575362.2513896337 4739139.430393319),2252.75,3200.37,5318.79,6968.48,9694.36,2214.27,3231.88,5322.68,6996.99,9836.67
006f100000ef6yvAAA,1014476,Rwanda,Rwanda - Kabare - 1014476,Rejected,Technical,11/29/18,Eastern Province,Kirehe,Kigarama,Nyakerera,Kabare,Rutare,,,Project Assessment - 2018.11.24,-2.332831,30.652159,,http://www.worldpop.org.uk/data/summary?doi=10.5258/SOTON/WP00539,1889.0,16694.0,Kabare,670.0,,0.0,,0.0,,0.0,,0.0,,,11/24/18,,,,,,,,,POINT (572532.5611139017 4742056.4628811255),1765.35,3112.88,5371.61,6858.48,9528.94,1898.2,3242.94,5434.6,6971.59,9698.56
006f100000ef6zAAAQ,1014479,Rwanda,Rwanda - Gahama ya nyagasenyi - 1014479,Rejected,Technical,11/27/18,Eastern Province,Kirehe,Nyarubuye-mpanga,Nyabitare/nyabayamo,Gahama ya nyagasenyi,Gahama,,,Project Assessment - 2018.11.24,-2.2136,30.77847,,http://www.worldpop.org.uk/data/summary?doi=10.5258/SOTON/WP00539,2220.0,14992.0,Nyagasenyi,456.0,Nyabayamo,590.0,,0.0,,0.0,,0.0,,,11/24/18,,,,,,,,,POINT (586588.6641274879 4755233.315751393),341.23,1214.54,5324.15,7432.57,8799.3,351.59,1338.36,5498.8,7702.11,9243.93
006f100000ef6zFAAQ,1014480,Rwanda,Rwanda - Mitsindo - 1014480,Rejected,Technical,11/27/18,Eastern Province,Kirehe,Nasho,Kagesa/mitsindo,Mitsindo,Nyabihara,,,Project Assessment - 2018.11.24,-2.7278,30.72778,,http://www.worldpop.org.uk/data/summary?doi=10.5258/SOTON/WP00539,0.0,0.0,Mitsindo,248.0,Nyabihara,468.0,Kanamira,860.0,Military camp at nasho,0.0,,0.0,,,11/24/18,,,,,,,,,POINT (580919.0015284895 4698378.906579024),66.72,303.21,714.43,1304.36,1883.58,61.87,297.41,685.63,1288.13,1910.44
006f100000ef6zPAAQ,1014481,Rwanda,Rwanda - Mitsindo-nyabihara - 1014481,Rejected,Technical,11/27/18,Eastern Province,Kirehe,Nasho,Kagesa/mitsindo-nyabihara,Mitsindo-nyabihara,Gatabura,,,Project Assessment - 2018.11.24,-2.1403,30.72741,,http://www.worldpop.org.uk/data/summary?doi=10.5258/SOTON/WP00539,2642.0,17066.0,Mitsindo,240.0,Nyabihara,456.0,,0.0,,0.0,,0.0,,,11/24/18,,,,,,,,,POINT (580912.888549922 4763341.255857049),1087.72,1916.41,3692.35,5945.18,9391.94,1099.68,1930.79,3837.86,6191.8,9835.16
006f100000ef70hAAA,1014482,Rwanda,Rwanda - Gatabura - 1014482,Rejected,Technical,11/27/18,Eastern Province,Kirehe,Nasho,Ntaruka/nyabihara,Gatabura,Gatabura,,,Project Assessment - 2018.11.24,-2.1486,30.72617,,http://www.worldpop.org.uk/data/summary?doi=10.5258/SOTON/WP00539,2511.0,15446.0,Mitsindo,240.0,Nyabihara,460.0,,0.0,,0.0,,0.0,,,11/24/18,,,,,,,,,POINT (580774.5154157685 4762423.559592773),1455.66,2455.39,3743.32,5509.9,9269.37,1517.26,2525.95,3924.39,5762.46,9577.0
006f100000ef70mAAA,1014483,Rwanda,Rwanda - Rwamaziba - 1014483,Rejected,Technical,11/29/18,Eastern Province,Kirehe,Mahama,Saruhembe/saruhembe,Rwamaziba,Rwamaziba,,,Project Assessment - 2018.11.24,-2.2318,30.8131,,http://www.worldpop.org.uk/data/summary?doi=10.5258/SOTON/WP00539,4263.0,16561.0,Saruhembe,612.0,,0.0,,0.0,,0.0,,0.0,,,11/24/18,,,,,,,,,POINT (590439.6806915114 4753218.764718089),3376.27,9764.06,12965.96,16494.93,21382.21,2814.27,9644.79,12830.67,16447.44,21531.7
006f100000ef70rAAA,1014484,Rwanda,Rwanda - Nyagasenyi kwa mbaraga - 1014484,Rejected,Technical,11/29/18,Eastern Province,Kirehe,Mpanga,Bwiyorere,Nyagasenyi kwa mbaraga,Nyagasenyi,,,Project Assessment - 2018.11.24,-2.2073,30.79185,,http://www.worldpop.org.uk/data/summary?doi=10.5258/SOTON/WP00539,2554.0,17548.0,Nyagasenyi,456.0,,0.0,,0.0,,0.0,,0.0,,,11/24/18,,,,,,,,,POINT (588077.3776784536 4755929.153375875),2046.93,2953.37,3776.84,6623.25,8838.22,2173.0,3184.12,4146.13,6828.69,9222.93
006f100000ef70wAAA,1014485,Rwanda,Rwanda - Mareba - 1014485,Rejected,Technical,12/31/18,Eastern Province,Kirehe,Nyarubuye,Mareba/rurenge2,Mareba,Erosion,,,Project Assessment - 2018.11.24,-2.21079,30.73431,,http://www.worldpop.org.uk/data/summary?doi=10.5258/SOTON/WP00539,1779.0,11135.0,Rurenge2,560.0,,0.0,,0.0,,0.0,,0.0,,,11/24/18,,,,,,,,,POINT (581676.6544055267 4755546.533555328),1171.93,2452.41,5707.83,7604.96,9317.71,1087.23,2531.31,5944.75,7773.66,9512.0
006f100000ef711AAA,1014486,Rwanda,Rwanda - Rwanyagatamu - 1014486,Rejected,Technical,11/29/18,Eastern Province,Kirehe,Mpanga,Bwiyorere,Rwanyagatamu,Rwanyagatamu,,,Project Assessment - 2018.11.24,-2.2099,30.78795,,http://www.worldpop.org.uk/data/summary?doi=10.5258/SOTON/WP00539,2470.0,17031.0,Bwiyorere,3500.0,,0.0,,0.0,,0.0,,0.0,,,11/24/18,,,,,,,,,POINT (587643.4012623754 4755641.887801084),1505.51,2683.47,4730.05,6754.27,8570.98,1668.79,2849.06,5044.85,7086.6,9003.68
006f100000ef71BAAQ,1014487,Rwanda,Rwanda - Kereta - 1014487,Rejected,Technical,11/27/18,Eastern Province,Kirehe,Mpanga-nyarubuye,Kankobwa/kankobwa,Kereta,Kereta,,,Project Assessment - 2018.11.24,-2.1664,30.78863,,http://www.worldpop.org.uk/data/summary?doi=10.5258/SOTON/WP00539,3640.0,15452.0,Nyarubuye,3500.0,Mpanga,2360.0,Mahama,4238.0,,0.0,,0.0,,,11/24/18,,,,,,,,,POINT (587721.5702042826 4760451.8754396755),2367.37,4045.64,5580.71,6716.91,7993.47,2656.0,4342.12,5901.49,7105.55,8269.09
0063Z00000gLr35QAC,1017673,Rwanda,Rwanda - Rufuha - 1017673,Complete,In Service,2/21/20,Southern Province,Muhanga,Cyeza,Biringaga - sholi,Rufuha,Kagaga,,,Project Assessment - 2019.5.29,-2.012167,29.763889,1000.0,https://api.worldpop.org/v1/services/stats?,5059.83,34873.38,Munini,500.0,Karehe,500.0,,0.0,,0.0,,0.0,,0.0,5/29/19,,0.0,,0.0,,0.0,,0.0,POINT (473734.89416219655 4777525.522160621),1391.6,3112.06,5578.27,8210.49,11480.73,1440.08,3133.34,5636.44,8263.79,11577.55
0063Z00000hvy75QAA,1022230,Rwanda,Rwanda - Kajeje - 1022230,Identified,Requested,12/31/19,Southern Province,Muhanga,Cyeza,Kigarama,Kajeje,Rubara,,,Project Assessment - 2019.12.13,-1.971735,29.792433,300.0,https://api.worldpop.org/v1/services/stats?,6625.14,36978.04,Kajeje,300.0,,0.0,,0.0,,0.0,,0.0,,0.0,12/13/19,,0.0,,0.0,,0.0,,0.0,POINT (476909.5949960905 4781996.329572179),1811.29,4002.0,6480.35,9193.18,12429.65,1845.01,4080.18,6614.25,9327.39,12623.3
0063Z00000hvy7AQAQ,1022231,Rwanda,Rwanda - Mataba - 1022231,Identified,Requested,12/31/19,Southern Province,Muhanga,,,Mataba,,,,Project Assessment - 2019.12.13,-1.976608,29.782109,500.0,https://api.worldpop.org/v1/services/stats?,6193.52,35204.95,Mataba,500.0,,0.0,,0.0,,0.0,,0.0,,0.0,12/13/19,,0.0,,0.0,,0.0,,0.0,POINT (475761.18596640544 4781457.397962233),1453.6,3086.62,5041.54,8111.58,11876.02,1484.05,3183.87,5206.87,8255.68,12157.63
0063Z00000jhEEjQAM,1023609,Rwanda,Rwanda - Musarara - 1023609,Identified,Requested,12/31/20,Southern Province,Muhanga,Kibangu - ngororero,Gitega _ Mugano,Musarara,Nyabarongo,,,Project Assessment - 2020.5.21,-1.827983,29.667964,2364.0,https://api.worldpop.org/v1/services/stats?,7823.02,48201.31,Musarara,1402.0,Nyamugari,562.0,Nyabisindu,400.0,Nyaamabuye,0.0,,0.0,,0.0,5/21/20,,0.0,,0.0,,0.0,,0.0,POINT (463060.0923278011 4797888.213552506),1214.81,3643.88,7138.76,11874.92,18237.46,1237.49,3607.95,7201.24,12031.31,18493.35
0063Z00000sfo3WQAQ,1039372,Rwanda,Rwanda - Gahira - 1039372,Complete,In Service,1/27/23,Southern Province,Muhanga,Rongi,Gasagara,Gahira,Nyabarongo,,,Project Pre-Assessment - 2022.3.24,-1.830723,29.798933,,https://api.worldpop.org/v1/services/stats?,5133.91,31668.8,Gahira,1200.0,Murehe in muhanga,1060.0,Kidahwe,1350.0,Karango,1092.0,Musasa,838.0,Gitonde in Gakenke,1061.0,3/24/22,,0.0,,0.0,,0.0,,,POINT (477630.8632333911 4797587.42767728),1624.04,3264.12,5314.87,8735.68,11891.02,1653.3,3294.76,5401.83,8780.45,12089.6
0063Z00000wazieQAA,1042591,Rwanda,Rwanda - Jabiro - 1042591,Complete,In Service,12/8/23,Southern Province,Muhanga,Nyarusange,Ngaru,Jabiro,Miguramo,,,Project Pre-Assessment - 2022.10.25,-2.103307,29.658946,7469.0,https://api.worldpop.org/v1/services/stats?,5355.88,38392.71,Jabilo,1225.0,Kibilizi,1826.0,Ngororano,1468.0,Rwambariro,1750.0,Remera,1200.0,,0.0,10/25/22,,0.0,,0.0,,0.0,,0.0,POINT (462063.0189798424 4767446.416145688),1291.08,2862.27,5231.79,8244.42,13617.08,1284.4,2879.27,5352.94,8351.2,13932.54
0063Z00000wazijQAA,1042592,Rwanda,Rwanda - Kwa mudandi - 1042592,Identified,Requested,12/31/22,Southern Province,Muhanga,Rugendabari,Kibaga,Kwa mudandi,Nyabarongo,,,Project Assessment - 2022.10.25,-1.923771,29.662656,4302.0,https://api.worldpop.org/v1/services/stats?,8621.78,43701.69,Njamena,1340.0,Mataba,877.0,Kiduha,821.0,Birambo,452.0,Gisovu,812.0,,0.0,10/25/22,,0.0,,0.0,,0.0,,0.0,POINT (462471.59733330604 4787297.175558024),1473.89,4025.52,7043.39,11051.18,15088.86,1507.62,4147.2,7050.97,11133.06,15362.15
0063Z00000wazioQAA,1042593,Rwanda,Rwanda - Nyamitanga - 1042593,Identified,,3/29/25,Southern Province,Muhanga,Muhanga,Kanyinya,Nyamitanga,Nyagako,,,Project Pre-Assessment - 2022.10.25,-2.082705,29.724194,8187.0,https://api.worldpop.org/v1/services/stats?,9395.78,88567.17,Nyamitanga,1074.0,Nyakabingo,865.0,Gifumba,1850.0,Kumukyenye,898.0,Rugarama,3500.0,,0.0,10/25/22,,0.0,,0.0,,0.0,,0.0,POINT (469320.5119980768 4769725.730520165),2079.29,5202.79,9972.82,16381.58,28021.3,2150.03,5349.11,10146.09,16664.78,28525.08
0063Z00000wb0XxQAI,1042596,Rwanda,Rwanda - Matovu - 1042596,Complete,In Service,3/1/24,Southern Province,Muhanga,Kiyumba,Rukeri,Matovu,Kanamire,,,Project Pre-Assessment - 2022.10.25,-1.859897,29.779474,5538.0,https://api.worldpop.org/v1/services/stats?,3876.02,32086.54,Matovu,1016.0,Nyamirambo,906.0,Kabuga,1116.0,Musagara,1300.0,Busindi,1200.0,,0.0,10/25/22,,0.0,,0.0,,0.0,,0.0,POINT (475466.39709419967 4794361.54430555),1012.35,2434.42,4079.16,6400.42,10030.54,1031.24,2478.08,4142.92,6508.17,10160.15
0063Z00000zxTqmQAE,1047585,Rwanda,Rwanda - Gataba - 1047585,Complete,In Service,6/6/24,Southern Province,Muhanga,Mushishiro,Matyazo,Gataba,Gikeri,,,Project Assessment - 2023.8.17,-2.003276,29.651183,4223.0,https://api.worldpop.org/v1/services/stats?,4034.38,31881.77,Gataba,971.0,Ryaruyange,500.0,Kanyinya,865.0,Kamurekezi,1101.0,Kivumu,786.0,,0.0,8/17/23,,0.0,,0.0,,0.0,,0.0,POINT (461197.0822003317 4778506.323056313),1234.05,2585.96,4193.22,6378.77,9021.31,1230.16,2700.82,4293.47,6534.28,9229.98
006Ns000002hkEYIAY,1048243,Rwanda,Rwanda - Mutumba - 1048243,Complete,In Service,6/14/24,Southern Province,Muhanga,Kiyumba,Remera,Mutumba,Mutumba,,,Project Pre-Assessment - 2023.9.20,-1.9014444,29.7639167,7148.0,https://api.worldpop.org/v1/services/stats?,5061.26,27593.8,Cyakabiri,2100.0,Gatwa,1978.0,Mataba,1456.0,Nyanza,1614.0,,0.0,,0.0,9/20/23,,0.0,,0.0,,0.0,,0.0,POINT (473736.25311207393 4789767.617357221),1385.93,2841.25,4609.02,7058.58,9810.51,1411.75,2872.38,4701.14,7236.09,10024.71
006Ns000002hkEYIAY,1048243,Rwanda,Rwanda - Mutumba - 1048243,Complete,In Service,6/14/24,Southern Province,Muhanga,Kiyumba,Remera,Mutumba,Mutumba,,,Project Assessment - 2018.9.1,-1.9014444,29.7639167,,https://api.worldpop.org/v1/services/stats?,5061.26,27593.8,,0.0,,0.0,,0.0,,0.0,,0.0,,,9/1/18,,,,,,,,,POINT (473736.25311207393 4789767.617357221),1385.93,2841.25,4609.02,7058.58,9810.51,1411.75,2872.38,4701.14,7236.09,10024.71
006Ns000002hkclIAA,1048244,Rwanda,Rwanda - Kajeje - 1048244,Under Construction,,6/6/25,Southern Province,Muhanga,Cyeza,Kigarama,Kajeje,Bukaba,,,Project Pre-Assessment - 2023.9.20,-1.969521,29.792692,4198.0,https://api.worldpop.org/v1/services/stats?,6555.71,36867.4,Kajeje,1449.0,Mbirizi,1004.0,Mataba,1008.0,Cyanika,737.0,,0.0,,0.0,9/20/23,,0.0,,0.0,,0.0,,0.0,POINT (476938.3766388464 4782241.1246426925),1862.71,3875.16,6314.5,9103.76,12633.32,1860.66,3923.54,6434.29,9254.61,12849.82
006Ns000002hliTIAQ,1048245,Rwanda,Rwanda - Gisuma - 1048245,Identified,Requested,5/31/25,Southern Province,Muhanga,Nyabinoni,Gashorera,Gisuma,Gisuma,,,Project Pre-Assessment - 2023.9.20,-1.818053,29.69359,2991.0,https://api.worldpop.org/v1/services/stats?,4673.73,35889.22,Ndaragati,879.0,Munyinya,1161.0,Mwumba,360.0,Mushubaguriko,591.0,,0.0,,0.0,9/20/23,,0.0,,0.0,,0.0,,0.0,POINT (465910.89615453547 4798986.639938532),1351.64,2926.65,4873.96,7498.74,10819.95,1419.85,2965.49,5015.38,7667.23,10972.78
006Ns00000UOgT3IAL,1053735,Rwanda,Rwanda - Jarama - 1053735,Under Construction,,6/27/25,Southern Province,Muhanga,Kibangu,Mubuga,Jarama,Rusumo,,,Project Assessment - 2025.1.23,-1.840721,29.704274,3233.0,,,,Jarama,703.0,Mubuga,643.0,Matoshya,597.0,Nyaruvumu,681.0,Nyarubuye,609.0,,0.0,1/23/25,,0.0,,0.0,,0.0,,0.0,POINT (467099.9494833242 4796480.531871852),1231.25,2574.27,4600.4,7385.17,10749.65,1251.3,2602.66,4743.09,7497.2,11046.38
006f100000a86DxAAI,1007397,Rwanda,Rwanda - Kabakungu - 1007397,Rejected,Technical,11/10/18,Southern Province,Muhanga,Rongi,Kabakungu village ( Nyamirambo cell ),Kabakungu,Gasaka river,,,Project Assessment - 2018.9.10,-1.8106111,29.7573333,,http://www.worldpop.org.uk/data/summary?doi=10.5258/SOTON/WP00539,5288.0,27984.0,Kabakungu,816.0,Masizi,940.0,Ntarabana,1223.0,Rwamure,870.0,Gisoro,760.0,,,9/10/18,,,,,,,,,POINT (473002.48237558745 4799810.534115545),1670.95,4004.52,6589.46,9587.74,13331.17,1684.66,4003.84,6654.41,9679.92,13552.0
006f100000a86DyAAI,1007398,Rwanda,Rwanda - Rutongo - 1007398,Rejected,Technical,11/11/18,Southern Province,Muhanga,Kabacuzi,Between Gihinga Village and Mucyamo Village,Rutongo,,,,Project Assessment - 2018.8.10,-1.9643,29.76213,,http://www.worldpop.org.uk/data/summary?doi=10.5258/SOTON/WP00539,4489.0,33241.0,Gahinga,1100.0,Mucyamo,910.0,,0.0,,0.0,,0.0,,,8/10/18,,,,,,,,,POINT (473538.45868430083 4782817.933095897),1150.03,1939.43,3429.29,5503.86,8105.25,1182.54,1973.82,3536.31,5649.7,8321.83
006f100000a86DzAAI,1007399,Rwanda,Rwanda - Kurugomero - 1007399,Rejected,Technical,12/9/18,Southern Province,Muhanga,Rongi,Mugwato village ( Nyamirambo cell ) - Fumbwe village ( Gasagara cell ),Kurugomero,Bakaba river,Rwanda Full Scale Research - Randomized and Lost,,Project Assessment - 2018.9.10,-1.81295875,29.77787873,,http://www.worldpop.org.uk/data/summary?doi=10.5258/SOTON/WP00539,5053.0,28891.0,Mugwato village,1300.0,Rugogwe village,940.0,Fumbwe village,955.0,Murehe village,1232.0,,0.0,,,9/10/18,,,,,,,,,POINT (475288.27704802033 4799551.258742267),1526.74,3220.6,5599.62,9555.23,13522.86,1586.51,3249.64,5740.29,9660.29,13678.47
006f100000a86E0AAI,1007400,Rwanda,Rwanda - Karama - 1007400,Complete,In Service,2/12/21,Southern Province,Muhanga,Muhanga,Between Karama Village and Nyamitanga Village,Karama,Nyagako,Rwanda Full Scale Research - Randomized and Baselined - Intervention,,Project Assessment - 2018.8.11,-2.07322294,29.71500053,,http://www.worldpop.org.uk/data/summary?doi=10.5258/SOTON/WP00539,5844.0,59242.0,Karama,1020.0,Nyamitanga,800.0,,0.0,,0.0,,0.0,,,8/10/18,,,,,,,,,POINT (468297.6720203072 4770773.942568177),1529.9,3477.78,5641.1,10482.39,17105.39,1490.82,3542.49,5794.62,10486.61,17515.65
006f100000a86E3AAI,1007403,Rwanda,Rwanda - Kumukenke - 1007403,Rejected,Technical,12/14/18,Southern Province,Muhanga,Musaza,,Kumukenke,Nyakabuye,,,Project Assessment - 2018.12.13,-2.076671,29.716686,,http://www.worldpop.org.uk/data/summary?doi=10.5258/SOTON/WP00539,5902.0,62468.0,,0.0,,0.0,,0.0,,0.0,,0.0,,,12/13/18,,,,,,,,,POINT (468485.2275058916 4770392.737897746),1547.31,3715.4,6228.52,10834.53,18339.83,1600.85,3760.34,6333.64,11046.42,18600.72
006f100000ary6hAAA,1009296,Rwanda,Rwanda - Buyoga - 1009296,Identified,,12/31/18,Southern Province,Muhanga,Kabacuzi,Butare,Buyoga,Gasaze,,,Project Assessment - 2018.12.13,-1.930371,29.779313,,http://www.worldpop.org.uk/data/summary?doi=10.5258/SOTON/WP00539,4060.0,31315.0,Buyoga,850.0,Nyirabwayi,700.0,,0.0,,0.0,,0.0,,,12/13/18,,,,,,,,,POINT (475449.4782191 4786569.566172683),983.76,2258.78,3801.35,6255.08,9672.91,994.04,2249.96,3822.77,6411.3,9862.01
006f100000atGB5AAM,1009426,Rwanda,Rwanda - Cyuzu - 1009426,Rejected,Technical,1/27/20,Southern Province,Muhanga,Kibangu,Gitega,Cyuzu,Nyabarongo,,,Project Assessment - 2018.12.13,-1.85109,29.666005,,http://www.worldpop.org.uk/data/summary?doi=10.5258/SOTON/WP00539,7002.0,44098.0,,0.0,,0.0,,0.0,,0.0,,0.0,,,12/13/18,,,,,,,,,POINT (462842.62385807745 4795333.318810693),1507.26,4061.45,8402.95,13046.01,18607.09,1506.77,4111.37,8550.04,13422.26,19146.57
006f100000d6ksKAAQ,1012807,Rwanda,Rwanda - Nkegete - 1012807,Complete,In Service,6/29/23,Southern Province,Muhanga,Kabacuzi,Ngoma Cell (Between Peru Village and Nkegete Village),Nkegete,Gasayo,Rwanda Full Scale Research - Randomized and Baselined - Intervention,,Project Assessment - 2018.8.17,-1.91078,29.77379,,http://www.worldpop.org.uk/data/summary?doi=10.5258/SOTON/WP00539,4670.0,30168.0,Nkegete village,540.0,Peru village,901.0,,0.0,,0.0,,0.0,,,8/17/18,,,,,,,,,POINT (474834.7773877229 4788735.570857191),1194.51,2501.91,4528.43,6700.8,9344.84,1209.56,2557.3,4589.4,6796.58,9481.38
006f100000d6ksPAAQ,1012808,Rwanda,Rwanda - Nyagashubi - 1012808,Rejected,Technical,11/10/18,Southern Province,Muhanga,Shyogwe,Between Rubuye village and Gatare village,Nyagashubi,,,,Project Assessment - 2018.8.17,-2.10805,29.79286,,http://www.worldpop.org.uk/data/summary?doi=10.5258/SOTON/WP00539,8297.0,71141.0,Rubuye village,820.0,Gatare,750.0,,0.0,,0.0,,0.0,,,8/17/18,,,,,,,,,POINT (476959.03556538094 4766924.6196383545),2274.77,6128.76,11375.48,18340.67,28374.52,2334.71,6204.55,11877.97,18646.68,28962.09
006f100000d6kstAAA,1012809,Rwanda,Rwanda - Kwarasita - 1012809,Identified,,5/15/25,Southern Province,Muhanga,Kabacuzi sector,Between Butare cell(Buyoga village) and Ngoma Cell (Peru village ),Kwarasita,Bakokwe,Rwanda Full Scale Research - Randomized and Baselined - Intervention,,Project Assessment - 2018.8.17,-1.92495,29.78201,,http://www.worldpop.org.uk/data/summary?doi=10.5258/SOTON/WP00539,4119.0,31134.0,Peru village,901.0,Buyoga village,1200.0,,0.0,,0.0,,0.0,,,8/17/18,,,,,,,,,POINT (475749.4331403002 4787168.97923689),984.2,2052.97,3733.0,6722.32,10021.79,948.55,2072.73,3757.86,6818.07,10259.14
006f100000d6kt3AAA,1012810,Rwanda,Rwanda - Kamiranzogera - 1012810,Complete,In Service,11/30/22,Southern Province,Muhanga,Kabacuzi,Between Kabuga village of Kabuye cell and Kamiranzogera village of Kibyimba cell,Kamiranzogera,Gahoroshya,Rwanda Full Scale Research - Randomized and Baselined - Intervention,,Project Assessment - 2018.8.17,-1.93662,29.73471,,http://www.worldpop.org.uk/data/summary?doi=10.5258/SOTON/WP00539,5510.0,30571.0,Kabuga,1500.0,Kamiranzogera,1700.0,,0.0,,0.0,,0.0,,,8/17/18,,,,,,,,,POINT (470487.6530906081 4785877.932436771),1341.82,3045.75,5047.65,7327.25,9526.44,1314.06,3108.5,5118.35,7395.46,9764.28
006f100000d6wBUAAY,1012947,Rwanda,Rwanda - Bushyita - 1012947,Identified,,11/5/18,Southern Province,Muhanga,Kabacuzi sector,Gihinga Village(Butare Cell)- Karambo village,Bushyita,,Rwanda Full Scale Research - Randomized but Not Baselined,,Project Assessment - 2018.8.25,-1.95197033,29.77510744,,http://www.worldpop.org.uk/data/summary?doi=10.5258/SOTON/WP00539,4332.0,33406.0,Gihinga,1850.0,Karambo,982.0,Buyoga,1215.0,,0.0,,0.0,,,8/25/18,,,,,,,,,POINT (474981.9420828092 4784181.3674591025),1067.62,1971.47,3516.75,6032.92,9157.19,1090.46,2007.17,3568.34,6134.64,9379.18
006f100000d6wBZAAY,1012948,Rwanda,Rwanda - Karuvungwa - 1012948,Complete,In Service,6/20/23,Southern Province,Muhanga,Kabacuzi-Muhanga,Mpanga Village (Ngarama cell)-Munzereri village (Remera cell),Karuvungwa,Rubaba,Rwanda Full Scale Research - Randomized and Baselined - Intervention,,Project Assessment - 2018.8.25,-1.984992,29.73314,,http://www.worldpop.org.uk/data/summary?doi=10.5258/SOTON/WP00539,4717.0,31815.0,Mpanga,924.0,Munzereri,825.0,Gakondokondo,720.0,Naganiro,642.0,Kinyoni,945.0,,,8/25/18,,,,,,,,,POINT (470313.84854995756 4780529.619885906),1007.52,2207.8,3552.3,5934.54,8833.59,1021.16,2258.84,3581.72,6050.81,8983.46
006f100000d6wBZAAY,1012948,Rwanda,Rwanda - Karuvungwa - 1012948,Complete,In Service,6/20/23,Southern Province,Muhanga,Kabacuzi-Muhanga,Mpanga Village (Ngarama cell)-Munzereri village (Remera cell),Karuvungwa,Rubaba,Rwanda Full Scale Research - Randomized and Baselined - Intervention,,Project Assessment - 2018.9.20,-1.984992,29.73314,,http://www.worldpop.org.uk/data/summary?doi=10.5258/SOTON/WP00539,4717.0,31815.0,Mpanga,670.0,kinyoni,474.0,Munzereri,1127.0,Gitwa,548.0,Gakondokondo,581.0,,,9/19/18,,,,,,,,,POINT (470313.84854995756 4780529.619885906),1007.52,2207.8,3552.3,5934.54,8833.59,1021.16,2258.84,3581.72,6050.81,8983.46
006f100000d6wBeAAI,1012949,Rwanda,Rwanda - Gisiza - 1012949,Rejected,Technical,11/11/18,Southern Province,Muhanga,Muhanga,Gisiza village (Remera cell),Gisiza,,,,Project Assessment - 2018.8.25,-2.00518138,29.7139582,,http://www.worldpop.org.uk/data/summary?doi=10.5258/SOTON/WP00539,5347.0,33686.0,Gisiza,545.0,Naganiro,642.0,Muhanga,963.0,Karambo,775.0,Kasemacyende,556.0,,,8/25/18,,,,,,,,,POINT (468180.38952176645 4778297.005326201),1153.86,3145.03,5145.62,7532.92,10191.87,1200.27,3191.76,5301.83,7738.69,10477.26
006f100000d6wBoAAI,1012951,Rwanda,Rwanda - Ngoma - 1012951,Complete,In Service,2/25/21,Southern Province,Muhanga,Muhanga,Cyurutare village (Nyamirama cell )- Mataba Village (Kanyinya cell),Ngoma,Nyagako,Rwanda Full Scale Research - Randomized and Baselined - Intervention,,Project Assessment - 2018.8.25,-2.05014799,29.70737206,,http://www.worldpop.org.uk/data/summary?doi=10.5258/SOTON/WP00539,6089.0,38688.0,Cyurutare,925.0,Kabingo,867.0,Kagombero,602.0,Gitongati,1006.0,Kantonganiye,756.0,,,8/25/18,,,,,,,,,POINT (467448.63204530557 4773325.095129155),813.98,2413.98,4886.0,8371.84,12559.7,803.42,2437.2,5039.78,8557.04,12800.5
006f100000d6wBoAAI,1012951,Rwanda,Rwanda - Ngoma - 1012951,Complete,In Service,2/25/21,Southern Province,Muhanga,Muhanga,Cyurutare village (Nyamirama cell )- Mataba Village (Kanyinya cell),Ngoma,Nyagako,Rwanda Full Scale Research - Randomized and Baselined - Intervention,,Project Assessment - 2018.8.25,-2.05014799,29.70737206,,http://www.worldpop.org.uk/data/summary?doi=10.5258/SOTON/WP00539,6089.0,38688.0,Cyurutare,825.0,Mataba,950.0,Gakomeye,1025.0,Kanyungura,742.0,,0.0,,,8/25/18,,,,,,,,,POINT (467448.63204530557 4773325.095129155),813.98,2413.98,4886.0,8371.84,12559.7,803.42,2437.2,5039.78,8557.04,12800.5
006f100000d6wBtAAI,1012952,Rwanda,Rwanda - Rwabagenzi - 1012952,Complete,In Service,4/30/22,Southern Province,Muhanga,Muhanga,Rwabagenzi -Nyiramarangara (both in Nyamirama cell ),Rwabagenzi,Nyagako River,Rwanda Full Scale Research - Randomized and Baselined - Intervention,,Project Assessment - 2018.8.25,-2.04202456,29.7725994,,http://www.worldpop.org.uk/data/summary?doi=10.5258/SOTON/WP00539,7570.0,72306.0,Rwabagenzi,1150.0,Nyiramarangara,852.0,Kantonganiye,810.0,Kiyoro,756.0,Muhanga,946.0,,,8/25/18,,,,,,,,,POINT (474704.31207938446 4774224.444262169),1507.84,3966.62,7351.26,11102.73,17015.34,1537.51,4011.09,7474.45,11380.66,17450.54
006f100000d6wByAAI,1012953,Rwanda,Rwanda - Gashyushya - 1012953,Complete,In Service,2/21/20,Southern Province,Muhanga,Muhanga - Cyeza,Murama village ( Remera cell )- Munini ( Biringaga cell ),Gashyushya,Makurungwe,Rwanda Full Scale Research - Randomized and Lost,,Project Assessment - 2018.8.25,-2.01211492,29.76212259,,http://www.worldpop.org.uk/data/summary?doi=10.5258/SOTON/WP00539,5917.0,38227.0,Murama,1200.0,Munini,1000.0,,0.0,,0.0,,0.0,,,8/25/18,,,,,,,,,POINT (473538.3958605195 4777531.251875949),1340.03,2956.01,5338.81,8191.75,11032.09,1398.18,3021.0,5418.2,8254.78,11147.22
006f100000d6wC3AAI,1012954,Rwanda,Rwanda - Kinihira - 1012954,Rejected,Technical,11/16/18,Southern Province,Muhanga,Nyabinoni sector( Muhanga) - Mugunga sector (Gakenke district),Ngaru village (Masangano cell) - mutego cell in Gakenke,Kinihira,,,,Project Assessment - 2018.8.25,-1.73435,29.66043,,http://www.worldpop.org.uk/data/summary?doi=10.5258/SOTON/WP00539,8947.0,47415.0,Masangano cell,2576.0,Kamahoro,854.0,Nyamure,1026.0,,0.0,,0.0,,,8/25/18,,,,,,,,,POINT (462219.99748770933 4808240.70581709),1712.7,4204.44,7417.99,11140.37,15227.01,1802.29,4371.02,7644.04,11386.53,15532.89
006f100000d6wC8AAI,1012955,Rwanda,Rwanda - Gitega - 1012955,Rejected,Technical,12/19/18,Southern Province,Muhanga,Nyabinoni - Ngororero,Gitwa village ( nyarusozi cell ) - Kanyinya ( Kaseke cell ),Gitega,,Rwanda Full Scale Research - Randomized and Lost,,Project Assessment - 2018.8.25,-1.77229,29.66985,,http://www.worldpop.org.uk/data/summary?doi=10.5258/SOTON/WP00539,6728.0,43760.0,Gitwa,940.0,Kanyinya,584.0,Kanombe,893.0,Mugeni,427.0,Nyarusange,531.0,,,8/25/18,,,,,,,,,POINT (463268.8026725657 4804046.013286287),1332.44,3321.29,5580.67,8810.62,13104.78,1340.05,3322.68,5737.88,9107.87,13449.35
006f100000d6wCDAAY,1012956,Rwanda,Rwanda - Ruhunde - 1012956,Complete,In Service,12/6/22,Southern Province,Muhanga,Nyabinoni,Gitwa village (Nyarusozi cell ) - Nyarusange village (Mbuga cell ),Ruhunde,Ruhunde,Rwanda Full Scale Research - Randomized and Baselined - Intervention,,Project Assessment - 2018.8.25,-1.77785489,29.67587526,,http://www.worldpop.org.uk/data/summary?doi=10.5258/SOTON/WP00539,6892.0,42006.0,Nyarusange,531.0,Gitwa,940.0,Gitaba,612.0,Karengeri,389.0,Murama,379.0,,,8/25/18,,,,,,,,,POINT (463939.26459852536 4803430.843692024),1448.31,3295.14,5995.61,8969.73,12042.54,1521.74,3448.78,6159.17,9333.23,12430.28
006f100000d6wCIAAY,1012957,Rwanda,Rwanda - Mbuga Kwa Habuhazi - 1012957,Rejected,Technical,11/10/18,Southern Province,Muhanga,Nyabinoni,Murama village (Mbuga cell ) - Nyarusange ( Mbuga cell),Mbuga Kwa Habuhazi,,,,Project Assessment - 2018.8.25,-1.78470369,29.68177755,,http://www.worldpop.org.uk/data/summary?doi=10.5258/SOTON/WP00539,7716.0,39691.0,Nyarusange,251.0,Murama,379.0,Karengere,389.0,Gitaba,612.0,,0.0,,,8/25/18,,,,,,,,,POINT (464596.0657778864 4802673.713441396),1540.87,3230.71,5688.94,8801.13,12775.76,1667.65,3391.09,5939.07,9013.45,13107.61
006f100000d6wCNAAY,1012958,Rwanda,Rwanda - Mu Kivogo - 1012958,Rejected,Technical,12/9/18,Southern Province,Muhanga,Nyabinoni,Murama village (Mbuga cell) - Ryakiyange village (Gashorera cell),Mu Kivogo,,Rwanda Full Scale Research - Randomized and Lost,,Project Assessment - 2018.8.25,-1.79307191,29.6751037,,http://www.worldpop.org.uk/data/summary?doi=10.5258/SOTON/WP00539,7216.0,41113.0,Munini,475.0,Murama,379.0,Ryakiyange,575.0,Muzamuzi,452.0,,0.0,,,8/25/18,,,,,,,,,POINT (463853.720462074 4801748.34232265),947.15,2956.12,5806.45,9812.81,13830.85,1014.95,2991.99,6022.6,10084.64,14250.53
006f100000d761GAAQ,1013247,Rwanda,Rwanda - Gisayo - 1013247,Rejected,Technical,11/5/18,Southern Province,Muhanga,Mushishiro,Nyanza village ( Rwigerero cell) - Gisovu village ( Nyagasozi cell ),Gisayo,Gatura river,,,Project Assessment - 2018.9.2,-2.01790012,29.67739076,,http://www.worldpop.org.uk/data/summary?doi=10.5258/SOTON/WP00539,5492.0,36210.0,Nyanza,1400.0,Gisovu,727.0,,0.0,,0.0,,0.0,,,9/2/18,,,,,,,,,POINT (464112.82371428405 4776889.984705047),1368.77,2566.19,5220.35,8099.02,11751.88,1433.59,2679.43,5309.05,8206.62,12019.72
006f100000d761LAAQ,1013248,Rwanda,Rwanda - Gatura - 1013248,Rejected,Technical,11/10/18,Southern Province,Muhanga,Mushishiro,Kanombe village ( Nyagasozi cell ) - Nyanza village ( Rwigerero cell ),Gatura,Gatura,,,Project Assessment - 2018.9.2,-2.0118896,29.68145493,,http://www.worldpop.org.uk/data/summary?doi=10.5258/SOTON/WP00539,5857.0,35611.0,Nyanza,1400.0,Kanombe,1523.0,,0.0,,0.0,,0.0,,,9/2/18,,,,,,,,,POINT (464564.7983547589 4777554.634775858),1404.29,3495.71,5693.96,8362.62,12019.84,1474.54,3629.18,5942.42,8522.15,12270.91
006f100000d761QAAQ,1013249,Rwanda,Rwanda - Kucyuzi - 1013249,Rejected,Technical,11/5/18,Southern Province,Muhanga,Mushishiro,Rwuki village - Nyamasheke village,Kucyuzi,Rukoma,,,Project Assessment - 2018.9.2,-2.03657322,29.66738107,,http://www.worldpop.org.uk/data/summary?doi=10.5258/SOTON/WP00539,5712.0,35053.0,Rwuki,660.0,Nyamasheke,1300.0,,0.0,,0.0,,0.0,,,9/2/18,,,,,,,,,POINT (462999.75355984765 4774825.141599845),1350.93,2955.81,5031.08,7794.7,11239.89,1346.59,2984.32,5171.37,7921.44,11484.6
006f100000d761VAAQ,1013250,Rwanda,Rwanda - Gahama - 1013250,Rejected,Technical,11/11/18,Southern Province,Muhanga,Mushishiro,Gihara village ( Nyagasozi cell ),Gahama,Gisuma,,,Project Assessment - 2018.9.2,-2.0290507,29.69007869,,http://www.worldpop.org.uk/data/summary?doi=10.5258/SOTON/WP00539,6015.0,36305.0,Gihara village,735.0,Gasharu village,700.0,Kibonwa,852.0,Gisovu,684.0,Kanombe,1220.0,,,9/2/18,,,,,,,,,POINT (465524.48351943126 4775657.381479653),1169.0,2861.86,4795.65,7632.32,11614.22,1126.78,2884.65,4910.25,7813.71,11801.24
006f100000d761aAAA,1013251,Rwanda,Rwanda - Gasharu - 1013251,Rejected,Technical,11/5/18,Southern Province,Muhanga,Mushishiro,Gasharu- Bandora ( both in Nyagasozi cell ),Gasharu,Gasharu river,,,Project Assessment - 2018.9.2,-2.02696824,29.69545811,,http://www.worldpop.org.uk/data/summary?doi=10.5258/SOTON/WP00539,5797.0,36347.0,Gasharu,700.0,Gihara,1100.0,Kanombe,1220.0,Bandora,685.0,,0.0,,,9/2/18,,,,,,,,,POINT (466122.8503425699 4775887.744733475),1106.7,2666.75,4791.03,7747.18,11346.45,1114.47,2652.91,4953.16,7840.83,11472.78
006f100000d761fAAA,1013252,Rwanda,Rwanda - Budashya - 1013252,Rejected,Technical,11/5/18,Southern Province,Muhanga,Kibangu,Mubuga village ( Mubuga cell ) - Jarama( Mubuga cell ),Budashya,Mazimero river,,,Project Assessment - 2018.9.2,-1.83974569,29.70503476,,http://www.worldpop.org.uk/data/summary?doi=10.5258/SOTON/WP00539,5510.0,34235.0,Mubuga,575.0,Njarama,612.0,,0.0,,0.0,,0.0,,,9/2/18,,,,,,,,,POINT (467184.5683291471 4796588.38185063),1198.54,2575.46,4409.85,7255.58,10573.1,1204.07,2579.75,4560.29,7423.63,10894.33
006f100000d761kAAA,1013253,Rwanda,Rwanda - Cyuzu - 1013253,Rejected,Technical,11/5/18,Southern Province,Muhanga,Kibangu,Cyuzu village (Gitega cell )- Gakurwe village ( Rubyiniro cell ),Cyuzu,Nyirankanza,,,Project Assessment - 2018.9.2,-1.85356287,29.67139626,,http://www.worldpop.org.uk/data/summary?doi=10.5258/SOTON/WP00539,7313.0,42597.0,Cyuzu,1111.0,Gakurwe,521.0,Kaziba,450.0,Murehe,536.0,Bukiro,652.0,,,9/2/18,,,,,,,,,POINT (463442.46586071706 4795060.014988307),1538.26,3655.84,7668.64,12280.67,17300.44,1577.91,3657.71,7910.94,12507.36,17657.11
006f100000d761pAAA,1013254,Rwanda,Rwanda - Nyakirambo - 1013254,Rejected,Technical,11/10/18,Southern Province,Muhanga,Kibangu,Murambi village - Rubona village,Nyakirambo,Nyakirambo,,,Project Assessment - 2018.9.2,-1.8784817,29.69778352,,http://www.worldpop.org.uk/data/summary?doi=10.5258/SOTON/WP00539,4951.0,33585.0,Rubona,588.0,Murambi,654.0,Kimisange,523.0,Rumirantege,542.0,,0.0,,,9/2/18,,,,,,,,,POINT (466378.57986042014 4792305.363826437),770.47,2098.3,3973.44,6578.76,9725.74,813.41,2182.31,4233.46,6748.18,10000.9
006f100000d761uAAA,1013255,Rwanda,Rwanda - Kwa Munyarubuga - 1013255,Rejected,,11/27/18,Southern Province,Muhanga,Kibangu - Muhororo,Kimisange village,Kwa Munyarubuga,Nyabarongo,,,Project Assessment - 2018.9.2,-1.87302569,29.67017014,,http://www.worldpop.org.uk/data/summary?doi=10.5258/SOTON/WP00539,6569.0,41034.0,Kimisange,524.0,Nzarwa,864.0,Murambi,654.0,Rumirantege,542.0,Kirehe,519.0,,,9/2/18,,,,,,,,,POINT (463306.45992018696 4792908.058952682),1300.98,3605.92,6523.18,10252.53,15214.09,1371.4,3720.81,6736.46,10710.63,15654.63
006f100000d761zAAA,1013256,Rwanda,Rwanda - Kwa Rukeratabaro - 1013256,Complete,In Service,3/4/22,Southern Province,Muhanga,Kibangu,Nyaruvumu village ( Mubuga cell ) - Nkondo village ( Gitega cell ),Kwa Rukeratabaro,Nyakabanda river,Rwanda Full Scale Research - Randomized and Baselined - Intervention,,Project Assessment - 2018.9.2,-1.83836538,29.68433685,,http://www.worldpop.org.uk/data/summary?doi=10.5258/SOTON/WP00539,7911.0,39742.0,Nyaruvumu,525.0,Nyarubuye,673.0,Mushubaguriko,524.0,Kinogi,419.0,Nkondo,623.0,,,9/2/18,,,,,,,,,POINT (464881.83771449537 4796740.603334539),1895.29,4340.98,7361.04,9994.11,14279.91,1960.81,4427.24,7498.41,10216.88,14589.15
006f100000d7624AAA,1013257,Rwanda,Rwanda - Mu Gisuma - 1013257,Rejected,Technical,11/11/18,Southern Province,Muhanga,Kibangu - Nyabinoni,Mwumba village ( Ryakanimba cell ) - Ndaragati village ( Gashorera cell ),Mu Gisuma,Rusasa river,,,Project Assessment - 2018.9.2,-1.81917977,29.69307801,,http://www.worldpop.org.uk/data/summary?doi=10.5258/SOTON/WP00539,6635.0,38769.0,Musekera,558.0,Mwumba,564.0,Mushubaguriko,652.0,Ntangamenyo,632.0,Ndaragati,553.0,,,9/2/18,,,,,,,,,POINT (465853.95624292304 4798862.047892695),1341.83,2912.33,4892.1,7453.4,11197.14,1396.68,3035.07,5004.23,7654.26,11372.65
006f100000d7629AAA,1013258,Rwanda,Rwanda - Burumba - 1013258,Rejected,Technical,11/11/18,Southern Province,Muhanga,Kibangu- Nyabinoni,Musekera village ( Ryakinamba cell ) - Ryakiyange village ( Gashorera cell ),Burumba,Burumba,,,Project Assessment - 2018.9.2,-1.81408288,29.67507767,,http://www.worldpop.org.uk/data/summary?doi=10.5258/SOTON/WP00539,7251.0,42831.0,Musekera,558.0,Nyamugari,459.0,Ryakiyange,575.0,Muzamuzi,460.0,Kinogi,419.0,,,9/2/18,,,,,,,,,POINT (463851.2391069642 4799425.240704433),844.1,2886.5,5667.41,9891.18,14457.28,875.66,2961.06,5793.36,10121.74,14687.06
006f100000d762EAAQ,1013259,Rwanda,Rwanda - Musenyi - 1013259,Rejected,Social,12/31/18,Southern Province,Muhanga,Mushishiro,Rwinkindi village ( Munazi cell ) - Bandora village (Nyagasozi cell ),Musenyi,Gikeri river,Rwanda Full Scale Research - Randomized and Lost,,Project Pre-Assessment - 2022.11.14,-2.01249,29.698941,3770.0,http://www.worldpop.org.uk/data/summary?doi=10.5258/SOTON/WP00539,6043.0,35094.0,Bandora,750.0,Gasharu,600.0,Muhanga,800.0,Gihara,760.0,Rwikindi,860.0,,0.0,11/14/22,,0.0,,0.0,,0.0,,0.0,POINT (466509.99314615974 4777488.620125784),1558.34,3665.91,5663.63,8619.37,12175.65,1606.12,3667.43,5803.84,8802.55,12541.15
006f100000d762EAAQ,1013259,Rwanda,Rwanda - Musenyi - 1013259,Rejected,Social,12/31/18,Southern Province,Muhanga,Mushishiro,Rwinkindi village ( Munazi cell ) - Bandora village (Nyagasozi cell ),Musenyi,Gikeri river,Rwanda Full Scale Research - Randomized and Lost,,Project Pre-Assessment - 2023.8.17,-2.01249,29.698941,4454.0,http://www.worldpop.org.uk/data/summary?doi=10.5258/SOTON/WP00539,6043.0,35094.0,Muhanga,886.0,Bandora,744.0,Basharu,894.0,Rwinkindi,924.0,Kiyoro,1006.0,,0.0,8/17/23,,0.0,,0.0,,0.0,,0.0,POINT (466509.99314615974 4777488.620125784),1558.34,3665.91,5663.63,8619.37,12175.65,1606.12,3667.43,5803.84,8802.55,12541.15
006f100000d762EAAQ,1013259,Rwanda,Rwanda - Musenyi - 1013259,Rejected,Social,12/31/18,Southern Province,Muhanga,Mushishiro,Rwinkindi village ( Munazi cell ) - Bandora village (Nyagasozi cell ),Musenyi,Gikeri river,Rwanda Full Scale Research - Randomized and Lost,,Project Assessment - 2018.9.2,-2.01249,29.698941,,http://www.worldpop.org.uk/data/summary?doi=10.5258/SOTON/WP00539,6043.0,35094.0,Rwinkindi,670.0,Bandora,720.0,Gihara,730.0,Gasharu,540.0,,0.0,,,9/2/18,,,,,,,,,POINT (466509.99314615974 4777488.620125784),1558.34,3665.91,5663.63,8619.37,12175.65,1606.12,3667.43,5803.84,8802.55,12541.15
006f100000d762JAAQ,1013260,Rwanda,Rwanda - Munazi - 1013260,Rejected,Technical,11/11/18,Southern Province,Muhanga,Mushishiro sector,Rwinkindi village ( Munazi cell ) - Nyanza village ( Rwigerero cell ),Munazi,Gikeri river,,,Project Assessment - 2018.9.2,-2.01273958,29.69851613,,http://www.worldpop.org.uk/data/summary?doi=10.5258/SOTON/WP00539,6043.0,35094.0,Rwinkindi village,670.0,Nyanza village,542.0,Nyamasheke village,624.0,Kanyinya village,745.0,,0.0,,,9/2/18,,,,,,,,,POINT (466462.73498163145 4777461.016304932),1555.79,3613.67,5678.58,8616.64,12230.56,1609.39,3645.38,5840.27,8755.84,12497.58
006f100000d762OAAQ,1013261,Rwanda,Rwanda - Ku Gatare - 1013261,Rejected,Technical,11/5/18,Southern Province,Muhanga,Mushishiro - Rugendabari,Kiyoro village ( Munazi cell ) - Nyamatete village ( Gasave cell ),Ku Gatare,Kirigi river,,,Project Pre-Assessment - 2023.9.20,-1.993184,29.689347,2158.0,http://www.worldpop.org.uk/data/summary?doi=10.5258/SOTON/WP00539,6092.0,35427.0,Nyamatete,1000.0,Giturwa,500.0,Kiyoro,658.0,Nyamatete,0.0,,0.0,,0.0,9/20/23,,0.0,,0.0,,0.0,,0.0,POINT (465442.33526572963 4779623.011237707),1371.17,3442.27,5599.6,8538.46,12897.02,1346.2,3508.64,5717.04,8769.53,13106.1
006f100000d762OAAQ,1013261,Rwanda,Rwanda - Ku Gatare - 1013261,Rejected,Technical,11/5/18,Southern Province,Muhanga,Mushishiro - Rugendabari,Kiyoro village ( Munazi cell ) - Nyamatete village ( Gasave cell ),Ku Gatare,Kirigi river,,,Project Assessment - 2018.9.2,-1.993184,29.689347,,http://www.worldpop.org.uk/data/summary?doi=10.5258/SOTON/WP00539,6092.0,35427.0,Kiyoro,1420.0,Nyamatete,930.0,,0.0,,0.0,,0.0,,,9/2/18,,,,,,,,,POINT (465442.33526572963 4779623.011237707),1371.17,3442.27,5599.6,8538.46,12897.02,1346.2,3508.64,5717.04,8769.53,13106.1
006f100000d762TAAQ,1013262,Rwanda,Rwanda - Nyamugari - 1013262,Rejected,Technical,11/5/18,Southern Province,Muhanga,Mushishiro,Kabare village ( Munazi cell ) - Kivumu village ( Rukaragate cell ),Nyamugari,Gasimbuko,,,Project Assessment - 2018.9.2,-1.99009157,29.667002,,http://www.worldpop.org.uk/data/summary?doi=10.5258/SOTON/WP00539,6020.0,36104.0,Kabare village,1370.0,Kivumu,810.0,,0.0,,0.0,,0.0,,,9/2/18,,,,,,,,,POINT (462956.53628037206 4779964.4445809),1526.13,2979.92,4949.25,7274.53,11275.62,1541.54,3082.22,5058.09,7414.38,11553.35
006f100000d762YAAQ,1013263,Rwanda,Rwanda - Shyagari - 1013263,Complete,In Service,11/25/22,Southern Province,Muhanga,Mushishiro,Kabare village ( Munazi cell) - Nyanza village ( Rwigerero cell ),Shyagari,Gikeri,Rwanda Full Scale Research - Randomized and Baselined - Intervention,,Project Assessment - 2018.9.2,-2.00393039,29.67555126,,http://www.worldpop.org.uk/data/summary?doi=10.5258/SOTON/WP00539,6114.0,35794.0,Kabare,1376.0,Nyanza,1233.0,,0.0,,0.0,,0.0,,,9/2/18,,,,,,,,,POINT (463907.88791733707 4778434.526294555),1527.72,3449.44,5465.01,8317.54,11680.52,1635.7,3437.26,5659.5,8402.44,11831.44
006f100000d7EZHAA2,1013349,Rwanda,Rwanda - Rusuzumiro - 1013349,Complete,In Service,7/3/23,Southern Province,Muhanga,Mushishiro,Kabeza village ( Matyazo cell ) - Rugerero village ( Rukaragata cell ),Rusuzumiro,Gikeri river,Rwanda Full Scale Research - Randomized and Baselined - Intervention,,Project Assessment - 2018.9.10,-1.98365945,29.65245312,,http://www.worldpop.org.uk/data/summary?doi=10.5258/SOTON/WP00539,5548.0,36604.0,Kabeza,1452.0,Gitwa,869.0,Cyarubambire,754.0,Rugerero,1117.0,Kamurekezi,758.0,,,9/10/18,,,,,,,,,POINT (461337.9163081216 4780675.288400386),1042.65,2272.49,4604.36,7227.6,10099.81,1065.64,2327.31,4667.26,7321.6,10358.21
006f100000d7EZMAA2,1013350,Rwanda,Rwanda - Hanika - 1013350,Complete,In Service,11/24/22,Southern Province,Muhanga,Mushishiro - Rugendabari,Hanika village ( Rukaragata cell ) - Nyagasozi village ( Gasave cell ),Hanika,Kirigi,Rwanda Full Scale Research - Randomized and Baselined - Intervention,,Project Assessment - 2018.9.10,-1.97717889,29.67449787,,http://www.worldpop.org.uk/data/summary?doi=10.5258/SOTON/WP00539,5867.0,38182.0,Hanika,1564.0,Nyagasozi village,1653.0,Bitsibo,984.0,Gasharu,769.0,,0.0,,,9/10/18,,,,,,,,,POINT (463790.12246473983 4781392.318761107),1235.18,2746.48,4509.26,7809.7,11857.8,1297.5,2774.2,4652.13,8076.1,12124.91
006f100000d7EZRAA2,1013351,Rwanda,Rwanda - Kiciro - 1013351,Complete,In Service,5/29/20,Southern Province,Muhanga,Nyarusange,Kiciro village ( Musongati cell ) - Gasharu village ( Mbiriri cell ),Kiciro,Gisozi,Rwanda Full Scale Research - Randomized and Lost,,Project Assessment - 2018.9.10,-2.05545934,29.64411986,,http://www.worldpop.org.uk/data/summary?doi=10.5258/SOTON/WP00539,4689.0,32937.0,Kiciro,1534.0,Gasharu,769.0,Karucura,860.0,Kamanga,1020.0,Murambi,984.0,,,9/10/18,,,,,,,,,POINT (460412.6271217655 4772736.411707272),1053.73,2514.61,4265.75,6737.51,10011.44,1093.01,2572.73,4369.35,6870.8,10310.55
0063Z00000zxRsfQAE,1047573,Rwanda,Rwanda - Kamihingo - 1047573,Identified,,5/17/25,Northern Province,Musanze,Nkotsi,Bikara,Kamihingo,Mukungwa,,,Project Assessment - 2023.8.16,-1.57361,29.65,3290.0,https://api.worldpop.org/v1/services/stats?,8931.82,58448.92,Karambi,493.0,Kiruhura,746.0,Kabuye,632.0,Muheta,574.0,Gisororo,845.0,,0.0,8/16/23,,0.0,,0.0,,0.0,,0.0,POINT (461056.4248602992 4826012.908253683),1294.15,4531.67,8893.78,14671.71,21095.11,1278.3,4566.49,9018.1,14693.17,21306.65
0063Z00000zxRsfQAE,1047573,Rwanda,Rwanda - Kamihingo - 1047573,Identified,,5/17/25,Northern Province,Musanze,Nkotsi,Bikara,Kamihingo,Mukungwa,,,Project Pre-Assessment - 2018.8.24,-1.57361,29.65,,https://api.worldpop.org/v1/services/stats?,8931.82,58448.92,,0.0,,0.0,,0.0,,0.0,,0.0,,,8/24/18,,,,,,,,,POINT (461056.4248602992 4826012.908253683),1294.15,4531.67,8893.78,14671.71,21095.11,1278.3,4566.49,9018.1,14693.17,21306.65
0063Z00000zxRskQAE,1047574,Rwanda,Rwanda - Rubindi - 1047574,Identified,,12/31/25,Northern Province,Musanze,Nkotsi,Bikara,Rubindi,Mukungwa,,,Project Assessment - 2023.8.16,-1.590064,29.650559,2056.0,https://api.worldpop.org/v1/services/stats?,8529.8,52594.86,Rubindi,718.0,Karambi,493.0,Gisororo,845.0,,0.0,,0.0,,0.0,8/16/23,,0.0,,0.0,,0.0,,0.0,POINT (461118.93038002215 4824193.663552459),1188.0,3571.8,9243.36,14508.78,19411.58,1172.6,3649.85,9102.91,14639.92,19676.99
0063Z00001051rhQAA,1046681,Rwanda,Rwanda - CYUVE - 1046681,Cancelled,,12/31/23,Northern Province,Musanze,"CYUVE, MUSANZE",RWEBEYA,CYUVE,RWEBEYA,,,Project Pre-Assessment - 2023.6.27,-1.493258,29.627236,11336.0,https://api.worldpop.org/v1/services/stats?,46689.29,148069.42,Kageyo,1418.0,Ruvumu,1462.0,Bukane,4675.0,Nyaruhengeri,1325.0,Mubuga,1338.0,Gaturo,1118.0,6/27/23,,0.0,,0.0,,0.0,,0.0,POINT (458521.9531284293 4834896.69817088),16145.12,30710.77,46701.79,68805.12,86903.61,16358.52,31384.69,48103.97,69782.56,87882.85
006Ns00000PGDm6IAH,1053141,Rwanda,Rwanda - Mukinga 2 - 1053141,Identified,Requested,12/31/24,Northern Province,Musanze,Rwaza,Kabushinge/Musezero,Mukinga 2,Mukinga,,,Project Pre-Assessment - 2024.10.25,-1.557424,29.682601,3696.0,https://api.worldpop.org/v1/services/stats?,10460.31,63066.14,Gicuba,580.0,Nyarugando,853.0,Murambi,563.0,Gihango,805.0,Kamabuye,895.0,,0.0,10/25/24,,0.0,,0.0,,0.0,,0.0,POINT (464683.620349262 4827803.1057007825),2743.27,5878.6,10604.08,16222.08,22816.19,2707.51,5956.96,10801.24,16479.79,23207.48
006Ns00000PGdocIAD,1053145,Rwanda,Rwanda - Rwebeya 1 - 1053145,Under Construction,,1/7/25,Northern Province,Musanze,Muhoza,Ruhengeri,Rwebeya 1,Rwebeya,,,Project Assessment - 2024.10.25,-1.512599,29.629307,4088.0,https://api.worldpop.org/v1/services/stats?,44103.48,150207.19,Bushozi,825.0,Burera,862.0,Kabaya,829.0,Rukereza,752.0,"Nduruma,Nyagumba",820.0,,0.0,10/25/24,,0.0,,0.0,,0.0,,0.0,POINT (458752.7627367611 4832758.274158521),11424.62,22081.62,40540.03,65415.62,87384.73,11385.81,22278.95,40766.35,66173.39,88074.8
006Ns00000PGiZnIAL,1053143,Rwanda,Rwanda - Muhe - 1053143,Confirmed,,12/31/24,Northern Province,Musanze,Musanze,Cyabagarura,Muhe,Muhe,,,Project Pre-Assessment - 2024.10.25,-1.496536,29.615591,4326.0,https://api.worldpop.org/v1/services/stats?,35228.84,140947.19,Gataro,850.0,Gakoro,896.0,Bukane,870.0,Ruvumu,850.0,Rugeyo,860.0,,0.0,10/25/24,,0.0,,0.0,,0.0,,0.0,POINT (457226.2395282994 4834534.038141166),7345.96,19471.27,34212.85,51451.23,67341.69,7675.03,20181.88,34804.2,51934.73,68429.05
006Ns00000PGkzmIAD,1053147,Rwanda,Rwanda - Kiryi - 1053147,Identified,Requested,12/31/24,Northern Province,Musanze,Muhoza,Cyabararika,Kiryi,Mpenge,,,Project Pre-Assessment - 2024.10.25,-1.520748,29.662589,4226.0,https://api.worldpop.org/v1/services/stats?,20340.72,135324.25,Buhuye,857.0,Kiryi,850.0,Gacaca,872.0,Mukungwa,823.0,Gasanze,824.0,,0.0,10/25/24,,0.0,,0.0,,0.0,,0.0,POINT (462456.2568710769 4831857.876529562),4131.06,8097.22,14044.76,24426.89,39972.0,4248.72,8197.45,13950.67,24168.12,39480.48
006Ns00000PGlW1IAL,1053142,Rwanda,Rwanda - Mukinga 3 - 1053142,Identified,Requested,12/31/24,Northern Province,Musanze,Rwaza,Kabushinge,Mukinga 3,Mukinga,,,Project Pre-Assessment - 2024.10.25,-1.549125,29.674719,3924.0,https://api.worldpop.org/v1/services/stats?,10140.69,73095.44,Nyakarambi,1102.0,Busane,580.0,Nyarugando,680.0,Kansenda,782.0,Nyagisozi,780.0,,0.0,10/25/24,,0.0,,0.0,,0.0,,0.0,POINT (463806.4547195791 4828720.557798193),2652.22,5759.85,9908.35,15402.5,21979.13,2720.69,5750.27,9924.71,15667.81,22223.73
006Ns00000PGlfhIAD,1053144,Rwanda,Rwanda - Rwebeya 2 - 1053144,Under Construction,,1/24/25,Northern Province,Musanze,Muhoza,Ruhengeri,Rwebeya 2,Rwebeya,,,Project Pre-Assessment - 2024.10.25,-1.520361,29.629518,4305.0,https://api.worldpop.org/v1/services/stats?,30182.54,145968.0,Kabaya,1200.0,Bushozi,850.0,Buhoro,842.0,Kibuye,586.0,Songa and rukerezi,827.0,,0.0,10/25/24,,0.0,,0.0,,0.0,,0.0,POINT (458776.3880274727 4831900.06239353),7641.05,15836.79,27820.94,43988.62,70475.93,7702.98,15654.72,27882.34,44157.92,70750.54
006Ns00000PGlivIAD,1053146,Rwanda,Rwanda - Susa 3 - 1053146,Under Construction,,2/28/25,Northern Province,Musanze,Kimonyi-Muhoza,Birira,Susa 3,Susa,,,Project Pre-Assessment - 2024.10.25,-1.513483,29.61725,4477.0,https://api.worldpop.org/v1/services/stats?,30631.47,141730.78,Kadahenda,872.0,Susa,982.0,Kabere,785.0,Muhe,986.0,Burera,852.0,,0.0,10/25/24,,0.0,,0.0,,0.0,,0.0,POINT (457411.1704518218 4832660.300544134),7020.38,16941.3,30254.05,42947.37,60174.35,7087.72,17003.6,30837.77,43706.44,61082.26
006Ns00000PGlkXIAT,1053148,Rwanda,Rwanda - Kanywambogo - 1053148,Confirmed,,12/31/24,Northern Province,Musanze,Nkotsi,Kabikara,Kanywambogo,Kanywambogo,,,Project Pre-Assessment - 2024.10.25,-1.585627,29.640355,3549.0,https://api.worldpop.org/v1/services/stats?,9420.35,52427.34,Rubindi,850.0,Kinkware,580.0,Kabaya,682.0,Kindiki,857.0,Kiruhura,580.0,,0.0,10/25/24,,0.0,,0.0,,0.0,,0.0,POINT (459983.4671245167 4824684.051097206),3161.28,6076.24,8696.26,12783.48,18325.41,3107.62,6082.03,8705.21,12902.41,18570.86
006Ns00000PGlm9IAD,1053149,Rwanda,Rwanda - Rwebeya 3 - 1053149,Prospecting,,1/31/25,Northern Province,Musanze,Muhoza,Ruhengeri,Rwebeya 3,Rwebeya,,,Project Pre-Assessment - 2024.10.25,-1.515624,29.629354,3721.0,https://api.worldpop.org/v1/services/stats?,38376.98,148683.62,Bushozi,850.0,Kabaya,586.0,Buhoro,587.0,Nyamagumba,842.0,Rukereza,856.0,,0.0,10/25/24,,0.0,,0.0,,0.0,,0.0,POINT (458758.0496999052 4832423.811935592),9738.55,19968.78,33445.72,57039.55,82464.99,9901.21,20011.21,33394.07,57500.41,83197.33
006Ns00000WRRL4IAP,1053840,Rwanda,Rwanda - Buremo - 1053840,Identified,,12/31/25,Northern Province,Musanze,Cyuve,Mugeshi,Buremo,Cyuve,,,Project Pre-Assessment - 2025.2.24,-1.468035,29.640008,11324.0,https://api.worldpop.org/v1/services/stats?,13168.13,134687.78,Buremo,909.0,Kamanga,1080.0,Kabaya,975.0,Rabika,896.0,Mugari,815.0,Karinzi,2854.0,2/24/25,Kareba,1475.0,Kiviriza,891.0,Gakenke,654.0,Nyaruyaga,775.0,POINT (459942.6803769075 4837685.745092649),2091.43,5782.64,11309.64,22437.52,41314.83,2175.64,5797.1,11368.66,22785.47,41944.94
006f100000a86E9AAI,1007409,Rwanda,Rwanda - Rubindi - 1007409,Rejected,,12/31/13,Northern Province,Musanze,Nkotsi,,Rubindi,Mukungwa,,,Project Pre-Assessment - 2018.8.24,-1.5931667,29.6469167,0.0,http://www.worldpop.org.uk/data/summary?doi=10.5258/SOTON/WP00539,8006.0,56393.0,,0.0,,0.0,,0.0,,0.0,,0.0,,,8/24/18,,,,,,,,,POINT (460713.7180734968 4823850.540905656),1178.93,3905.79,9212.92,14083.89,19091.1,1166.7,3877.69,9172.07,14278.05,19289.39
006f100000a86ECAAY,1007412,Rwanda,Rwanda - Kukasedurugu - 1007412,Complete,In Service,11/10/23,Northern Province,Musanze,Rwaza-gacaca,Kabirizi/ mukungwa- kabushinge/nyagisozi,Kukasedurugu,Mukungwa,Rwanda Full Scale Research - Randomized but Not Baselined,,Project Assessment - 2018.8.17,-1.536111111,29.67916667,,http://www.worldpop.org.uk/data/summary?doi=10.5258/SOTON/WP00539,10857.0,80501.0,Mukungwa,750.0,Nyagisozi,850.0,,0.0,,0.0,,0.0,,,8/17/18,,,,,,,,,POINT (464301.1288415983 4830159.523835075),2190.32,4548.5,9287.5,15414.39,21869.96,2111.15,4627.56,9394.08,15657.93,22029.92
006f100000d7EKWAA2,1013293,Rwanda,Rwanda - Kamurera - 1013293,Rejected,Vehicular Bridge Required,11/29/18,Northern Province,Musanze,Remera,Kamisave,Kamurera,Kibugabuga,,,Project Assessment - 2018.9.9,,,876.0,,,,Kamurera,876.0,,0.0,,0.0,,0.0,,0.0,,,9/9/18,,,,,,,,,POINT (Infinity Infinity),,,,,,,,,,
006f100000d7EKbAAM,1013294,Rwanda,Rwanda - Gakoro - 1013294,Rejected,Vehicular Bridge Required,11/29/18,Northern Province,Musanze,Musanze,Rwambogo,Gakoro,Susa,,,Project Assessment - 2018.9.9,,,1345.0,,,,Gakoro,1345.0,,0.0,,0.0,,0.0,,0.0,,,9/9/18,,,,,,,,,POINT (Infinity Infinity),,,,,,,,,,
006f100000d7EKgAAM,1013295,Rwanda,Rwanda - Runyangwe - 1013295,Rejected,Vehicular Bridge Required,11/29/18,Northern Province,Musanze,Musanze,Rwambogo,Runyangwe,Muhe,,,Project Assessment - 2018.9.9,,,976.0,,,,Runyangwe,976.0,Cyabagarura,0.0,,0.0,,0.0,,0.0,,,9/9/18,,,,,,,,,POINT (Infinity Infinity),,,,,,,,,,
006f100000d7EKlAAM,1013296,Rwanda,Rwanda - Rugari 2 - 1013296,Rejected,Vehicular Bridge Required,11/29/18,Northern Province,Musanze,Remera,Kamisave,Rugari 2,Mukinga,,,Project Assessment - 2018.9.9,,,876.0,,,,Rugari,876.0,,0.0,,0.0,,0.0,,0.0,,,9/9/18,,,,,,,,,POINT (Infinity Infinity),,,,,,,,,,
006f100000d7ELAAA2,1013301,Rwanda,Rwanda - Kukamagi - 1013301,Rejected,Technical,11/15/18,Northern Province,Musanze,Gashaki,Mbwe,Kukamagi,Mukinga,,,Project Assessment - 2018.9.9,-1.585599,29.749456,,http://www.worldpop.org.uk/data/summary?doi=10.5258/SOTON/WP00539,9475.0,54828.0,Budiho,580.0,Kivuruga,520.0,Kabuhoma,512.0,Kamwumba,530.0,,0.0,,,9/9/18,,,,,,,,,POINT (472122.8759329795 4824688.935617605),2453.46,5321.58,8595.87,12510.06,17227.93,2511.82,5381.46,8782.65,12791.78,17551.92
006f100000d7ELUAA2,1013305,Rwanda,Rwanda - Kabuba - 1013305,Rejected,Technical,11/10/18,Northern Province,Musanze,Gashaki,Mbwe,Kabuba,Mukinga,,,Project Assessment - 2018.9.9,-1.583976,29.74787,,http://www.worldpop.org.uk/data/summary?doi=10.5258/SOTON/WP00539,9423.0,54997.0,Budiho,580.0,Kivuruga,520.0,Kabuhoma,512.0,Kamwumba,530.0,,0.0,,,9/9/18,,,,,,,,,POINT (471946.3844728255 4824868.361425632),2431.36,5097.34,8622.64,12403.86,17234.94,2463.35,5228.45,8767.15,12598.61,17528.51
006f100000d7ELoAAM,1013309,Rwanda,Rwanda - Kamisave~kukibuga - 1013309,Rejected,Social,9/13/18,Northern Province,Musanze,Remera,Kamisave,Kamisave~kukibuga,Mukinga,,,Project Assessment - 2018.9.9,-1.562608,29.705632,,http://www.worldpop.org.uk/data/summary?doi=10.5258/SOTON/WP00539,12588.0,70056.0,Kamurera,876.0,Rugari,640.0,,0.0,,0.0,,0.0,,,9/9/18,,,,,,,,,POINT (467246.3393909025 4827230.305946369),2817.97,5943.24,9804.72,14875.68,21400.41,2880.42,5961.74,10029.86,15166.74,21645.58
006f100000d7EMIAA2,1013311,Rwanda,Rwanda - Pansezi - 1013311,Rejected,Technical,11/11/18,Northern Province,Musanze,Rwaza,Kabushinge,Pansezi,Mukinga,,,Project Assessment - 2018.9.9,-1.545719,29.67259,,http://www.worldpop.org.uk/data/summary?doi=10.5258/SOTON/WP00539,11016.0,76861.0,Rwamigimbu,1290.0,Nyagisozi,1546.0,Murambi,670.0,Bukoro,640.0,,0.0,,,9/9/18,,,,,,,,,POINT (463569.5032795378 4829097.108581194),2382.64,5468.57,9814.59,15360.27,21746.37,2386.95,5508.69,9955.27,15587.69,21949.44
006f100000d7EMNAA2,1013312,Rwanda,Rwanda - Bigeshi - 1013312,Rejected,Technical,11/11/18,Northern Province,Musanze,Remera,Rurambo,Bigeshi,Mugeshi,,,Project Assessment - 2018.9.9,-1.557449,29.728546,,http://www.worldpop.org.uk/data/summary?doi=10.5258/SOTON/WP00539,10090.0,62961.0,Mugeshi,579.0,Kabusozo,697.0,Gatare,524.0,,0.0,,0.0,,,9/9/18,,,,,,,,,POINT (469795.87468318956 4827801.055573844),2148.41,4764.75,7874.94,12787.41,19178.55,2189.19,4867.83,7992.64,13125.78,19660.9
006f100000d7EMSAA2,1013313,Rwanda,Rwanda - Gatare - 1013313,Rejected,Technical,11/15/18,Northern Province,Musanze,Remera,Rurambo,Gatare,Rukwete,,,Project Assessment - 2018.9.9,-1.566405,29.731918,,http://www.worldpop.org.uk/data/summary?doi=10.5258/SOTON/WP00539,9388.0,63043.0,Gatare,524.0,Mbwe,530.0,Kabusozo,697.0,Raro,600.0,,0.0,,,9/9/18,,,,,,,,,POINT (470171.19920979347 4826810.8811206985),1950.42,3969.14,7246.79,12355.1,18455.34,2008.27,4037.08,7502.81,12576.8,18768.69
006f100000d7EMXAA2,1013314,Rwanda,Rwanda - Gatare2 - 1013314,Rejected,Technical,11/29/18,Northern Province,Musanze,Remera,Rurambo,Gatare2,Rukwete,,,Project Assessment - 2018.9.9,-1.576444,29.728154,,http://www.worldpop.org.uk/data/summary?doi=10.5258/SOTON/WP00539,8791.0,62836.0,Gatare,514.0,Raro,600.0,,0.0,,0.0,,0.0,,,9/9/18,,,,,,,,,POINT (469752.52980777354 4825700.862087822),1582.77,4221.47,8045.27,13050.67,18013.23,1609.94,4173.43,8172.23,13277.17,18329.48
006f100000d7EMcAAM,1013315,Rwanda,Rwanda - Kabashima-mikamo - 1013315,Rejected,Technical,11/14/18,Northern Province,Musanze,REMERA,MURWA,Kabashima-mikamo,Rushwashwa,,,Project Assessment - 2018.9.9,-1.536183,29.706608,,http://www.worldpop.org.uk/data/summary?doi=10.5258/SOTON/WP00539,13198.0,66558.0,Kamashima,774.0,Ngenzi,914.0,Bukara,648.0,Mugogo,600.0,,0.0,,,9/9/18,,,,,,,,,POINT (467354.5331259198 4830152.014138042),2335.75,5110.9,9833.99,15198.91,21737.12,2360.28,5145.46,10018.82,15432.2,22062.06
006f100000d7EVYAA2,1013342,Rwanda,Rwanda - Kibaribari - 1013342,Rejected,Technical,11/10/18,Northern Province,Musanze,Remera,Murwa,Kibaribari,Rushwashwa,,,Project Assessment - 2018.9.9,-1.537665,29.700128,,http://www.worldpop.org.uk/data/summary?doi=10.5258/SOTON/WP00539,12622.0,67782.0,Ngenzi,914.0,Kabashima,774.0,Bukara,648.0,Mugogo,600.0,Mikamo,0.0,,,9/9/18,,,,,,,,,POINT (466633.52574473846 4829988.055934684),2007.15,5005.41,9020.95,15214.56,22199.38,1981.43,5039.55,9160.67,15380.12,22458.39
006f100000d7EVdAAM,1013343,Rwanda,Rwanda - Bukane - 1013343,Rejected,Technical,11/11/18,Northern Province,Musanze,Musanze,Rwambogo-cyabagarura,Bukane,Muhe,,,Project Assessment - 2018.9.9,-1.497265,29.616601,,http://www.worldpop.org.uk/data/summary?doi=10.5258/SOTON/WP00539,20800.0,102363.0,Bukane,2500.0,Gaturo,1500.0,Gakoro,1345.0,Runyangwe,976.0,,0.0,,,9/9/18,,,,,,,,,POINT (457338.63950718776 4834453.454855179),8190.06,20787.64,36191.52,52812.34,69612.14,8594.23,21213.57,37054.1,53218.1,71199.96
006f100000d7EVnAAM,1013345,Rwanda,Rwanda - Kageyo - 1013345,Rejected,Technical,11/11/18,Northern Province,Musanze,Musanze,Cyabagarura,Kageyo,Rwebeya,,,Project Assessment - 2018.9.9,-1.491395,29.626729,,http://www.worldpop.org.uk/data/summary?doi=10.5258/SOTON/WP00539,27826.0,101525.0,Kageyo,1250.0,"Gaturo, Rugeyo",3500.0,Nyiraruhengeri,1350.0,Kungo,960.0,Karunyura,1220.0,,,9/9/18,,,,,,,,,POINT (458465.5026760335 4835102.673672977),15241.89,29534.46,44270.19,65225.9,83748.34,15365.65,30178.16,44883.85,66092.79,85318.59
006f100000d7Q4sAAE,1013463,Rwanda,Rwanda - Nyarubuye - 1013463,Rejected,Technical,11/10/18,Northern Province,Musanze,Gacaca,Gasakuza,Nyarubuye,Shobobo,,,Project Assessment - 2018.9.16,-1.523318,29.691622,,http://www.worldpop.org.uk/data/summary?doi=10.5258/SOTON/WP00539,10752.0,68446.0,Nyamugari,620.0,Karama,560.0,Rungu,740.0,Kanama,580.0,,0.0,,,9/16/18,,,,,,,,,POINT (465686.8340609277 4831574.206078856),1935.41,4520.46,8323.83,13185.89,19158.55,1928.23,4598.98,8489.01,13300.9,19396.8
006f100000d7Q4xAAE,1013464,Rwanda,Rwanda - Gakoro~muhe - 1013464,Rejected,Technical,11/5/18,Northern Province,Musanze,Muko,Cyivugiza,Gakoro~muhe,Muhe,,,Project Assessment - 2018.9.16,-1.530129,29.631873,,http://www.worldpop.org.uk/data/summary?doi=10.5258/SOTON/WP00539,16066.0,103703.0,Gakoro,500.0,Nyakanama,874.0,Kamutara,792.0,,0.0,,0.0,,,9/16/18,,,,,,,,,POINT (459038.6177250955 4830820.0955969095),4809.03,11110.92,19091.45,29214.9,42995.0,4708.42,11013.78,19226.32,29313.76,43311.5
006f100000d7Q52AAE,1013465,Rwanda,Rwanda - Rwunga - 1013465,Cancelled,,1/30/24,Northern Province,Musanze,Musanze~shingiro~kimonyi,Nyarubuye~rwambogo~kibuguzo,Rwunga,Susa,Rwanda Full Scale Research - Randomized and Baselined - Intervention,,Project Assessment - 2018.9.16,-1.492419,29.573354,,http://www.worldpop.org.uk/data/summary?doi=10.5258/SOTON/WP00539,8507.0,61912.0,Kimbazi,725.0,Nyundo,310.0,Ndorahe,0.0,Rwunga,0.0,Tero,0.0,,,9/16/18,,,,,,,,,POINT (452526.29437989474 4834988.3739381265),2310.23,5460.5,10211.08,15438.76,23088.55,2336.27,5551.67,10378.39,15679.51,23518.85
006f100000d7Q57AAE,1013466,Rwanda,Rwanda - Nyabirehe~ Nyarubande - 1013466,Rejected,Technical,11/5/18,Northern Province,Musanze,Gataraga,Rungu,Nyabirehe~ Nyarubande,Nyarubande,,,Project Assessment - 2018.9.16,-1.548732,29.515524,,http://www.worldpop.org.uk/data/summary?doi=10.5258/SOTON/WP00539,7823.0,48684.0,Gahira,970.0,Gatondori,1720.0,Kampande,1607.0,Nyarubande,1520.0,Gatovu,1936.0,,,9/16/18,,,,,,,,,POINT (446092.6932681181 4828760.627014584),2913.78,5524.07,9138.39,12965.07,18612.95,3008.99,5629.91,9337.3,13264.21,18992.59
006f100000d7Q5CAAU,1013467,Rwanda,Rwanda - Nyakanama 2 - 1013467,Rejected,Technical,11/10/18,Northern Province,Musanze,Muko~Muhoza,Cyivugiza,Nyakanama 2,Susa,,,Project Assessment - 2018.9.16,-1.527581,29.62739,,http://www.worldpop.org.uk/data/summary?doi=10.5258/SOTON/WP00539,15815.0,103873.0,Buhoro,620.0,Nyakanama,874.0,Gakoro,500.0,Kamutara,792.0,,0.0,,,9/16/18,,,,,,,,,POINT (458539.7397332286 4831101.732576102),4460.17,10595.2,21007.09,33124.62,45712.34,4609.74,10707.65,21291.27,33020.74,46104.07
006f100000d7Q5HAAU,1013468,Rwanda,Rwanda - Nyakanama 1 - 1013468,Rejected,Technical,11/11/18,Northern Province,Musanze,Muko,Cyivugiza,Nyakanama 1,Susa,,,Project Assessment - 2018.9.16,-1.532046,29.62881,,http://www.worldpop.org.uk/data/summary?doi=10.5258/SOTON/WP00539,15579.0,103038.0,Nyakanama,874.0,Buhoro,620.0,Gakoro,500.0,Kamutara,792.0,,0.0,,,9/16/18,,,,,,,,,POINT (458697.830538669 4830608.081198693),4710.18,9708.04,17558.37,27088.0,38887.55,4868.92,9731.31,17669.27,27468.72,38941.4
006f100000d7Q5MAAU,1013469,Rwanda,Rwanda - Gakoro 2 ~ Rwebeya - 1013469,Rejected,Technical,11/14/18,Northern Province,Musanze,Muko,Cyivugiza,Gakoro 2 ~ Rwebeya,Rwebeya,,,Project Assessment - 2018.9.16,-1.529524,29.633423,,http://www.worldpop.org.uk/data/summary?doi=10.5258/SOTON/WP00539,16207.0,103894.0,Gakoro,500.0,Nyakanama,874.0,Kamutara,792.0,,0.0,,0.0,,,9/16/18,,,,,,,,,POINT (459211.0767108657 4830887.017727148),4772.27,11548.58,19731.75,29628.22,45607.95,4890.73,11339.6,19661.82,29829.71,45711.69
006f100000d7Q5RAAU,1013470,Rwanda,Rwanda - Bunyereri - 1013470,Rejected,Technical,11/11/18,Northern Province,Musanze,Gacaca~cyivugiza,Gakoro,Bunyereri,Gihugu,,,Project Assessment - 2018.9.16,-1.477522,29.714723,,http://www.worldpop.org.uk/data/summary?doi=10.5258/SOTON/WP00539,8960.0,59010.0,Murora,1110.0,Cyiri,985.0,Nkomero,1522.0,Cyivugiza,1250.0,"Cyanya, gasenyi",1870.0,,,9/16/18,,,,,,,,,POINT (468256.6403570243 4836638.011198945),1239.13,2782.33,5701.53,8656.73,13471.33,1257.92,2880.89,5825.79,8964.78,13905.8
006f100000d7Q5WAAU,1013471,Rwanda,Rwanda - Kidendezi - 1013471,Rejected,Technical,11/5/18,Northern Province,Musanze,Musanze,Kabazungu,Kidendezi,Kazi,,,Project Assessment - 2018.9.16,-1.47301,29.53233,,http://www.worldpop.org.uk/data/summary?doi=10.5258/SOTON/WP00539,7128.0,38963.0,Kidendezi,725.0,Nyabageni,756.0,Rucumu,470.0,Susa,395.0,"Shonero, kamata",1580.0,,,9/16/18,,,,,,,,,POINT (447960.9257664342 4837133.453849204),2531.89,5964.87,9663.26,15576.62,20687.12,2499.53,6072.27,9977.19,16238.81,21269.69
006f100000d7Q5bAAE,1013472,Rwanda,Rwanda - Rufugwe - 1013472,Rejected,Technical,11/11/18,Northern Province,Musanze,Gataraga,Murago,Rufugwe,Bishushwe,,,Project Assessment - 2018.9.16,-1.543877,29.546123,,http://www.worldpop.org.uk/data/summary?doi=10.5258/SOTON/WP00539,15657.0,66609.0,Rukingo,1116.0,Kaberege,1673.0,Manjali,1097.0,Karurambi,1881.0,,0.0,,,9/16/18,,,,,,,,,POINT (449497.38192010915 4829298.185853973),3117.56,10271.47,19698.21,30105.47,39063.05,3274.78,10238.4,19825.82,30493.78,39578.14
006f100000d7Q5gAAE,1013473,Rwanda,Rwanda - Nyamiyaga - 1013473,Rejected,Technical,10/31/18,Northern Province,Musanze,Nyange,Ninda,Nyamiyaga,Nyakagezi,,,Project Assessment - 2018.9.16,-1.43056,29.624836,,http://www.worldpop.org.uk/data/summary?doi=10.5258/SOTON/WP00539,7835.0,41797.0,Nyamiyaga,650.0,Kabare,860.0,,0.0,,0.0,,0.0,,,9/16/18,,,,,,,,,POINT (458253.7394000502 4841828.940143358),3805.99,6088.67,8023.71,10432.54,13474.6,3853.94,6134.48,8177.17,10633.94,13755.15
006f100000d7Q5lAAE,1013474,Rwanda,Rwanda - Kavumu - 1013474,Rejected,Technical,11/12/18,Northern Province,Musanze,Rwaza~rusasa,Kavumu,Kavumu,Kayanza,,,Project Assessment - 2018.9.16,-1.596674,29.658056,,http://www.worldpop.org.uk/data/summary?doi=10.5258/SOTON/WP00539,8771.0,56884.0,Kavumu,536.0,Gisorora,734.0,Tane,578.0,Murori,640.0,,0.0,,,9/16/18,,,,,,,,,POINT (461953.2265185559 4823462.961580089),2453.46,4699.72,7563.7,12030.98,18151.06,2452.14,4816.75,7617.5,12103.35,18324.57
006f100000d7Q5qAAE,1013475,Rwanda,Rwanda - Ruhehe - 1013475,Rejected,Social,10/31/18,Northern Province,Musanze,Gashaki,Kivumu,Ruhehe,Rukore,,,Project Assessment - 2018.9.16,-1.535683,29.745093,,http://www.worldpop.org.uk/data/summary?doi=10.5258/SOTON/WP00539,10171.0,53858.0,Nyakariba,528.0,Kamatete,824.0,Murandi,0.0,Kibinyogote,0.0,,0.0,,,9/16/18,,,,,,,,,POINT (471636.7487985739 4830207.845991179),2211.61,4507.73,7200.11,10400.14,13580.13,2231.28,4564.06,7241.21,10506.42,13807.56
006f100000d7Q5vAAE,1013476,Rwanda,Rwanda - Nyiragahama - 1013476,Identified,,12/31/24,Northern Province,Musanze,Nyange,Kabeza,Nyiragahama,Rwebeya,Rwanda Full Scale Research - Randomized but Not Baselined,,Project Assessment - 2018.9.16,-1.454949,29.616916,,http://www.worldpop.org.uk/data/summary?doi=10.5258/SOTON/WP00539,11911.0,62933.0,Gahama,895.0,Kibingo,716.0,Nyarubuye,953.0,Garuka,740.0,"Mpiriza, kareba",1650.0,,,9/16/18,,,,,,,,,POINT (457372.8846895901 4839132.190451102),4235.72,8825.83,12480.78,20359.74,30115.68,4222.08,8937.54,12708.58,20624.8,30577.32
006f100000d7Q60AAE,1013477,Rwanda,Rwanda - Kansoro - 1013477,Complete,In Service,12/1/23,Northern Province,Musanze,Nyange,Kabeza~ninda,Kansoro,Rwebeya,Rwanda Full Scale Research - Randomized but Not Baselined,,Project Assessment - 2018.9.16,-1.446965,29.616203,,http://www.worldpop.org.uk/data/summary?doi=10.5258/SOTON/WP00539,11440.0,54002.0,Kansoro,751.0,Riboneye,876.0,Garuka,740.0,Nyabutaka,1100.0,,0.0,,,9/16/18,,,,,,,,,POINT (457293.39572680986 4840014.939300991),1709.96,6334.39,12303.91,18959.23,27686.1,1653.59,6203.19,12300.67,19342.46,28106.26
006f100000d7Q65AAE,1013478,Rwanda,Rwanda - Gakoro 1 - 1013478,Rejected,Technical,11/5/18,Northern Province,Musanze,Muko,Cyivugiza,Gakoro 1,Rwebeya,,,Project Assessment - 2018.9.16,-1.527416,29.631312,,http://www.worldpop.org.uk/data/summary?doi=10.5258/SOTON/WP00539,16824.0,104077.0,Gakoro,500.0,Nyakanama,874.0,Kamutara,792.0,,0.0,,0.0,,,9/16/18,,,,,,,,,POINT (458976.1430585122 4831120.051277619),4677.8,12005.24,21186.89,32951.48,48251.52,4692.3,12032.51,21275.95,33037.75,48765.69
006f100000d7Q6AAAU,1013479,Rwanda,Rwanda - Rubira - 1013479,Complete,In Service,11/19/24,Northern Province,Musanze,Shingiro~Musanze,MUGARI and KABAZUNGU,Rubira,Susa,Rwanda Full Scale Research - Randomized but Not Baselined,,Project Assessment - 2018.9.16,-1.475588,29.531147,,http://www.worldpop.org.uk/data/summary?doi=10.5258/SOTON/WP00539,7088.0,38673.0,Kimanzi,580.0,Terimbere,598.0,Kabagabo,680.0,Kidendezi,789.0,Ngabageni,550.0,,,9/16/18,,,,,,,,,POINT (447829.34679394687 4836848.382726083),2651.58,5877.56,9628.8,14800.57,19761.11,2677.43,6032.54,9939.6,15300.85,20394.52
006f100000d7Q6FAAU,1013480,Rwanda,Rwanda - Kurimurora - 1013480,Rejected,Social,10/31/18,Northern Province,Musanze,Gacaca,Gakoro,Kurimurora,Murora,,,Project Assessment - 2018.9.16,-1.494191,29.715385,,http://www.worldpop.org.uk/data/summary?doi=10.5258/SOTON/WP00539,6696.0,55627.0,Murora,1110.0,,0.0,,0.0,,0.0,,0.0,,,9/16/18,,,,,,,,,POINT (468330.5404667655 4834795.007053027),808.26,2446.0,3921.52,6754.58,10935.25,872.41,2521.58,3983.17,7023.91,11221.85
006f100000d7Q6KAAU,1013481,Rwanda,Rwanda - Kabuye - 1013481,Rejected,Vehicular Bridge Required,10/31/18,Northern Province,Musanze,Rwaza,Bumara,Kabuye,Cyambogo,,,Project Assessment - 2018.9.16,-1.577664,29.654812,,http://www.worldpop.org.uk/data/summary?doi=10.5258/SOTON/WP00539,8855.0,63610.0,Kabuye,567.0,,0.0,,0.0,,0.0,,0.0,,,9/16/18,,,,,,,,,POINT (461591.92419655464 4825564.7625880595),1654.62,3568.61,8744.47,14895.97,21604.31,1741.36,3674.96,8802.84,15036.88,22020.08
006Ns00000RHeKuIAL,1053287,Rwanda,Rwanda - Nyirarubaba - 1053287,Identified,Requested,12/31/24,Eastern Province,Ngoma,Kazo,Gahurire,Nyirarubaba,Gatoro,,,Project Pre-Assessment - 2024.11.27,-2.212128,30.533753,5808.0,https://api.worldpop.org/v1/services/stats?,6583.01,46676.59,Itambiro,1952.0,Rugenge,1256.0,Rebero,1267.0,Kakahi,749.0,Gatonde,584.0,,0.0,11/27/24,,0.0,,0.0,,0.0,,0.0,POINT (559368.0533468392 4755408.114791631),521.33,2730.3,5213.15,8229.72,14022.22,662.62,2750.93,5323.81,8401.74,13910.53
006Ns00000RI48rIAD,1053285,Rwanda,Rwanda - Bweranka - 1053285,Identified,Requested,12/31/24,Eastern Province,Ngoma,Rukira,Kibatsi,Bweranka,Bweranka,,,Project Pre-Assessment - 2024.11.27,-2.155838,30.631642,4493.0,https://api.worldpop.org/v1/services/stats?,6173.73,35649.31,Bweranka,505.0,Rusenyi,372.0,Gituku,1483.0,Mirambi,909.0,Rwagakobe,1224.0,,0.0,11/27/24,,0.0,,0.0,,0.0,,0.0,POINT (570259.033100243 4761627.914344018),1097.94,2007.21,5631.42,9157.21,11693.68,1082.72,1984.4,5576.74,9097.46,11665.89
006f100000a86EEAAY,1007414,Rwanda,Rwanda - Sovu - 1007414,Rejected,Technical,11/29/18,Eastern Province,Ngoma,Jarama-Sake,Gihanika,Sovu,Lake Sake,,,Project Assessment - 2018.11.25,-2.253768,30.378498,,http://www.worldpop.org.uk/data/summary?doi=10.5258/SOTON/WP00539,3914.0,24916.0,,0.0,,0.0,,0.0,,0.0,,0.0,,,11/25/18,,,,,,,,,POINT (542097.9268607445 4750809.397974479),1252.84,3444.24,6779.35,11155.38,15830.47,1312.81,3495.78,6877.83,11429.97,16168.72
006f100000a86EFAAY,1007415,Rwanda,Rwanda - Shyirinyota - 1007415,Rejected,Technical,11/29/18,Eastern Province,Ngoma,Jarama,Karenge,Shyirinyota,Akagera,,,Project Assessment - 2018.11.25,-2.228352,30.335798,,http://www.worldpop.org.uk/data/summary?doi=10.5258/SOTON/WP00539,2718.0,17281.0,,0.0,,0.0,,0.0,,0.0,,0.0,,,11/25/18,,,,,,,,,POINT (537349.2632509965 4753620.7285445845),566.84,1066.74,1501.15,1832.58,2448.24,566.84,1066.74,1501.15,1849.88,2457.62
006f100000a86EGAAY,1007416,Rwanda,Rwanda - Vunga - 1007416,Rejected,Technical,11/29/18,Eastern Province,Ngoma,Jarama-Mutenderi,Kigoma,Vunga,Vunga watershed,,,Project Assessment - 2018.11.25,-2.274806,30.43525,,http://www.worldpop.org.uk/data/summary?doi=10.5258/SOTON/WP00539,2261.0,18759.0,,0.0,,0.0,,0.0,,0.0,,0.0,,,11/25/18,,,,,,,,,POINT (548409.506870555 4748481.502357122),76.4,283.95,1467.25,3675.17,8299.83,76.4,283.95,1485.02,3693.8,8360.68
006f100000a86EHAAY,1007417,Rwanda,Rwanda - Bare - 1007417,Rejected,Technical,12/14/18,Eastern Province,Ngoma,Rukumberi sector ( Ngoma District) - Juru sector ( Bugesera district ),Bare village ( Rwintashya cell ) - Jabarare village ( Juru cell ),Bare,Akagera,,,Project Assessment - 2018.11.29,-2.16867,30.26261,,http://www.worldpop.org.uk/data/summary?doi=10.5258/SOTON/WP00539,1540.0,18266.0,Rwintashya cell,6644.0,Juru,5704.0,,0.0,,0.0,,0.0,,,11/29/18,,,,,,,,,POINT (529209.9945396226 4760221.1825421),125.83,154.43,184.73,725.34,2979.21,125.83,154.43,184.73,674.18,3019.67
006f100000eeuuTAAQ,1014348,Rwanda,Rwanda - Kwa Gahakwa - 1014348,Rejected,Technical,11/18/18,Eastern Province,Ngoma,Rerenge sector,Urusagara village ( Rujambara cell ) - Ruhuha village ( Rwikubo cell ),Kwa Gahakwa,Mwambu,,,Project Assessment - 2018.11.18,-2.10605,30.49761,,http://www.worldpop.org.uk/data/summary?doi=10.5258/SOTON/WP00539,3958.0,24703.0,Rujambara cell,5062.0,Rwikubo cell,6441.0,,0.0,,0.0,,0.0,,,11/18/18,,,,,,,,,POINT (555351.68765104 4767138.447810962),1549.43,4395.95,7439.31,12246.03,17845.12,1652.05,4462.3,7507.06,12526.88,18138.16
006f100000eeuudAAA,1014349,Rwanda,Rwanda - Gitinga - 1014349,Rejected,Technical,11/19/18,Eastern Province,Ngoma,Remera sector ( Ngoma district) - Munyaga sector ( Rwamagana district ),Icyakabiri village ( Ndekwe cell ) ( Remera sector ) - Gishike village ( Kaduha cell ) ( Munyaga sector ),Gitinga,Nkungu,,,Project Assessment - 2018.11.18,-2.0566,30.47997,,http://www.worldpop.org.uk/data/summary?doi=10.5258/SOTON/WP00539,3642.0,24292.0,Ndekwe cell,6450.0,Kaduha cell,4890.0,,0.0,,0.0,,0.0,,,11/18/18,,,,,,,,,POINT (553391.1174217991 4772606.679196212),1066.69,3425.07,6161.72,10566.82,15486.1,1097.59,3450.19,6331.31,10817.25,15823.52
006f100000eeuuiAAA,1014350,Rwanda,Rwanda - Ngoma 22 - 1014350,Rejected,Technical,11/19/18,Eastern Province,Ngoma,Rerenge sector - Remera sector,Urusagara village ( Rujambara cell ) - Gikomero village ( Ndekwe cell),Ngoma 22,Nyakagezi,,,Project Assessment - 2018.11.18,-2.08722,30.50135,,http://www.worldpop.org.uk/data/summary?doi=10.5258/SOTON/WP00539,3419.0,24889.0,Rujambara cell,5062.0,Ndekwe cell,6450.0,,0.0,,0.0,,0.0,,,11/18/18,,,,,,,,,POINT (555768.383992348 4769220.327938449),2014.6,3845.93,6718.42,12052.09,19188.34,2040.5,3877.25,6719.94,12104.55,19145.15
006f100000eeuunAAA,1014351,Rwanda,Rwanda - Kasherangabo - 1014351,Rejected,Technical,11/19/18,Eastern Province,Ngoma,Remera sector - Rurenge sector,Rebero village (Nyamagana cell ) - Runazi village ( Musya cell ),Kasherangabo,Ngezi,,,Project Assessment - 2018.11.18,-2.1344,30.53379,,http://www.worldpop.org.uk/data/summary?doi=10.5258/SOTON/WP00539,6723.0,40095.0,Nyamagana cell,7344.0,Musya cell,4695.0,,0.0,,0.0,,0.0,,,11/18/18,,,,,,,,,POINT (559375.2052914347 4764002.469667666),1060.96,4399.75,10008.77,17935.26,26015.78,1018.53,4447.3,10334.7,18454.25,26128.58
006f100000eeuusAAA,1014352,Rwanda,Rwanda - Rugazi - 1014352,Rejected,Technical,11/19/18,Eastern Province,Ngoma,Remera sector ( Ngoma District ) - Murama Sector ( Kayonza district ),Murambi village ( Kinunga cell ) ( Remera sector ) - Rugazi village ( Nyakanazi cell ) ( Murama Sector),Rugazi,Rugazi,,,Project Assessment - 2018.11.18,-2.068,30.57965,,http://www.worldpop.org.uk/data/summary?doi=10.5258/SOTON/WP00539,3493.0,24204.0,Kinunga cell,5150.0,Nyakanazi cell,4006.0,,0.0,,0.0,,0.0,,,11/18/18,,,,,,,,,POINT (564479.2541124572 4771342.497572531),1105.55,1908.39,4558.67,8588.17,13214.85,1123.41,1983.62,4565.83,8809.0,13398.14
006f100000eeuv2AAA,1014353,Rwanda,Rwanda - Rugaragara - 1014353,Rejected,Technical,11/18/18,Eastern Province,Ngoma,Rukira sector,Kabeza village - Rugaragara village ( both villages are in Buliba cell ),Rugaragara,Bingaro,,,Project Assessment - 2018.11.18,-2.19132,30.60191,,http://www.worldpop.org.uk/data/summary?doi=10.5258/SOTON/WP00539,4769.0,27775.0,Buliba,6321.0,,0.0,,0.0,,0.0,,0.0,,,11/18/18,,,,,,,,,POINT (566950.184056683 4757705.9755633045),914.25,3680.09,7100.6,11705.48,16132.91,959.64,3706.12,7184.66,12015.12,16306.37
006f100000eeuv7AAA,1014354,Rwanda,Rwanda - Cyunuzi - 1014354,Rejected,Technical,11/19/18,Eastern Province,Ngoma,Rukira sector (Ngoma district )- Mushikiri sector ( Kirehe District ),Rugaragara village ( Buliba cell ) (Rukira sector )- Karenge village ( Cyamigurwa cell ) ( Mushikiri sector ),Cyunuzi,Sarambuye river,,,Project Assessment - 2018.11.18,-2.201705,30.60411,,http://www.worldpop.org.uk/data/summary?doi=10.5258/SOTON/WP00539,3971.0,27963.0,Buliba,6321.0,Cyamigurwa cell,3344.0,,0.0,,0.0,,0.0,,,11/18/18,,,,,,,,,POINT (567194.4341259922 4756557.597054112),369.39,2236.1,6355.95,10778.92,15768.16,427.08,2343.69,6573.13,10867.46,16109.52
006f100000eeuv7AAA,1014354,Rwanda,Rwanda - Cyunuzi - 1014354,Rejected,Technical,11/19/18,Eastern Province,Ngoma,Rukira sector (Ngoma district )- Mushikiri sector ( Kirehe District ),Rugaragara village ( Buliba cell ) (Rukira sector )- Karenge village ( Cyamigurwa cell ) ( Mushikiri sector ),Cyunuzi,Sarambuye river,,,Project Assessment - 2018.11.18,-2.201705,30.60411,,http://www.worldpop.org.uk/data/summary?doi=10.5258/SOTON/WP00539,3971.0,27963.0,Kigabiro,4468.0,Cyamigurwa,3344.0,,0.0,,0.0,,0.0,,,11/18/18,,,,,,,,,POINT (567194.4341259922 4756557.597054112),369.39,2236.1,6355.95,10778.92,15768.16,427.08,2343.69,6573.13,10867.46,16109.52
006f100000eeuvCAAQ,1014355,Rwanda,Rwanda - Nyakondo - 1014355,Rejected,Technical,11/19/18,Eastern Province,Ngoma,Rukira sector - Murama Sector,Rugaragara village ( Buliba cell )( Rukira sector )- Cyero village (kigabiro cell)( murama sector ),Nyakondo,Nyakondo,,,Project Assessment - 2018.11.18,-2.20091,30.60236,,http://www.worldpop.org.uk/data/summary?doi=10.5258/SOTON/WP00539,4370.0,28164.0,Buliba cell,6321.0,Kigabiro cell,4468.0,,0.0,,0.0,,0.0,,,11/18/18,,,,,,,,,POINT (566999.8120044578 4756645.579728528),340.71,2747.27,6923.81,11597.5,16166.46,391.57,2793.52,7085.25,11722.35,16438.55
006f100000eeuvgAAA,1014357,Rwanda,Rwanda - Rusenyi - 1014357,Rejected,Technical,11/18/18,Eastern Province,Ngoma,Rukira Sector,Gituku village,Rusenyi,Nyakagezi,,,Project Assessment - 2018.11.18,-2.12877,30.64523,,http://www.worldpop.org.uk/data/summary?doi=10.5258/SOTON/WP00539,2744.0,21416.0,Gituku,584.0,,0.0,,0.0,,0.0,,0.0,,,11/18/18,,,,,,,,,POINT (571771.7819297352 4764620.238467809),537.36,2438.16,4021.23,6016.05,8328.15,545.82,2409.18,4109.88,6193.91,8591.7
006f100000eeuvlAAA,1014358,Rwanda,Rwanda - Masoko - 1014358,Rejected,Technical,11/19/18,Eastern Province,Ngoma,Rukira sector,Gituku village,Masoko,Nyakagezi,,,Project Assessment - 2018.11.18,-2.12746,30.64571,,http://www.worldpop.org.uk/data/summary?doi=10.5258/SOTON/WP00539,2787.0,21519.0,Gituku,584.0,,0.0,,0.0,,0.0,,0.0,,,11/18/18,,,,,,,,,POINT (571825.2373386485 4764765.0651794365),270.29,2094.79,4046.53,5879.97,8179.39,234.62,2068.22,4126.92,6048.0,8292.6
006f100000eeuvqAAA,1014359,Rwanda,Rwanda - Nyamabuye - 1014359,Rejected,Technical,11/19/18,Eastern Province,Ngoma,Rukira sector,Nyamabuye village ( Kibatsi cell )- Nyamahehe village ( Nyaruvumu cell ),Nyamabuye,Kamagombe,,,Project Assessment - 2018.11.18,-2.12939,30.61855,,http://www.worldpop.org.uk/data/summary?doi=10.5258/SOTON/WP00539,3786.0,25057.0,Kibatsi cell,6017.0,Nyaruvumu,6789.0,,0.0,,0.0,,0.0,,,11/18/18,,,,,,,,,POINT (568803.9019751312 4764552.900176556),1117.91,2505.45,5057.03,9127.2,12658.31,1136.08,2548.85,5141.84,9405.7,12768.38
006f100000eeuvvAAA,1014360,Rwanda,Rwanda - Ruhama - 1014360,Rejected,Technical,11/19/18,Eastern Province,Ngoma,Rukira sector ( Ngoma District ) - Mushikiri sector (Kirehe District ),Ruhama village ( Nyinya cell ) ( Rukira sector ) - Bingaro village ( Bisagara cell ) ( Mushikiri sector ),Ruhama,Kinyamarebe,,,Project Assessment - 2018.11.18,-2.18396,30.62926,,http://www.worldpop.org.uk/data/summary?doi=10.5258/SOTON/WP00539,3187.0,21272.0,Nyinya cell,6890.0,Bisagara cell,5320.0,,0.0,,0.0,,0.0,,,11/18/18,,,,,,,,,POINT (569992.7738061667 4758518.532183746),1270.47,2857.42,5584.59,9870.45,12635.96,1316.66,2933.09,5669.93,10079.66,12775.83
006f100000eeuw0AAA,1014361,Rwanda,Rwanda - MuKirombe - 1014361,Rejected,Technical,11/19/18,Eastern Province,Ngoma,Rukira sector,Karuruma village - Rwamukobwa village ( both villages are in Nyinya cell ),MuKirombe,Gahucu,,,Project Assessment - 2018.11.18,-2.18396,30.62258,,http://www.worldpop.org.uk/data/summary?doi=10.5258/SOTON/WP00539,3315.0,22780.0,Nyinya,6890.0,,0.0,,0.0,,0.0,,0.0,,,11/18/18,,,,,,,,,POINT (569249.7259394918 4758518.841531874),1005.48,3236.8,5792.19,8310.31,11698.76,1047.92,3327.67,5909.54,8411.37,12062.06
006f100000eeuw5AAA,1014362,Rwanda,Rwanda - Karuberwa - 1014362,Rejected,Technical,11/18/18,Eastern Province,Ngoma,Rurenge sector - Gashanda sector,Ryanyamuhinda village ( Akagarama cell ) - Gisenyi village ( Mutsindo cell ),Karuberwa,Mpama,,,Project Assessment - 2018.11.18,-2.14193,30.50383,,http://www.worldpop.org.uk/data/summary?doi=10.5258/SOTON/WP00539,4193.0,31862.0,Akagarama cell,6764.0,Mutsindo cell,4791.0,,0.0,,0.0,,0.0,,,11/18/18,,,,,,,,,POINT (556042.2946653045 4763171.008607819),1439.86,3908.6,7750.75,12875.79,17585.24,1492.73,3797.75,7645.12,13140.22,17909.14
006f100000eeuwAAAQ,1014363,Rwanda,Rwanda - Busasamana - 1014363,Rejected,Technical,11/19/18,Eastern Province,Ngoma,Zaza sector,Busasamana village ( Ruhinga cell ) - Makoma village ( Ruhembe cell ),Busasamana,Mugesera,,,Project Assessment - 2018.11.18,-2.18739,30.41009,,http://www.worldpop.org.uk/data/summary?doi=10.5258/SOTON/WP00539,3647.0,26744.0,Ruhinga cell,5879.0,Ruhembe cell,5561.0,,0.0,,0.0,,0.0,,,11/18/18,,,,,,,,,POINT (545613.7975356323 4758147.711664907),1399.82,3129.2,5922.1,8236.44,10790.7,1385.99,3219.56,6011.27,8361.1,10999.23
006f100000eeuwFAAQ,1014364,Rwanda,Rwanda - Rubirizi - 1014364,Rejected,Technical,11/18/18,Eastern Province,Ngoma,Rukira sector,Nyagataba village ( Nyaruvumu cell ) - kibimba vllage ( Buliba cell ),Rubirizi,Kibaya,,,Project Assessment - 2018.11.18,-2.17331,30.57956,,http://www.worldpop.org.uk/data/summary?doi=10.5258/SOTON/WP00539,4544.0,39109.0,Nyaruvumu cell,6789.0,Buliba cell,6321.0,,0.0,,0.0,,0.0,,,11/18/18,,,,,,,,,POINT (564464.8837206442 4759698.330498377),1319.09,2708.75,7359.52,11772.48,16991.77,1327.49,2789.29,7486.72,12092.76,17368.15
006f100000eeuwKAAQ,1014365,Rwanda,Rwanda - Rwarudogodo - 1014365,Rejected,Technical,11/19/18,Eastern Province,Ngoma,Rukira sector,kagarama village ( kibatsi cell ) - Agatare ( Nyaruvumu cell ),Rwarudogodo,Kibaya,,,Project Assessment - 2018.11.18,-2.14107,30.59631,,http://www.worldpop.org.uk/data/summary?doi=10.5258/SOTON/WP00539,5069.0,30556.0,Kibatsi cell,6017.0,Nyaruvumu cell,6789.0,,0.0,,0.0,,0.0,,,11/18/18,,,,,,,,,POINT (566329.4616577881 4763262.408132333),1694.69,3769.52,5793.4,10320.65,15730.34,1750.61,3873.16,5797.36,10620.71,16034.37
006f100000eeuwPAAQ,1014366,Rwanda,Rwanda - Mukibimba - 1014366,Rejected,Technical,11/19/18,Eastern Province,Ngoma,Rurenge sector - Gashanda sector,Mukibimba village (Akagarama cell ) Rurenge sector - Rwakavuna village ( Mutsindo cell ) Gashanda sector,Mukibimba,Karuhura,,,Project Assessment - 2018.11.18,-2.14135,30.49706,,http://www.worldpop.org.uk/data/summary?doi=10.5258/SOTON/WP00539,4039.0,27449.0,Akagarama,4234.0,Mutsindo cell,4791.0,,0.0,,0.0,,0.0,,,11/18/18,,,,,,,,,POINT (555289.2520109762 4763235.384439585),1393.47,3666.01,7899.69,12717.99,16620.51,1437.04,3604.27,7863.43,12949.79,16822.55
006f100000eeuwUAAQ,1014367,Rwanda,Rwanda - Nyagahandagaza - 1014367,Rejected,Technical,11/19/18,Eastern Province,Ngoma,Zaza Sector,Nyagahandagaza village ( Ruhinga cell ) - Cyerwa village ( Nyagatugunda cell ),Nyagahandagaza,Mugesera,,,Project Assessment - 2018.11.18,-2.1755,30.40085,,http://www.worldpop.org.uk/data/summary?doi=10.5258/SOTON/WP00539,3677.0,25510.0,Nyagatugunda cell,4561.0,Ruhinga,5879.0,,0.0,,0.0,,0.0,,,11/18/18,,,,,,,,,POINT (544586.3769722458 4759462.637366042),941.1,2334.37,4938.33,9138.55,11980.25,991.89,2327.49,5132.64,9178.3,12085.46
006f100000eeuwZAAQ,1014368,Rwanda,Rwanda - Kagongoyi - 1014368,Rejected,Technical,11/19/18,Eastern Province,Ngoma,Rerenge sector - Karembo sector,Akabakanda village ( Rwikubo cell ) - kivugangoma village ( Nyamirambo cell ),Kagongoyi,Gisaya,,,Project Assessment - 2018.11.18,-2.11144,30.46133,,http://www.worldpop.org.uk/data/summary?doi=10.5258/SOTON/WP00539,4462.0,26225.0,Rwikubo cell,6441.0,Nyamirambo cell,6325.0,,0.0,,0.0,,0.0,,,11/18/18,,,,,,,,,POINT (551315.8114082197 4766543.725692893),871.83,2512.76,6683.65,11805.78,15853.36,881.48,2557.44,7000.47,12069.2,16091.29
006f100000eeuweAAA,1014369,Rwanda,Rwanda - Gatembo - 1014369,Rejected,Technical,11/19/18,Eastern Province,Ngoma,Rerenge sector- Karembo sector,Akabakanda village ( Rwikubo cell ) - Murambi cell ( Nyamirambo cell),Gatembo,Gisaya river,,,Project Assessment - 2018.11.18,-2.11637,30.46358,,http://www.worldpop.org.uk/data/summary?doi=10.5258/SOTON/WP00539,4148.0,26625.0,Rwikubo cell,6441.0,Nyamirambo cell,6325.0,,0.0,,0.0,,0.0,,,11/18/18,,,,,,,,,POINT (551565.9318136345 4765998.549235795),626.2,2573.58,5929.07,11001.92,14947.12,680.59,2610.47,6101.4,11246.28,15216.59
006f100000eeuwjAAA,1014370,Rwanda,Rwanda - Gikomero - 1014370,Rejected,Vehicular Bridge Required,11/30/18,Eastern Province,Ngoma,Remera sector,Gikomero village - Rugando village ( both villages are in Ndekwe cell ),Gikomero,Nyakagezi,,,Project Assessment - 2018.11.18,-2.085,30.50046,,http://www.worldpop.org.uk/data/summary?doi=10.5258/SOTON/WP00539,3534.0,24995.0,Ndekwe cell,6450.0,,0.0,,0.0,,0.0,,0.0,,,11/18/18,,,,,,,,,POINT (555669.4590878568 4769465.822475047),2009.84,3494.51,6859.15,12993.25,19220.87,2021.95,3524.78,6806.28,13108.41,19401.82
006f100000eeuwoAAA,1014371,Rwanda,Rwanda - Kwa Gapfizi - 1014371,Rejected,Technical,11/19/18,Eastern Province,Ngoma,Rurenge sector- Remera sector,Kumunini village ( Rugese cell ) - Ruhuha village ( Ndekwe cell ),Kwa Gapfizi,Mwambu,,,Project Assessment - 2018.11.18,-2.07431,30.48649,,http://www.worldpop.org.uk/data/summary?doi=10.5258/SOTON/WP00539,4432.0,24183.0,Rugese cell,7968.0,Ndekwe cell,6450.0,,0.0,,0.0,,0.0,,,11/18/18,,,,,,,,,POINT (554115.8102264184 4770648.2886528345),1200.62,3937.36,8291.5,13778.99,18723.54,1200.38,3898.41,8335.72,14006.38,18976.0
006f100000eeuyBAAQ,1014377,Rwanda,Rwanda - Rutovu - 1014377,Rejected,Technical,11/19/18,Eastern Province,Ngoma,Kibungo,Gatonde-Gahima(Misange-Rutovu),Rutovu,Kanyinya valley,,,Project Assessment - 2018.11.18,-2.095675,30.576452,,http://www.worldpop.org.uk/data/summary?doi=10.5258/SOTON/WP00539,4653.0,29769.0,Gatonde cell,4622.0,Nyakanazi,4006.0,Gahima,4092.0,,0.0,,0.0,,,11/18/18,,,,,,,,,POINT (564122.3836551834 4768282.593972007),508.43,2418.16,4102.55,9108.7,15843.88,473.29,2438.19,4190.29,9287.68,15951.17
006f100000eeuyGAAQ,1014378,Rwanda,Rwanda - Rwamihuro - 1014378,Rejected,Technical,11/19/18,Eastern Province,Ngoma,Kibungo,Gatonde-Gahima(Misange-Rwamihuro-Rutovu),Rwamihuro,Nyakagezi,,,Project Assessment - 2018.11.18,-2.103568,30.57552,,http://www.worldpop.org.uk/data/summary?doi=10.5258/SOTON/WP00539,4895.0,32526.0,Gahima,4092.0,Gatonde,4622.0,,0.0,,0.0,,0.0,,,11/18/18,,,,,,,,,POINT (564018.3867417573 4767409.900635706),1227.82,2508.74,3607.46,9366.16,15061.21,1234.25,2517.43,3764.44,9875.94,15271.17
006f100000eeuyLAAQ,1014379,Rwanda,Rwanda - Misange - 1014379,Rejected,Technical,11/19/18,Eastern Province,Ngoma,Kibungo-Murama,Gatonde-Nyakanazi(Misange-Nyakanazi),Misange,Gaseke,,,Project Assessment - 2018.11.18,-2.0921133,30.585332,,http://www.worldpop.org.uk/data/summary?doi=10.5258/SOTON/WP00539,3925.0,27992.0,Gatonde,4622.0,Nyakanazi,4006.0,,0.0,,0.0,,0.0,,,11/18/18,,,,,,,,,POINT (565110.3431836399 4768676.046658643),1153.94,2480.74,3748.58,7228.73,10966.65,1170.25,2469.05,3756.15,7243.77,11127.61
006f100000eeuyfAAA,1014380,Rwanda,Rwanda - Kagumiro - 1014380,Rejected,Technical,11/19/18,Eastern Province,Ngoma,Kibungo-Kabare,Gitara-Gatonde(Kagumiro-Nyagatovu),Kagumiro,Kizabwangu,,,Project Assessment - 2018.11.18,-2.107592,30.609893,,http://www.worldpop.org.uk/data/summary?doi=10.5258/SOTON/WP00539,4443.0,24823.0,Gitara,5600.0,Gatonde,4622.0,,0.0,,0.0,,0.0,,,11/18/18,,,,,,,,,POINT (567841.8593468954 4766963.510970951),1170.7,2444.27,4982.85,9465.23,12943.69,1196.67,2428.05,5226.76,9662.05,13146.0
006f100000eeuykAAA,1014381,Rwanda,Rwanda - Kabimba - 1014381,Rejected,Technical,11/19/18,Eastern Province,Ngoma,Kibungo-Murama,Mahango-Cyasemakamba(Kabimba-Marembo),Kabimba,Gatore,,,Project Assessment - 2018.11.18,-2.165545,30.549758,,http://www.worldpop.org.uk/data/summary?doi=10.5258/SOTON/WP00539,10934.0,41256.0,Mahango,5106.0,Mvumba,3922.0,Cyasemakamba,5246.0,,0.0,,0.0,,,11/18/18,,,,,,,,,POINT (561150.1923787015 4760558.144876297),2058.0,5862.45,9865.91,15479.0,22585.94,2247.29,5884.96,10121.37,15999.13,22961.88
006f100000eeuypAAA,1014382,Rwanda,Rwanda - Marembo - 1014382,Rejected,Technical,11/19/18,Eastern Province,Ngoma,Kibingo,Cyasemakamba-Mahango(Marembo-Kabimba),Marembo,Gatore,,,Project Assessment - 2018.11.18,-2.160985,30.551312,,http://www.worldpop.org.uk/data/summary?doi=10.5258/SOTON/WP00539,12126.0,41401.0,Cyasemakamba,5246.0,Mahango,5106.0,,0.0,,0.0,,0.0,,,11/18/18,,,,,,,,,POINT (561323.2340072225 4761062.281033406),2546.66,5515.83,11069.79,18057.44,23613.85,2779.01,5610.7,11387.51,18250.01,24181.64
006f100000eeuyuAAA,1014383,Rwanda,Rwanda - Kabeza - 1014383,Rejected,Technical,11/19/18,Eastern Province,Ngoma,Kibungo-Rurenge,Karenge-Musya(Kabeza-Rwasaburo),Kabeza,Gitamu,,,Project Assessment - 2018.11.18,-2.144405,30.531062,,http://www.worldpop.org.uk/data/summary?doi=10.5258/SOTON/WP00539,8328.0,39700.0,Karenge,7706.0,Musya,4447.0,,0.0,,0.0,,0.0,,,11/18/18,,,,,,,,,POINT (559071.3694073122 4762896.3265072005),1431.96,4414.53,9322.56,16577.54,24038.23,1521.88,4563.43,9564.61,16936.01,24585.62
006f100000eeuyzAAA,1014384,Rwanda,Rwanda - Rwasaburo - 1014384,Rejected,Technical,11/19/18,Eastern Province,Ngoma,Rurenge-Kibungo,Musya-Karenge(Rwasaburo-Ihuriro),Rwasaburo,Karugondo,,,Project Assessment - 2018.11.18,-2.157735,30.532793,,http://www.worldpop.org.uk/data/summary?doi=10.5258/SOTON/WP00539,10991.0,39447.0,Musya Cell,4447.0,Karenge cell,7706.0,,0.0,,0.0,,0.0,,,11/18/18,,,,,,,,,POINT (559263.4040266107 4761422.367092155),1797.79,6845.37,11771.2,15249.34,21395.08,1988.88,7035.34,12234.52,15866.84,21708.53
006f100000eeuz4AAA,1014385,Rwanda,Rwanda - Akabaya - 1014385,Rejected,Technical,11/19/18,Eastern Province,Ngoma,Kazo-Gashanda,Umukamba-Munege(Akabaya-Gakuto),Akabaya,Rugomero,,,Project Assessment - 2018.11.18,-2.181385,30.479072,,http://www.worldpop.org.uk/data/summary?doi=10.5258/SOTON/WP00539,4707.0,26268.0,Umukamba,4146.0,Munege,3304.0,,0.0,,0.0,,0.0,,,11/18/18,,,,,,,,,POINT (553286.9572552548 4758809.404308176),1230.44,3636.75,6843.75,11333.02,16205.04,1255.03,3837.7,7024.23,11535.56,16544.91
006f100000eeuzJAAQ,1014388,Rwanda,Rwanda - Kagarama - 1014388,Rejected,Technical,11/19/18,Eastern Province,Ngoma,Kazo,Umukamba(Kagarama-Akabaya),Kagarama,Gashununu,,,Project Assessment - 2018.11.18,-2.186622,30.483668,,http://www.worldpop.org.uk/data/summary?doi=10.5258/SOTON/WP00539,4512.0,26313.0,Umukamba,4146.0,,0.0,,0.0,,0.0,,0.0,,,11/18/18,,,,,,,,,POINT (553797.9940598723 4758230.192092575),1402.41,3221.94,6352.01,11335.28,15428.16,1409.09,3423.49,6495.14,11599.34,15900.78
006f100000eev10AAA,1014408,Rwanda,Rwanda - Nyakagezi - 1014408,Rejected,Technical,11/19/18,Eastern Province,Ngoma,Kazo,Birenga-Kinyonzo-Gahurire(Nyakagezi-Kibimba-Rurenge),Nyakagezi,Nyakagezi,,,Project Assessment - 2018.11.18,-2.229162,30.514947,,http://www.worldpop.org.uk/data/summary?doi=10.5258/SOTON/WP00539,3455.0,25110.0,Birenga,3803.0,Kinyonzo,6734.0,Gahuriro,5065.0,,0.0,,0.0,,,11/18/18,,,,,,,,,POINT (557275.594032869 4753525.415129267),1085.58,2592.48,5912.48,8972.9,11897.5,1120.59,2487.67,5883.26,9130.14,12057.5
006f100000eev28AAA,1014421,Rwanda,Rwanda - Rugenge - 1014421,Rejected,Technical,11/19/18,Eastern Province,Ngoma,Kazo,Gahurire-Kiyonzo(Rugenge-Kibimba),Rugenge,Rwamavuta,,,Project Assessment - 2018.11.18,-2.234163,30.513445,,http://www.worldpop.org.uk/data/summary?doi=10.5258/SOTON/WP00539,3460.0,24221.0,Gahurire,5065.0,Kinyonzo,6734.0,,0.0,,0.0,,0.0,,,11/18/18,,,,,,,,,POINT (557108.3348353178 4752972.516090455),1221.98,2807.83,5820.41,8352.21,12266.1,1270.01,2840.5,6000.68,8531.14,12412.5
006f100000eev2DAAQ,1014422,Rwanda,Rwanda - Kibimba - 1014422,Rejected,Technical,11/19/18,Eastern Province,Ngoma,Kazo,Kinyonzo-Gahurire(Kibimba-Rugenge),Kibimba,Kukaruwiza,,,Project Assessment - 2018.11.18,-2.238133,30.513978,,http://www.worldpop.org.uk/data/summary?doi=10.5258/SOTON/WP00539,3424.0,23873.0,Kinyonzo,6734.0,Gahurire,5065.0,,0.0,,0.0,,0.0,,,11/18/18,,,,,,,,,POINT (557167.4661381446 4752533.534954206),1486.71,2919.58,5132.72,8576.91,12282.67,1514.77,2953.06,5267.71,8727.71,12331.43
006f100000eev2NAAQ,1014423,Rwanda,Rwanda - Rebero - 1014423,Rejected,Technical,11/19/18,Eastern Province,Ngoma,Remera-Rurenge,Nyamagana-Musya(Rebero-Rwasaburo),Rebero,Ngezi,,,Project Assessment - 2018.11.18,-2.1342683,30.533528,,http://www.worldpop.org.uk/data/summary?doi=10.5258/SOTON/WP00539,6652.0,40017.0,Nyamagana,7344.0,Musya,4447.0,,0.0,,0.0,,0.0,,,11/18/18,,,,,,,,,POINT (559346.0663799332 4764017.041790254),979.01,4383.64,9711.11,17953.55,25734.27,975.05,4425.84,10033.17,18326.63,26087.19
006f100000eev44AAA,1014424,Rwanda,Rwanda - Umukamba - 1014424,Rejected,Technical,11/19/18,Eastern Province,Ngoma,Koza,Umukamba(Umukamba),Umukamba,Urukizi,,,Project Assessment - 2018.11.18,-2.170028,30.497287,,http://www.worldpop.org.uk/data/summary?doi=10.5258/SOTON/WP00539,4792.0,30181.0,Umukamba cell,4146.0,,0.0,,0.0,,0.0,,0.0,,,11/18/18,,,,,,,,,POINT (555313.4672020577 4760064.479329492),1413.61,4194.34,6832.18,12073.14,17596.2,1425.69,4332.73,6883.75,12119.63,17872.26
006f100000eev4EAAQ,1014425,Rwanda,Rwanda - Mukibara - 1014425,Rejected,Technical,11/19/18,Eastern Province,Ngoma,Murama-Kazo,Sakara-Gahurire(Mukibara-Tambiro),Mukibara,Icyogo,,,Project Assessment - 2018.11.18,-2.229075,30.526267,,http://www.worldpop.org.uk/data/summary?doi=10.5258/SOTON/WP00539,3612.0,26368.0,Sakara,5834.0,Gahurire,5065.0,,0.0,,0.0,,0.0,,,11/18/18,,,,,,,,,POINT (558534.7131235547 4753534.589667704),1310.14,2768.75,4980.74,7346.22,11771.0,1241.99,2928.76,5023.27,7543.62,12014.58
006f100000eev4dAAA,1014427,Rwanda,Rwanda - Kabahushi - 1014427,Rejected,Technical,11/19/18,Eastern Province,Ngoma,Murama,Sakara-Gitaraga(Kabahushi-Kizenga),Kabahushi,Kadobogo,,,Project Assessment - 2018.11.18,-2.235312,30.552363,,http://www.worldpop.org.uk/data/summary?doi=10.5258/SOTON/WP00539,5146.0,28695.0,Sakara,5834.0,Gitaraga,4696.0,,0.0,,0.0,,0.0,,,11/18/18,,,,,,,,,POINT (561437.1029179264 4752843.901482198),1498.14,3308.0,7315.83,11933.03,17226.5,1510.62,3323.18,7411.83,12203.65,17543.66
006f100000eev5AAAQ,1014428,Rwanda,Rwanda - Gashekasheke - 1014428,Rejected,Technical,11/19/18,Eastern Province,Ngoma,Karembo,Nyamirambo(Gashekasheke-Mahoro),Gashekasheke,Mugesera,,,Project Assessment - 2018.11.18,-2.085295,30.445293,,http://www.worldpop.org.uk/data/summary?doi=10.5258/SOTON/WP00539,2987.0,23965.0,Nyamirambo,6325.0,,0.0,,0.0,,0.0,,0.0,,,11/18/18,,,,,,,,,POINT (549532.7296830375 4769435.047621982),1021.04,3740.54,6399.04,10304.05,15748.44,1145.04,3980.75,6604.07,10547.38,16154.47
006f100000eev5KAAQ,1014429,Rwanda,Rwanda - Kanama - 1014429,Rejected,Technical,11/19/18,Eastern Province,Ngoma,Karembo-Zaza,Nyamirambo-Nyagasozi(Kanama-Kiyovu-Rwanshuro),Kanama,Kanyabibaza,,,Project Assessment - 2018.11.18,-2.106907,30.42817,,http://www.worldpop.org.uk/data/summary?doi=10.5258/SOTON/WP00539,4436.0,28941.0,Nyamirambo,6325.0,Nyagasozi,6102.0,,0.0,,0.0,,0.0,,,11/18/18,,,,,,,,,POINT (547627.3416643392 4767045.984557051),1366.45,3998.82,6433.37,10680.97,15074.19,1370.98,4033.56,6572.28,10923.89,15216.43
006f100000eev5PAAQ,1014430,Rwanda,Rwanda - Rwakayango - 1014430,Rejected,Technical,11/19/18,Eastern Province,Ngoma,Karembo-Zaza,Nyamirambo-Nyagasozi(Ryakayango-Igifurere),Rwakayango,Kabitende,,,Project Assessment - 2018.11.18,-2.101273,30.426758,,http://www.worldpop.org.uk/data/summary?doi=10.5258/SOTON/WP00539,4149.0,28178.0,Nyamirambo,6325.0,Nyagasozi,6102.0,,0.0,,0.0,,0.0,,,11/18/18,,,,,,,,,POINT (547470.4457680424 4767668.96659208),1143.33,4021.02,7148.19,8963.9,12945.81,1171.16,4061.71,7187.14,8962.52,13200.5
006f100000eev5UAAQ,1014431,Rwanda,Rwanda - Gahondo - 1014431,Rejected,Technical,11/19/18,Eastern Province,Ngoma,Gashanda-Kazo,Munege-Birenga(Gakuto-Gahondo),Gahondo,Gahondo valley,,,Project Assessment - 2018.11.18,-2.195678,30.476143,,http://www.worldpop.org.uk/data/summary?doi=10.5258/SOTON/WP00539,4378.0,25485.0,Munege cell,2096.0,Birenga,3803.0,,0.0,,0.0,,0.0,,,11/18/18,,,,,,,,,POINT (552960.656847182 4757229.149683274),1866.5,3507.96,6427.47,10582.02,14912.64,1920.29,3609.42,6585.1,10702.68,15177.18
006f100000eev5eAAA,1014433,Rwanda,Rwanda - Cyerwa - 1014433,Rejected,Technical,11/19/18,Eastern Province,Ngoma,Gashanda-Karembo,Cyerwa-Akaziba(Cyerwa-Kabeza),Cyerwa,Kagina,,,Project Assessment - 2018.11.18,-2.182108,30.453907,,http://www.worldpop.org.uk/data/summary?doi=10.5258/SOTON/WP00539,4161.0,27154.0,Akaziba cell,5286.0,Cyerwa cell,5640.0,,0.0,,0.0,,0.0,,,11/18/18,,,,,,,,,POINT (550487.7814076503 4758730.330901344),510.61,3854.1,6355.63,9552.4,13294.75,545.37,3925.61,6503.15,9790.98,13606.92
006f100000eev5jAAA,1014434,Rwanda,Rwanda - Rukizi - 1014434,Rejected,Technical,11/19/18,Eastern Province,Ngoma,Karembo-Zaza,Akaziba-Ruhembe(Rukuzi-Kabeza),Rukizi,Iteme,,,Project Assessment - 2018.11.18,-2.166942,30.441723,,http://www.worldpop.org.uk/data/summary?doi=10.5258/SOTON/WP00539,3866.0,28310.0,Ruhembe,5561.0,Akaziba,5286.0,,0.0,,0.0,,0.0,,,11/18/18,,,,,,,,,POINT (549133.0262002477 4760407.6102602305),925.83,3352.03,5623.88,10383.74,15334.93,925.76,3487.37,5620.04,10527.3,15567.05
006f100000eev5oAAA,1014435,Rwanda,Rwanda - Kanege - 1014435,Rejected,Technical,11/19/18,Eastern Province,Ngoma,Gashanda,Munege(Kanege-Rugarama),Kanege,Rwezamenyo,,,Project Assessment - 2018.11.18,-2.20317,30.464068,,http://www.worldpop.org.uk/data/summary?doi=10.5258/SOTON/WP00539,3933.0,24480.0,Munege cell,2906.0,,0.0,,0.0,,0.0,,0.0,,,11/18/18,,,,,,,,,POINT (551617.285720499 4756401.19274229),1478.97,3240.35,6833.58,10224.75,14427.34,1478.97,3307.45,6896.21,10454.29,14696.47
006f100000ef7XtAAI,1014490,Rwanda,Rwanda - Nyagatovu - 1014490,Rejected,Technical,11/27/18,Eastern Province,Ngoma,Kibungo-Rukira,Gatonde-Kibatsi(Nyagatovu-Kibimba),Nyagatovu,Kizabwangu,,,Project Assessment - 2018.11.25,-2.117773,30.607615,,http://www.worldpop.org.uk/data/summary?doi=10.5258/SOTON/WP00539,4478.0,27151.0,Gatonde cell,4622.0,Kibatsi cell,6017.0,,0.0,,0.0,,0.0,,,11/25/18,,,,,,,,,POINT (567588.0148082726 4765837.886947193),1459.93,3715.5,6018.77,8219.0,11439.59,1535.22,3749.45,6129.22,8359.92,11562.11
006f100000ef7Y3AAI,1014491,Rwanda,Rwanda - Mukomango - 1014491,Rejected,Technical,11/27/18,Eastern Province,Ngoma,Kazo,Gahuriro(Rebero-Tambiro-Umuyange),Mukomango,Kamavebe,,,Project Assessment - 2018.11.25,-2.206378,30.521405,,http://www.worldpop.org.uk/data/summary?doi=10.5258/SOTON/WP00539,4544.0,27873.0,Gahuriro,5065.0,,0.0,,0.0,,0.0,,0.0,,,11/25/18,,,,,,,,,POINT (557994.799749099 4756044.377386372),1618.19,3153.78,6080.83,11102.4,16266.55,1614.21,3026.43,6063.31,11068.99,16341.25
006f100000ef7abAAA,1014492,Rwanda,Rwanda - Kigobe - 1014492,Rejected,Technical,11/27/18,Eastern Province,Ngoma,Karembo,Karaba-Akaziba(Kigobe-Impinga),Kigobe,Rwarutene,,,Project Assessment - 2018.11.25,-2.137525,30.459055,,http://www.worldpop.org.uk/data/summary?doi=10.5258/SOTON/WP00539,4152.0,29173.0,Akaziba,5286.0,Karaba,4077.0,,0.0,,0.0,,0.0,,,11/25/18,,,,,,,,,POINT (551061.8908216807 4763659.626291857),928.56,3533.95,6165.76,9157.08,12752.93,1011.13,3605.2,6357.77,9440.28,13059.34
006f100000ef7agAAA,1014493,Rwanda,Rwanda - Kagoma - 1014493,Rejected,Technical,12/31/18,Eastern Province,Ngoma,Ngoma,Karenge,Kagoma,Akagera,,,Project Assessment - 2018.11.25,-2.271583,30.334962,,http://www.worldpop.org.uk/data/summary?doi=10.5258/SOTON/WP00539,2166.0,18291.0,Jarama,55.0,,0.0,,0.0,,0.0,,0.0,,,11/25/18,,,,,,,,,POINT (537255.180676565 4748840.835253876),298.24,842.46,2037.31,2513.83,3123.27,298.24,1042.54,2077.86,2513.83,3208.43
006f100000ef7alAAA,1014494,Rwanda,Rwanda - Meraneza - 1014494,Rejected,Technical,11/27/18,Eastern Province,Ngoma,Mutenderi-Murama,Nyagasozi-Rurenge(Nyamugali-Kanyinya),Meraneza,Canal principal,,,Project Assessment - 2018.11.25,-2.267435,30.545003,,http://www.worldpop.org.uk/data/summary?doi=10.5258/SOTON/WP00539,3631.0,26652.0,Nyagasozi cell,4300.0,Rurenge cell,6503.0,,0.0,,0.0,,0.0,,,11/25/18,,,,,,,,,POINT (560617.1276708395 4749292.368695757),1356.92,3143.99,5107.17,8576.58,12586.83,1401.54,3215.97,5187.86,8816.4,12672.27
006f100000ef7b0AAA,1014495,Rwanda,Rwanda - Musenyi - 1014495,Rejected,Vehicular Bridge Required,12/31/18,Eastern Province,Ngoma,Mutenderi-Kazo,Mutenderi,Musenyi,Nyakagezi,,,Project Assessment - 2018.11.25,-2.256448,30.484267,,http://www.worldpop.org.uk/data/summary?doi=10.5258/SOTON/WP00539,3980.0,20138.0,Mutenderi,555.0,,0.0,,0.0,,0.0,,0.0,,,11/25/18,,,,,,,,,POINT (553862.0923723265 4750509.590043918),1369.66,3407.09,7381.56,11590.46,15450.87,1387.75,3485.5,7525.64,11671.75,15808.31
006f100000ef7jTAAQ,1014509,Rwanda,Rwanda - Gisera - 1014509,Rejected,Technical,11/27/18,Eastern Province,Ngoma,Sake-Gashanda,Nkanga-Cyerwa(Mizibiri-Mizibiri),Gisera,Umukoki,,,Project Assessment - 2018.11.25,-2.21354,30.437908,,http://www.worldpop.org.uk/data/summary?doi=10.5258/SOTON/WP00539,4178.0,24348.0,Nkanga cell,5608.0,Cyerwa cell,5460.0,,0.0,,0.0,,0.0,,,11/25/18,,,,,,,,,POINT (548707.1689161028 4755255.4819592545),2356.94,4218.6,6188.37,9621.49,14003.28,2526.08,4404.05,6294.17,9956.96,14558.67
006f100000ef7oOAAQ,1014511,Rwanda,Rwanda - Gaseke - 1014511,Rejected,Technical,11/27/18,Eastern Province,Ngoma,Rubona-Mwurire,Nawe-Mwurire(Gaseke-Mpinga),Gaseke,Gatare,,,Project Assessment - 2018.11.26,-2.008345,30.412562,,http://www.worldpop.org.uk/data/summary?doi=10.5258/SOTON/WP00539,3198.0,23888.0,Nawe cell,2448.0,Mwurire cell,5115.0,,0.0,,0.0,,0.0,,,11/25/18,,,,,,,,,POINT (545893.9779793449 4777944.209575469),1251.36,3371.47,6700.68,9550.87,13444.82,1248.67,3351.67,6989.84,9935.54,13880.19
006f100000ef7oTAAQ,1014512,Rwanda,Rwanda - Mataba - 1014512,Rejected,Technical,11/27/18,Eastern Province,Ngoma,Rubona-Nzige,Karambi-Kigarama(Mataba-Byobo-Nyarutovu),Mataba,Nyirabidibiri,,,Project Assessment - 2018.11.26,-2.025878,30.360528,,http://www.worldpop.org.uk/data/summary?doi=10.5258/SOTON/WP00539,4240.0,25882.0,Karambi cell,4069.0,Kigarama cell,4024.0,,0.0,,0.0,,0.0,,,11/25/18,,,,,,,,,POINT (540105.1309109516 4776007.010592212),1791.32,3536.07,6060.79,9635.36,13939.71,1759.31,3590.28,6261.38,9786.59,14157.39
006f100000efEerAAE,1014554,Rwanda,Rwanda - Kagarama - 1014554,Rejected,,12/31/18,Eastern Province,Ngoma,Ngoma district ( Rukumberi sector) - Bugesera district ( Rweru sector),( Rubona cell ) ( Rukumberi sector ) - ( sharita cell ) ( Rweru Sector),Kagarama,Akagera,,,Project Assessment - 2018.11.29,-2.19809,30.32175,,http://www.worldpop.org.uk/data/summary?doi=10.5258/SOTON/WP00539,3062.0,18106.0,Rubona cell,6986.0,Sharita cell,6452.0,,0.0,,0.0,,0.0,,,11/29/18,,,,,,,,,POINT (535787.4777699683 4756967.044344065),643.75,2373.9,7210.06,11135.26,14174.9,592.24,2352.87,7142.58,11135.26,14239.69
006f100000efEewAAE,1014555,Rwanda,Rwanda - Mfune - 1014555,Identified,Requested,12/31/18,Eastern Province,Ngoma,Ngoma district( Rukumberi sector ) - Bugesera district ( Gashora sector ),Mfune village ( Gituza cell ) (Rukumberi sector) - Kanyonyomba village ( Biryogo cell )( Gashora sector ),Mfune,Akagera river,,,Project Assessment - 2018.11.29,-2.20515,30.28804,,http://www.worldpop.org.uk/data/summary?doi=10.5258/SOTON/WP00539,2507.0,13548.0,Gituza cell,5021.0,Biryogo cell,5032.0,,0.0,,0.0,,0.0,,,11/29/18,,,,,,,,,POINT (532037.811321116 4756187.21183851),1114.33,3211.18,5438.45,6124.85,6989.4,1114.33,3111.1,5371.93,6095.12,6996.83
006f100000efEf1AAE,1014556,Rwanda,Rwanda - KwaMunyamahoro - 1014556,Rejected,,12/31/18,Eastern Province,Ngoma,Rukumberi sector ( Ngoma District ) - Rweru Sector ( Bugesera District ),( Gituza cell )( Rukumberi sector ) - ( Sharita cell ) ( Rweru Sector),KwaMunyamahoro,Akagera,,,Project Assessment - 2018.11.29,-2.2041,30.30697,,http://www.worldpop.org.uk/data/summary?doi=10.5258/SOTON/WP00539,2458.0,16593.0,Gituza cell,9494.0,Sharita cell,6452.0,,0.0,,0.0,,0.0,,,11/29/18,,,,,,,,,POINT (534143.3810525276 4756302.88593856),655.83,2212.68,4189.6,6928.45,9985.79,600.69,2192.17,4116.54,6977.06,9985.79
006f100000efEfQAAU,1014561,Rwanda,Rwanda - Akinteko - 1014561,Rejected,Technical,11/30/18,Eastern Province,Ngoma,Mugesera Sector,Akinteko village ( Ntaga cell ) - Rusave village ( Nyange cell ),Akinteko,Umutembo,,,Project Assessment - 2018.11.29,-2.10599,30.37534,,http://www.worldpop.org.uk/data/summary?doi=10.5258/SOTON/WP00539,4267.0,25235.0,Ntaga cell,5147.0,Nyange cell,5111.0,,0.0,,0.0,,0.0,,,11/29/18,,,,,,,,,POINT (541750.7489826094 4767148.889537818),2221.16,4431.64,7336.85,10802.57,14209.63,2175.61,4614.05,7427.2,10991.29,14267.66
0063Z00000sf7RFQAY,1039202,Rwanda,Rwanda - Gasagara - 1039202,Identified,Requested,12/31/22,Western Province,Ngororero,Gatumba,Ruhanga,Gasagara,Nyabarongo,,,Project Assessment - 2022.3.3,-1.978155,29.642226,2600.0,https://api.worldpop.org/v1/services/stats?,6488.81,38140.84,Gasagara,1200.0,Musange,1400.0,,0.0,,0.0,,0.0,,0.0,3/3/22,,0.0,,0.0,,0.0,,0.0,POINT (460200.07696654066 4781283.654929019),1138.35,2241.81,3820.34,6410.0,9933.09,1184.67,2326.69,3900.56,6525.28,10206.35
0063Z00000sfS8sQAE,1039283,Rwanda,Rwanda - Ntendure - 1039283,Rejected,Technical,12/31/22,Western Province,Ngororero,Muhanga - Kavumu,Ngoma (Muhanda) - Tetero (Kavumu),Ntendure,Muhembe,,,Project Assessment - 2022.3.14,-1.845186,29.515663,2600.0,https://api.worldpop.org/v1/services/stats?,6535.66,44512.73,Ntendure,1200.0,Bereshi,1400.0,,0.0,,0.0,,0.0,,0.0,3/14/22,,0.0,,0.0,,0.0,,0.0,POINT (446116.3656224509 4795982.2558908),1817.95,4439.93,7202.22,11450.31,16758.05,1767.73,4471.97,7292.89,11623.39,17043.0
006Ns000005QSx3IAG,1049677,Rwanda,Rwanda - RUSENYI - 1049677,Complete,In Service,7/12/24,Western Province,Ngororero,Kageyo,Mukore,RUSENYI,Satinsyi,,,Project Pre-Assessment - 2023.11.29,-1.8883,29.595,5026.0,https://api.worldpop.org/v1/services/stats?,6477.85,45203.15,Rusenyi,1046.0,Gaseke,1112.0,Kabuhake,814.0,Gashyushya,951.0,Nyaruhondo,1103.0,,0.0,11/29/23,,0.0,,0.0,,0.0,,0.0,POINT (454944.05394289445 4791217.468618733),1451.31,3228.29,5868.18,9058.59,13281.87,1483.46,3293.42,6057.73,9353.73,13654.35
006Ns00000978JrIAI,1050553,Rwanda,Rwanda - Rurera - 1050553,Identified,Requested,12/31/24,Western Province,Ngororero,Kageyo Sector,Mukore & Kirwa cells,Rurera,Mpazi,,,Project Pre-Assessment - 2023.11.29,-1.883,29.5805,5680.0,https://api.worldpop.org/v1/services/stats?,5476.12,41538.99,Kabagari,1084.0,Gatovu,1250.0,Gitongo,788.0,Ruganda,1446.0,Gaseke,1112.0,,0.0,11/29/23,,0.0,,0.0,,0.0,,0.0,POINT (453330.7701866271 4791803.093363864),1223.82,3057.55,5445.3,7977.46,11527.61,1278.61,3078.78,5545.2,8257.16,11822.8
006Ns00000978JrIAI,1050553,Rwanda,Rwanda - Rurera - 1050553,Identified,Requested,12/31/24,Western Province,Ngororero,Kageyo Sector,Mukore & Kirwa cells,Rurera,Mpazi,,,Project Pre-Assessment - 2024.2.20,-1.883,29.5805,4772.0,https://api.worldpop.org/v1/services/stats?,5476.12,41538.99,Gatovu,965.0,Gitongo,847.0,Kabagari,1160.0,Ruganda,1200.0,Nyaruzenga,600.0,,0.0,2/20/24,,0.0,,0.0,,0.0,,0.0,POINT (453330.7701866271 4791803.093363864),1223.82,3057.55,5445.3,7977.46,11527.61,1278.61,3078.78,5545.2,8257.16,11822.8
006Ns0000097K1eIAE,1050547,Rwanda,Rwanda - Rutindo - 1050547,Identified,Requested,12/31/24,Western Province,Ngororero,Muhororo & Kageyo Sectors,Sanza-Mukore cells,Rutindo,Satisyi,,,Project Pre-Assessment - 2024.2.20,-1.888424,29.598181,5240.0,https://api.worldpop.org/v1/services/stats?,6898.21,46206.78,Rusenyi,1200.0,Gaseke,1115.0,Gashyushya,918.0,Nyaruhondo,1160.0,Gitongo,847.0,,0.0,2/20/24,,0.0,,0.0,,0.0,,0.0,POINT (455297.9468253622 4791203.840396263),1503.51,3363.35,5852.89,9734.41,14483.1,1498.13,3385.47,6031.88,10005.21,14818.55
006Ns00000ODK4kIAH,1053033,Rwanda,Rwanda - Gisayo - 1053033,Identified,Requested,12/31/24,Western Province,Ngororero,Gatumba,Gatsibo,Gisayo,Gisayo,,,Project Assessment - 2024.10.7,-1.951663,29.645362,2719.0,https://api.worldpop.org/v1/services/stats?,5732.11,46490.2,Gasave,668.0,Gatongo,764.0,Musagara,725.0,?amina,562.0,,0.0,,0.0,10/7/24,,0.0,,0.0,,0.0,,0.0,POINT (460548.3184777468 4784212.861510634),1476.39,3492.06,6591.16,11359.86,15742.78,1482.1,3568.7,6704.96,11631.97,16034.78
006Ns00000ODTw1IAH,1053035,Rwanda,Rwanda - Butinza - 1053035,Identified,Requested,12/31/24,Western Province,Ngororero,Muhororo,Bweramana,Butinza,Nyagaseke,,,Project Assessment - 2024.10.7,-1.909561,29.618012,8376.0,https://api.worldpop.org/v1/services/stats?,9929.47,52812.21,Kibingo,2600.0,Butinza,2684.0,Nganzo,992.0,Mwiha,1224.0,Musanzubize,876.0,,0.0,10/7/24,,0.0,,0.0,,0.0,,0.0,POINT (457504.6802612789 4788867.284995946),2680.39,5188.3,8706.86,12899.87,18025.06,2711.29,5201.97,8867.1,13080.46,18216.15
006f100000a86EJAAY,1007419,Rwanda,Rwanda - Kabyaza - 1007419,Rejected,Technical,10/30/18,Western Province,Ngororero,Muhanda,Gisebeya village - kavumu village,Kabyaza,,,,Project Assessment - 2018.8.26,-1.82084,29.54068,,http://www.worldpop.org.uk/data/summary?doi=10.5258/SOTON/WP00539,7506.0,47940.0,,0.0,,0.0,,0.0,,0.0,,0.0,,,8/26/18,,,,,,,,,POINT (448898.9371655726 4798674.880585062),1869.41,4573.98,7929.95,12882.76,18507.36,1907.21,4629.06,8111.58,13225.51,18804.9
006f100000a86EKAAY,1007420,Rwanda,Rwanda - Mubarama - 1007420,Rejected,Technical,12/14/18,Western Province,Ngororero,Kageyo sector ( Kirwa cell ) - Muhororo sector ( Sanza Cell ),Nyaruzenga village ( Kirwa cell ) - Sanza village ( Sanza Cell),Mubarama,Satinsyi river,,,Project Assessment - 2018.12.8,-1.91351,29.57821,,http://www.worldpop.org.uk/data/summary?doi=10.5258/SOTON/WP00539,5630.0,38315.0,Sanza cell,6804.0,Kirwa cell,6000.0,,0.0,,0.0,,0.0,,,12/8/18,,,,,,,,,POINT (453076.8264967053 4788429.6191202365),1302.34,2826.29,5251.56,8753.0,13545.23,1323.33,2911.8,5310.28,8964.85,13794.05
006f100000a86EMAAY,1007422,Rwanda,Rwanda - Gakomo - 1007422,Rejected,Technical,11/15/18,Western Province,Ngororero,Gatumba,Between Mataba village and Rusumo village,Gakomo,,,,Project Assessment - 2018.8.4,-1.93935456,29.63153625,,http://www.worldpop.org.uk/data/summary?doi=10.5258/SOTON/WP00539,8019.0,43758.0,,0.0,,0.0,,0.0,,0.0,,0.0,,,8/4/18,,,,,,,,,POINT (459009.9557897119 4785573.435724323),3494.2,5566.93,8324.57,11999.12,17510.34,3613.44,5815.61,8646.18,12316.28,17939.76
006f100000a86ENAAY,1007423,Rwanda,Rwanda - Bushoka - 1007423,Complete,In Service,7/9/21,Western Province,Ngororero,Matyazo -Ngororero,Cyandago -Butare,Bushoka,Satinsyi,Rwanda Full Scale Research - Randomized and Lost,,Project Pre-Assessment - 2020.2.10,-1.80202,29.64597,1500.0,http://www.worldpop.org.uk/data/summary?doi=10.5258/SOTON/WP00539,5866.0,48654.0,Rwamiko,500.0,Butare,500.0,Ryusororo,500.0,,0.0,,0.0,,0.0,2/10/20,,0.0,,0.0,,0.0,,0.0,POINT (460612.607917969 4800758.383046291),1734.21,4875.13,8512.01,13454.23,18087.03,1694.14,4884.14,8648.26,13697.13,18344.44
006f100000a86ENAAY,1007423,Rwanda,Rwanda - Bushoka - 1007423,Complete,In Service,7/9/21,Western Province,Ngororero,Matyazo -Ngororero,Cyandago -Butare,Bushoka,Satinsyi,Rwanda Full Scale Research - Randomized and Lost,,Project Assessment - 2018.8.11,-1.80202,29.64597,,http://www.worldpop.org.uk/data/summary?doi=10.5258/SOTON/WP00539,5866.0,48654.0,Cyandago village,725.0,Butare,600.0,,0.0,,0.0,,0.0,,,8/10/18,,,,,,,,,POINT (460612.607917969 4800758.383046291),1734.21,4875.13,8512.01,13454.23,18087.03,1694.14,4884.14,8648.26,13697.13,18344.44
006f100000a86EOAAY,1007424,Rwanda,Rwanda - Murambi - 1007424,Complete,In Service,12/16/21,Western Province,Ngororero,Ngororero -Kageyo,Murambi,Murambi,Satinsyi,Rwanda Full Scale Research - Randomized and Baselined - Intervention,,Project Assessment - 2018.8.4,-1.85605607,29.62150397,,http://www.worldpop.org.uk/data/summary?doi=10.5258/SOTON/WP00539,8467.0,45334.0,,0.0,,0.0,,0.0,,0.0,,0.0,,,8/4/18,,,,,,,,,POINT (457891.8758870811 4794783.24196566),2996.85,7761.77,13254.54,18330.4,23972.72,3126.46,7844.08,13435.23,18595.66,24343.78
006f100000a86EPAAY,1007425,Rwanda,Rwanda - Muhembe - 1007425,Complete,In Service,5/19/21,Western Province,Ngororero,Hindiro -Kageyo,Between Gaseke vilage from Kageyo and Nyagasozi village from Hindiro,Muhembe,Muhembe,Rwanda Full Scale Research - Randomized and Baselined - Intervention,Catchment Survey Program,Project Assessment - 2018.8.11,-1.82487,29.61382,,https://api.worldpop.org/v1/services/stats?,9016.94,55657.79,Gaseke,1218.0,Nyagasozi,884.0,,0.0,,0.0,,0.0,,,8/10/18,,,,,,,,,POINT (457036.2659700381 4798231.203871079),1289.31,3380.14,7200.58,12378.07,18433.19,1311.82,3567.31,7388.38,12517.0,18521.71
006f100000a86EQAAY,1007426,Rwanda,Rwanda - Mucyabahinja - 1007426,Complete,In Service,3/4/22,Western Province,Ngororero,Hindiro-Kageyo,Karambo-Nyagasozi and Kiribata- Giseke,Mucyabahinja,Muhembe,Rwanda Full Scale Research - Randomized and Baselined - Intervention,,Project Assessment - 2018.8.4,-1.819809,29.6066111,,http://www.worldpop.org.uk/data/summary?doi=10.5258/SOTON/WP00539,8502.0,50220.0,Karambo,1114.0,Nyagasozi,998.0,Kiribata,789.0,Giseke,686.0,,0.0,,,8/4/18,,,,,,,,,POINT (456234.1185494743 4798790.609500022),1562.1,4184.62,7613.94,11612.5,16940.38,1643.18,4315.68,7732.02,11778.71,17137.21
006f100000a86ERAAY,1007427,Rwanda,Rwanda - Munyegera - 1007427,Complete,In Service,10/29/24,Western Province,Ngororero,Hindiro -Kavumu,"Marantima, Gitwa",Munyegera,Muhembe,,,Project Assessment - 2018.8.4,-1.82273,29.58247,,http://www.worldpop.org.uk/data/summary?doi=10.5258/SOTON/WP00539,7637.0,47725.0,Munyegera,1114.0,Karambi,785.0,Muvugangoma,1222.0,Kiribata,984.0,Rugari,1320.0,,,8/4/18,,,,,,,,,POINT (453548.3657425212 4798467.038859752),1586.22,3978.66,7791.53,11823.1,17227.77,1620.32,4064.77,7939.35,11994.96,17567.11
006f100000a86ERAAY,1007427,Rwanda,Rwanda - Munyegera - 1007427,Complete,In Service,10/29/24,Western Province,Ngororero,Hindiro -Kavumu,"Marantima, Gitwa",Munyegera,Muhembe,,,Project Assessment - 2018.8.4,-1.82273,29.58247,,http://www.worldpop.org.uk/data/summary?doi=10.5258/SOTON/WP00539,7637.0,47725.0,Munyegera,833.0,Karambi,700.0,,0.0,,0.0,,0.0,,,8/4/18,,,,,,,,,POINT (453548.3657425212 4798467.038859752),1586.22,3978.66,7791.53,11823.1,17227.77,1620.32,4064.77,7939.35,11994.96,17567.11
006f100000a86ESAAY,1007428,Rwanda,Rwanda - Kirombozi - 1007428,Rejected,Technical,12/14/18,Western Province,Ngororero,Gatumba,,Kirombozi,Kinani,,,Project Assessment - 2018.12.13,-1.929636,29.799125,,http://www.worldpop.org.uk/data/summary?doi=10.5258/SOTON/WP00539,5128.0,33291.0,,0.0,,0.0,,0.0,,0.0,,0.0,,,12/13/18,,,,,,,,,POINT (477653.48171902396 4786651.104690147),1633.69,3136.06,5502.3,8512.24,12104.24,1675.8,3156.98,5621.59,8581.38,12312.33
006f100000a86ETAAY,1007429,Rwanda,Rwanda - Kwa Agnes - 1007429,Rejected,Technical,12/14/18,Western Province,Ngororero,Ngororero District ( Sovu sector ) - Rutsiro District ( Rusebeya Sector ),(Sovu sector )( Kanyana cell ) ( Mugobati village) - (Rusebeya Sector)(Mberi cell )( Gihinga cell ),Kwa Agnes,Satinsyi,,,Project Assessment - 2018.12.13,-1.9264167,29.5062222,,http://www.worldpop.org.uk/data/summary?doi=10.5258/SOTON/WP00539,5109.0,31520.0,,0.0,,0.0,,0.0,,0.0,,0.0,,,12/13/18,,,,,,,,,POINT (445068.5756865809 4787000.406855761),1022.11,2837.57,5445.13,9089.19,13286.75,1079.21,2861.06,5586.09,9361.19,13647.1
006f100000a86EUAAY,1007430,Rwanda,Rwanda - Kamasiga - 1007430,Rejected,Technical,11/5/18,Western Province,Ngororero,Gatumba,Between Nyenyeri village and Gasave Village,Kamasiga,,,,Project Assessment - 2018.8.4,-1.92789109,29.63116618,,http://www.worldpop.org.uk/data/summary?doi=10.5258/SOTON/WP00539,8735.0,44583.0,Nyenyeri,800.0,Byimama,700.0,Gasave,900.0,Nganzo,1000.0,,0.0,,,8/4/18,,,,,,,,,POINT (458968.5111762107 4786840.905765651),1959.99,4998.32,8781.62,13628.9,19062.67,2060.03,5199.34,9006.93,13917.74,19447.93
006f100000a86EVAAY,1007431,Rwanda,Rwanda - Kigufi - 1007431,Rejected,Vehicular Bridge Required,12/9/18,Western Province,Ngororero,Hindiro,Mparantima cell ( Mugesera village ),Kigufi,Kigufi,,,Project Assessment - 2018.12.8,-1.8153056,29.578056,,http://www.worldpop.org.uk/data/summary?doi=10.5258/SOTON/WP00539,7560.0,48301.0,,0.0,,0.0,,0.0,,0.0,,0.0,,,12/8/18,,,,,,,,,POINT (453057.0924417004 4799287.820657719),1711.7,4207.94,7854.8,12561.39,17556.99,1750.27,4290.27,8033.93,12725.92,17852.91
006f100000a86EWAAY,1007432,Rwanda,Rwanda - Kazabe - 1007432,Rejected,Technical,11/5/18,Western Province,Ngororero,Ngororero,Murambi,Kazabe,,,,Project Assessment - 2018.8.4,-1.85795617,29.62374517,,http://www.worldpop.org.uk/data/summary?doi=10.5258/SOTON/WP00539,8321.0,45170.0,Murambi,800.0,Kabuga,700.0,Butezi,600.0,,0.0,,0.0,,,8/4/18,,,,,,,,,POINT (458141.26031616726 4794573.207219693),4069.2,8136.35,13340.31,18887.48,24257.49,4128.73,8137.9,13572.1,19212.76,24691.69
006f100000a86EXAAY,1007433,Rwanda,Rwanda - Kibirira - 1007433,Rejected,Technical,11/5/18,Western Province,Ngororero,Gatumba,,Kibirira,,Rwanda Full Scale Research - Randomized and Baselined - Long Term Control,,Project Assessment - 2018.8.26,-1.9307222,29.6403611,,http://www.worldpop.org.uk/data/summary?doi=10.5258/SOTON/WP00539,7740.0,44850.0,,0.0,,0.0,,0.0,,0.0,,0.0,,,8/26/18,,,,,,,,,POINT (459991.4940905578 4786528.098144396),1552.26,4110.21,9220.15,13199.29,17317.05,1578.44,4194.29,9449.71,13520.38,17744.4
006f100000bge7oAAA,1010406,Rwanda,Rwanda - Satinsyi - 1010406,Rejected,Vehicular Bridge Required,12/9/18,Western Province,Ngororero,Ngororero sector ( Kaseke cell ) - Matyazo sector ( Matare cell ),Kanyinya village ( Kaseke cell ) - Kanyenyeri village ( Matare cell ),Satinsyi,Satinsyi river,,,Project Assessment - 2018.12.8,-1.75995,29.66276667,,http://www.worldpop.org.uk/data/summary?doi=10.5258/SOTON/WP00539,7462.0,45808.0,,0.0,,0.0,,0.0,,0.0,,0.0,,,12/8/18,,,,,,,,,POINT (462480.4825389352 4805410.258211373),1057.76,2786.17,6124.72,10089.22,14635.18,1054.26,2938.82,6173.39,10252.43,14736.34
006f100000c5pcIAAQ,1010941,Rwanda,Rwanda - Rwamamara - 1010941,Complete,In Service,9/9/19,Western Province,Ngororero,Ngororero sector - Kageyo sector,Rususa Cell ( Rususa village ) - Rwamamara cell ( Gasiza village ),Rwamamara,Satinsyi River,2019 Rwanda Research Pilot - Bridge Sites,Catchment Survey Program,Project Assessment - 2018.3.6,-1.83113,29.62303,,http://www.worldpop.org.uk/data/summary?doi=10.5258/SOTON/WP00539,7451.0,48485.0,Gasiza,1500.0,Giseke,1000.0,Gaseke,900.0,Mubuga,800.0,,0.0,,,3/6/18,,,,,,,,,POINT (458061.0676080111 4797539.2733098455),1720.47,4494.74,9101.66,15965.14,23706.09,1764.75,4545.51,9349.46,16224.44,23946.27
006f100000c5pcIAAQ,1010941,Rwanda,Rwanda - Rwamamara - 1010941,Complete,In Service,9/9/19,Western Province,Ngororero,Ngororero sector - Kageyo sector,Rususa Cell ( Rususa village ) - Rwamamara cell ( Gasiza village ),Rwamamara,Satinsyi River,2019 Rwanda Research Pilot - Bridge Sites,Catchment Survey Program,Project Assessment - 2018.12.9,-1.83113,29.62303,,http://www.worldpop.org.uk/data/summary?doi=10.5258/SOTON/WP00539,7451.0,48485.0,,0.0,,0.0,,0.0,,0.0,,0.0,,,12/8/18,,,,,,,,,POINT (458061.0676080111 4797539.2733098455),1720.47,4494.74,9101.66,15965.14,23706.09,1764.75,4545.51,9349.46,16224.44,23946.27
006f100000d6lDDAAY,1012823,Rwanda,Rwanda - Sodoma - 1012823,Complete,In Service,7/30/24,Western Province,Ngororero,Bambiro cell ( Nyange sector ) - Bitabage cell ( Ndaro sector ),"Bambiro cell, Bitabage cell",Sodoma,Secoko river,,,Project Assessment - 2018.8.17,-2.014133,29.614267,2600.0,http://www.worldpop.org.uk/data/summary?doi=10.5258/SOTON/WP00539,5681.0,34705.0,Kamuyobora,1500.0,Butare,300.0,Gakoma,400.0,Murambi,200.0,Gasave,200.0,,,8/17/18,,,,,,,,,POINT (457090.7158361664 4777304.975843824),1239.87,2569.25,4577.25,7291.11,11132.79,1249.42,2649.46,4675.26,7366.64,11313.96
006f100000d6lDDAAY,1012823,Rwanda,Rwanda - Sodoma - 1012823,Complete,In Service,7/30/24,Western Province,Ngororero,Bambiro cell ( Nyange sector ) - Bitabage cell ( Ndaro sector ),"Bambiro cell, Bitabage cell",Sodoma,Secoko river,,,Project Assessment - 2018.12.8,-2.014133,29.614267,,http://www.worldpop.org.uk/data/summary?doi=10.5258/SOTON/WP00539,5681.0,34705.0,Kamuyobora,1500.0,Butare,300.0,Gakoma,400.0,Murambi,200.0,Gasave,200.0,,,12/8/18,,,,,,,,,POINT (457090.7158361664 4777304.975843824),1239.87,2569.25,4577.25,7291.11,11132.79,1249.42,2649.46,4675.26,7366.64,11313.96
006f100000d7EatAAE,1013353,Rwanda,Rwanda - Kivomo - 1013353,Complete,In Service,10/10/19,Western Province,Ngororero,Nyange sector ( Vuganyana cell ) - Ndaro Sector ( Kibanda cell ),Karambo village ( Vuganyana cell ) - Rwambogo village ( Kibanda cell ),Kivomo,Secoko river,2019 Rwanda Research Pilot - Bridge Sites,,Project Assessment - 2018.9.10,-2.026616,29.57632,,http://www.worldpop.org.uk/data/summary?doi=10.5258/SOTON/WP00539,5703.0,32538.0,Rwambogo,356.0,Nyagatama,550.0,Karambo,862.0,,0.0,,0.0,,,9/10/18,,,,,,,,,POINT (452869.7436078278 4775923.712093964),1244.02,2919.09,4935.87,7717.68,11652.72,1248.21,2986.89,4997.53,7917.76,11850.69
006f100000d7EatAAE,1013353,Rwanda,Rwanda - Kivomo - 1013353,Complete,In Service,10/10/19,Western Province,Ngororero,Nyange sector ( Vuganyana cell ) - Ndaro Sector ( Kibanda cell ),Karambo village ( Vuganyana cell ) - Rwambogo village ( Kibanda cell ),Kivomo,Secoko river,2019 Rwanda Research Pilot - Bridge Sites,,Project Assessment - 2018.12.9,-2.026616,29.57632,,http://www.worldpop.org.uk/data/summary?doi=10.5258/SOTON/WP00539,5703.0,32538.0,,0.0,,0.0,,0.0,,0.0,,0.0,,,12/8/18,,,,,,,,,POINT (452869.7436078278 4775923.712093964),1244.02,2919.09,4935.87,7717.68,11652.72,1248.21,2986.89,4997.53,7917.76,11850.69
006f100000d7Pq8AAE,1013450,Rwanda,Rwanda - Muganza - 1013450,Rejected,Technical,11/10/18,Western Province,Ngororero,Nyange sector,Nyarusange village - muganza village ( both in Nsibo cell .),Muganza,Muganza,,,Project Assessment - 2018.9.15,-2.04927,29.5796,,http://www.worldpop.org.uk/data/summary?doi=10.5258/SOTON/WP00539,4477.0,31016.0,Nyarusange,1345.0,Vuganyana,1249.0,Muganza,1356.0,,0.0,,0.0,,,9/15/18,,,,,,,,,POINT (453235.27171036555 4773419.00847739),1302.23,3146.95,6039.11,9437.79,13217.01,1291.69,3220.76,6022.38,9490.57,13419.65
006f100000d7PqDAAU,1013451,Rwanda,Rwanda - Kivomo - 1013451,Rejected,Technical,12/31/18,Western Province,Ngororero,Nyange sector,Nyagatama village ( vuganyana cell )-Mbobo village ( vuganyana cell ),Kivomo,Secoko,Rwanda Full Scale Research - Randomized and Baselined - Long Term Control,,Project Assessment - 2018.9.15,-2.02839,29.57274,,http://www.worldpop.org.uk/data/summary?doi=10.5258/SOTON/WP00539,5713.0,31897.0,Mbobo,646.0,Mpanga,1528.0,Karambo,488.0,Nyagatama,887.0,,0.0,,,9/15/18,,,,,,,,,POINT (452471.54798803263 4775727.460418478),1274.8,2862.86,4565.42,7485.37,11188.24,1249.69,2895.46,4589.22,7676.19,11461.27
006f100000d7PqSAAU,1013452,Rwanda,Rwanda - Rukombe - 1013452,Rejected,Technical,12/31/18,Western Province,Ngororero,Ndaro sector,Rutonde village ( Bijyojyo cell ) - Masoro village ( Kabageshi cell ),Rukombe,Kintiti,Rwanda Full Scale Research - Randomized and Baselined - Long Term Control,,Project Pre-Assessment - 2023.11.29,-1.9891,29.6047,4257.0,http://www.worldpop.org.uk/data/summary?doi=10.5258/SOTON/WP00539,6141.0,36311.0,Masoro,839.0,Rutonde,960.0,Kavumu,861.0,Gasave,832.0,Ruhanga,765.0,,0.0,11/29/23,,0.0,,0.0,,0.0,,0.0,POINT (456025.790448873 4780072.550006955),1566.96,3648.69,6211.95,9626.44,12940.36,1559.18,3703.63,6356.41,9819.68,13177.46
006f100000d7PqSAAU,1013452,Rwanda,Rwanda - Rukombe - 1013452,Rejected,Technical,12/31/18,Western Province,Ngororero,Ndaro sector,Rutonde village ( Bijyojyo cell ) - Masoro village ( Kabageshi cell ),Rukombe,Kintiti,Rwanda Full Scale Research - Randomized and Baselined - Long Term Control,,Project Pre-Assessment - 2024.10.7,-1.9891,29.6047,4131.0,http://www.worldpop.org.uk/data/summary?doi=10.5258/SOTON/WP00539,6141.0,36311.0,Rutonde,1334.0,Kibuga,875.0,Gasave,645.0,Masoro,735.0,Gasharu,542.0,,0.0,10/7/24,,0.0,,0.0,,0.0,,0.0,POINT (456025.790448873 4780072.550006955),1566.96,3648.69,6211.95,9626.44,12940.36,1559.18,3703.63,6356.41,9819.68,13177.46
006f100000d7PqSAAU,1013452,Rwanda,Rwanda - Rukombe - 1013452,Rejected,Technical,12/31/18,Western Province,Ngororero,Ndaro sector,Rutonde village ( Bijyojyo cell ) - Masoro village ( Kabageshi cell ),Rukombe,Kintiti,Rwanda Full Scale Research - Randomized and Baselined - Long Term Control,,Project Assessment - 2018.9.15,-1.9891,29.6047,,http://www.worldpop.org.uk/data/summary?doi=10.5258/SOTON/WP00539,6141.0,36311.0,Rutonde,580.0,Masoro,706.0,Gasave,420.0,Birima,565.0,Bijyojyo,330.0,,,9/15/18,,,,,,,,,POINT (456025.790448873 4780072.550006955),1566.96,3648.69,6211.95,9626.44,12940.36,1559.18,3703.63,6356.41,9819.68,13177.46
006f100000d7PqrAAE,1013453,Rwanda,Rwanda - Kiriza - 1013453,Rejected,Technical,11/16/18,Western Province,Ngororero,Nyange sector ( Ngororero District ) - Mushishiro sector ( Muhanga district ),Nyarushubi village ( Bambiro cell ) - Bahimba village ( Rwasare cell ),Kiriza,Nyabarongo,,,Project Assessment - 2018.9.15,-2.03409,29.63099,,http://www.worldpop.org.uk/data/summary?doi=10.5258/SOTON/WP00539,5105.0,32249.0,Nyarushubi,1746.0,Gakoma,1223.0,Bugabe,814.0,Muzi,905.0,Murambi,831.0,,,9/15/18,,,,,,,,,POINT (458951.5256934102 4775098.822735467),849.46,2098.59,4029.15,5893.78,9012.16,868.63,2137.02,4076.17,6020.57,9179.02
006f100000d7PqwAAE,1013454,Rwanda,Rwanda - Nyabisindu - 1013454,Rejected,Technical,11/5/18,Western Province,Ngororero,Nyange sector ( Ngororero District) - Murundi sector ( Karongi district ),Gaseke village ( Gaseke cell ) - Kirehe village (Kamina cell ),Nyabisindu,Nyamitanga,,,Project Assessment - 2018.9.15,-2.08128,29.61731,,http://www.worldpop.org.uk/data/summary?doi=10.5258/SOTON/WP00539,4525.0,30498.0,Gaseke,1296.0,Giko,789.0,Dutwe,931.0,Ngobagoba,1107.0,Kirehe,750.0,,,9/15/18,,,,,,,,,POINT (457430.99884303444 4769880.805717094),1553.15,3137.53,5329.66,8835.53,12916.46,1512.33,3139.24,5336.23,8861.49,13042.45
006f100000d7Pr1AAE,1013455,Rwanda,Rwanda - Karuhanga - 1013455,Complete,In Service,1/19/23,Western Province,Ngororero,Ndaro sector,Gasharu village ( Bitabage cell ) - Kimirehe village ( kibanda cell ),Karuhanga,Cyajongo,Rwanda Full Scale Research - Randomized and Baselined - Intervention,,Project Assessment - 2018.9.15,-2.00323,29.5765,,http://www.worldpop.org.uk/data/summary?doi=10.5258/SOTON/WP00539,6195.0,33984.0,Gasharu,890.0,Runyoni,852.0,Rwamikeri,564.0,Kimirehe,642.0,Butambiro,987.0,,,9/15/18,,,,,,,,,POINT (452889.09521400265 4778509.451786027),1317.38,2848.8,5683.45,9055.1,12408.43,1397.46,3014.5,5809.34,9245.54,12722.14
006f100000d7Pr6AAE,1013456,Rwanda,Rwanda - Cyahafi - 1013456,Rejected,Technical,12/31/18,Western Province,Ngororero,Bwira sector,Cyahafi village ( Cyahafi cell ) - Kabirizi village ( ruhindage cell ),Cyahafi,Rubindi,Rwanda Full Scale Research - Randomized and Baselined - Long Term Control,,Project Assessment - 2018.9.15,-1.92556,29.60749,,http://www.worldpop.org.uk/data/summary?doi=10.5258/SOTON/WP00539,6715.0,42950.0,Cyahafi,1574.0,Mwiha,542.0,Nyarutare,652.0,Kabirizi,852.0,,0.0,,,9/15/18,,,,,,,,,POINT (456334.51840419084 4787098.058847196),1700.97,3731.26,6469.86,11429.09,18215.78,1747.97,3745.81,6544.07,11590.0,18702.5
006f100000d7PrBAAU,1013457,Rwanda,Rwanda - Kivugiza - 1013457,Complete,In Service,5/29/20,Western Province,Ngororero,Bwira sector,Kurushishi village- Mukingi village ( Both villages are in Kabarondo cell ),Kivugiza,Nyamahura,Rwanda Full Scale Research - Randomized and Lost,,Project Assessment - 2018.9.15,-1.94955,29.56793,,http://www.worldpop.org.uk/data/summary?doi=10.5258/SOTON/WP00539,6169.0,36463.0,Kurushishi,545.0,Mukingi,546.0,Gitarama,564.0,Bereshi,549.0,Rutembo,452.0,,,9/15/18,,,,,,,,,POINT (451934.19133400905 4784444.476911531),1511.42,3538.67,6158.52,9937.64,14611.02,1666.35,3641.25,6321.56,10150.82,14873.89
006f100000d7PrGAAU,1013458,Rwanda,Rwanda - Kireka - 1013458,Rejected,Technical,11/5/18,Western Province,Ngororero,Bwira sector,Kurushishi village - bereshi village ( both villages are in Kabarondo cell ),Kireka,Rubindi,,,Project Assessment - 2018.9.15,-1.96626,29.57464,,http://www.worldpop.org.uk/data/summary?doi=10.5258/SOTON/WP00539,5494.0,37781.0,Kurushishi,1464.0,Bereshi,464.0,Rusebeye,853.0,Mukingi,845.0,Rwamakara,646.0,,,9/15/18,,,,,,,,,POINT (452681.13061671687 4782597.082757186),1359.11,3046.13,5376.19,8964.28,12925.67,1390.0,3097.43,5439.42,9145.37,13234.93
006f100000d7PrLAAU,1013459,Rwanda,Rwanda - Rugeshi - 1013459,Complete,In Service,5/31/21,Western Province,Ngororero,Bwira - Sovu,Rugeshi village ( GASHUBI cell ) - Ruganda village ( Kanyana cell ),Rugeshi,Satinsyi,Rwanda Full Scale Research - Randomized and Baselined - Intervention,Catchment Survey Program,Project Assessment - 2018.9.15,-1.96038,29.54036,,http://www.worldpop.org.uk/data/summary?doi=10.5258/SOTON/WP00539,5826.0,29577.0,Rugeshi,1380.0,Ruhuha,546.0,Kideberi,528.0,Ngugu,545.0,Ruganda,679.0,,,9/15/18,,,,,,,,,POINT (448867.4187118619 4783246.212600099),1955.11,3650.72,6054.55,9649.9,14013.14,2039.44,3730.7,6199.48,9877.57,14314.72
006f100000d7PrQAAU,1013460,Rwanda,Rwanda - Gasasa - 1013460,Complete,In Service,5/19/21,Western Province,Ngororero,Bwira - Sovu,Gasasa village ( GASHUBI cell ) - Ruganda village ( Kanyana cell ),Gasasa,Satinsyi,Rwanda Full Scale Research - Randomized and Baselined - Intervention,Catchment Survey Program,Project Assessment - 2018.9.15,-1.95373,29.54198,,http://www.worldpop.org.uk/data/summary?doi=10.5258/SOTON/WP00539,6260.0,31511.0,Ruganda,1150.0,Gasasa,789.0,Ngugu,679.0,Bitaba,646.0,Gahombo,789.0,,,9/15/18,,,,,,,,,POINT (449047.43849299813 4783981.539580765),1770.32,3902.36,6682.31,10467.8,14630.2,1797.89,3926.06,6657.81,10764.38,14927.07
006f100000d7PrVAAU,1013461,Rwanda,Rwanda - Nyabiyonga - 1013461,Complete,In Service,12/15/21,Western Province,Ngororero,Bwira - Sovu,Rutembo village ( Bungwe cell )- gisiza village ( rutovu cell ),Nyabiyonga,Satinsyi,Rwanda Full Scale Research - Randomized and Baselined - Intervention,,Project Assessment - 2018.9.15,-1.94216,29.55835,,http://www.worldpop.org.uk/data/summary?doi=10.5258/SOTON/WP00539,6186.0,35795.0,Rutembo,1354.0,Gasiza,897.0,Gasasa,1234.0,Rukeri,694.0,Bereshi,789.0,,,9/15/18,,,,,,,,,POINT (450868.2253722482 4785261.296489518),1823.12,3813.91,6532.61,10359.19,15764.7,1855.33,3930.65,6705.57,10469.86,15951.01
006f100000d7ayMAAQ,1013539,Rwanda,Rwanda - Nyanza - 1013539,Rejected,Technical,12/31/18,Western Province,Ngororero,Kabaya ( Ngororero ) - Muringa ( Nyabihu ),Nyanza village - Kamajanga village,Nyanza,Giciye,Rwanda Full Scale Research - Randomized and Baselined - Long Term Control,,Project Assessment - 2018.9.22,-1.74082,29.53777,,http://www.worldpop.org.uk/data/summary?doi=10.5258/SOTON/WP00539,12433.0,50203.0,Nyanza,1180.0,Kamajanga,580.0,Gisoro,653.0,Kimisagara,745.0,Muremure,908.0,,,9/22/18,,,,,,,,,POINT (448572.96356967615 4807522.441698167),6488.29,9694.43,13450.21,17940.87,23899.05,7147.33,10659.57,14557.78,18933.11,25057.38
006f100000d7ayRAAQ,1013540,Rwanda,Rwanda - Rubambira - 1013540,Rejected,Technical,11/5/18,Western Province,Ngororero,Kabaya sector - Kavumu sector,Rubambiro village ( Mwendo cell ) - Buhuma village ( BIREMBO cell ),Rubambira,Muhembe river,,,Project Pre-Assessment - 2022.3.7,-1.820212,29.548025,3200.0,http://www.worldpop.org.uk/data/summary?doi=10.5258/SOTON/WP00539,7719.0,47655.0,Buhuma,1800.0,Rubambiro,1400.0,,0.0,,0.0,,0.0,,0.0,3/7/22,,0.0,,0.0,,0.0,,0.0,POINT (449716.0955723851 4798744.523654404),1958.32,4697.22,8245.89,13288.3,18629.43,1993.69,4716.19,8356.64,13500.1,18926.84
006f100000d7ayRAAQ,1013540,Rwanda,Rwanda - Rubambira - 1013540,Rejected,Technical,11/5/18,Western Province,Ngororero,Kabaya sector - Kavumu sector,Rubambiro village ( Mwendo cell ) - Buhuma village ( BIREMBO cell ),Rubambira,Muhembe river,,,Project Pre-Assessment - 2024.11.27,-1.820212,29.548025,4961.0,http://www.worldpop.org.uk/data/summary?doi=10.5258/SOTON/WP00539,7719.0,47655.0,Ribambiro,1000.0,Buhuma,1500.0,Nyabarinda,700.0,Kantobo,800.0,Gisebeya,961.0,,0.0,11/27/24,,0.0,,0.0,,0.0,,0.0,POINT (449716.0955723851 4798744.523654404),1958.32,4697.22,8245.89,13288.3,18629.43,1993.69,4716.19,8356.64,13500.1,18926.84
006f100000d7ayRAAQ,1013540,Rwanda,Rwanda - Rubambira - 1013540,Rejected,Technical,11/5/18,Western Province,Ngororero,Kabaya sector - Kavumu sector,Rubambiro village ( Mwendo cell ) - Buhuma village ( BIREMBO cell ),Rubambira,Muhembe river,,,Project Assessment - 2018.9.22,-1.820212,29.548025,,http://www.worldpop.org.uk/data/summary?doi=10.5258/SOTON/WP00539,7719.0,47655.0,Rubambiro,1545.0,Nyabarinda,608.0,Bukonde,959.0,Kantobo,750.0,Gashaki,541.0,,,9/22/18,,,,,,,,,POINT (449716.0955723851 4798744.523654404),1958.32,4697.22,8245.89,13288.3,18629.43,1993.69,4716.19,8356.64,13500.1,18926.84
006f100000d7aygAAA,1013541,Rwanda,Rwanda - Buhito - 1013541,Complete,In Service,3/12/20,Western Province,Ngororero,Muhanda- kabaya,Gisebeya village ( Nganzo cell ) - Rubambiro village ( Mwendo cell ),Buhito,Buhito,Rwanda Full Scale Research - Randomized and Lost,,Project Assessment - 2018.9.22,-1.81792,29.54411,,http://www.worldpop.org.uk/data/summary?doi=10.5258/SOTON/WP00539,7686.0,48223.0,Gisebeya,1412.0,Rubambiro,923.0,,0.0,,0.0,,0.0,,,9/22/18,,,,,,,,,POINT (449280.4640161595 4798997.835562509),1970.43,4433.49,8467.69,13092.21,18790.46,1964.76,4551.06,8540.08,13331.58,19305.71
006f100000d7azKAAQ,1013547,Rwanda,Rwanda - Gitaba - 1013547,Rejected,Technical,12/31/18,Western Province,Ngororero,Kabaya,Bukonde village ( Nyenyeri cell ) - Gitaba village ( Busunzu cell ),Gitaba,Gitare,Rwanda Full Scale Research - Randomized and Baselined - Long Term Control,,Project Assessment - 2018.9.22,-1.77412,29.57416,,http://www.worldpop.org.uk/data/summary?doi=10.5258/SOTON/WP00539,7243.0,52645.0,Gitaba village,894.0,Bukonde,1121.0,Kabere,985.0,Kabusizi,752.0,Kirwa,854.0,,,9/22/18,,,,,,,,,POINT (452622.5793396568 4803841.502782813),1700.73,4197.6,7731.3,12145.35,17474.75,1736.94,4343.29,7982.16,12416.04,17884.36
006f100000dhpCRAAY,1012543,Rwanda,Rwanda - Gasumo - 1012543,Rejected,Technical,11/5/18,Western Province,Ngororero,Muhororo,Between Gashonyi and Murambi,Gasumo,,,,Project Assessment - 2018.8.4,-1.88597,29.65868,,http://www.worldpop.org.uk/data/summary?doi=10.5258/SOTON/WP00539,6515.0,43368.0,Murambi,782.0,Gashonyi,640.0,Gasovu,740.0,,0.0,,0.0,,,8/4/18,,,,,,,,,POINT (462028.4476521524 4791476.608702492),1842.09,4275.08,7192.82,10883.16,15791.34,1875.31,4346.86,7324.61,11198.31,16211.88
006f100000dhpCWAAY,1012544,Rwanda,Rwanda - Gasovu - 1012544,Rejected,Technical,12/11/18,Western Province,Ngororero,Muhororo-Ngororero,Gasovu -Rwambarira,Gasovu,,,,Project Assessment - 2018.8.4,-1.88597,29.651,,http://www.worldpop.org.uk/data/summary?doi=10.5258/SOTON/WP00539,6259.0,44802.0,Gasovu,680.0,Murambi,1200.0,Gashonyi,640.0,Nyabigogoro,630.0,Rwambariro,700.0,,,8/4/18,,,,,,,,,POINT (461174.0438513131 4791476.439307689),1694.79,4193.36,7375.27,12155.07,17306.25,1718.39,4217.4,7672.01,12233.79,17589.96
006f100000dhpCbAAI,1012545,Rwanda,Rwanda - Rwasare - 1012545,Rejected,Technical,11/5/18,Western Province,Ngororero,Gatumba sector,Between Mataba village and Rwasare village,Rwasare,,,,Project Assessment - 2018.8.4,-1.93678,29.63541,,http://www.worldpop.org.uk/data/summary?doi=10.5258/SOTON/WP00539,8221.0,43920.0,Mataba,430.0,Rwasare,600.0,Musagara,720.0,,0.0,,0.0,,,8/4/18,,,,,,,,,POINT (459440.8388160202 4785858.189717605),2084.93,5321.27,8289.36,13101.21,17804.5,2134.11,5567.78,8579.47,13469.43,18210.12
006f100000dhpCgAAI,1012546,Rwanda,Rwanda - Nyarubande - 1012546,Rejected,Technical,11/10/18,Western Province,Ngororero,Between Muhororo Sector and Ngororero Sector,Between Kansi village and Cyansi Village,Nyarubande,,,,Project Assessment - 2018.8.4,-1.88360333,29.62528667,,http://www.worldpop.org.uk/data/summary?doi=10.5258/SOTON/WP00539,7219.0,44902.0,Kansi,923.0,Cyansi,1000.0,,0.0,,0.0,,0.0,,,8/4/18,,,,,,,,,POINT (458313.3616876586 4791737.519837771),2483.03,5579.46,9263.33,13833.04,20234.76,2493.1,5573.61,9487.96,14099.94,20507.27
0063Z0000104DfEQAU,1046085,Rwanda,Rwanda - Muturagara - 1046085,Cancelled,,12/15/23,Western Province,Nyabihu,Rurembo,Rwaza,Muturagara,Rwaza,,,Project Assessment - 2023.5.25,-1.672558,29.574736,1.0,https://api.worldpop.org/v1/services/stats?,7518.2,44607.93,Muturagara,1.0,,0.0,,0.0,,0.0,,0.0,,0.0,5/25/23,,0.0,,0.0,,0.0,,0.0,POINT (452684.15760573826 4815070.95194791),2250.36,4441.62,7135.35,11504.38,16446.81,2246.29,4627.57,7325.29,11934.79,16824.56
0063Z0000104DgMQAU,1046093,Rwanda,Rwanda - Satura - 1046093,Complete,In Service,7/12/24,Western Province,Nyabihu,Muringa,Gisizi,Satura,Ruhanga,,,Project Assessment - 2023.5.25,-1.74222,29.5125,3308.0,https://api.worldpop.org/v1/services/stats?,5532.21,44341.33,Kivugiza,458.0,Kinyasenge,680.0,Munini,760.0,Nyamasheke,690.0,Ruganda,720.0,,0.0,5/25/23,,0.0,,0.0,,0.0,,0.0,POINT (445761.43379898614 4807366.938227928),1886.77,4280.16,7443.26,11727.02,18399.22,1883.41,4405.48,7654.98,11931.22,19255.57
0063Z0000104DgRQAU,1046094,Rwanda,Rwanda - Kanwiri - 1046094,Identified,,3/29/24,Western Province,Nyabihu,Muringa,Nyamasheke,Kanwiri,Giciye,,,Project Assessment - 2023.5.25,-1.763055,29.5188,3980.0,https://api.worldpop.org/v1/services/stats?,7847.67,48608.32,Kanwiri,470.0,Hanika,947.0,Gisebeya,1067.0,Muyange,740.0,Rubare,756.0,,0.0,5/25/23,,0.0,,0.0,,0.0,,0.0,POINT (446462.97138217057 4805063.430449617),1768.46,3900.21,6667.48,10791.57,16849.34,1869.98,3932.49,6832.54,11061.83,17558.54
0063Z0000104DgqQAE,1046097,Rwanda,Rwanda - Kinamba - 1046097,Cancelled,,12/31/23,Western Province,Nyabihu,Bigogwe,Rega,Kinamba,Muzingo,,,Project Assessment - 2023.5.25,-1.65639,29.42131,4724.0,https://api.worldpop.org/v1/services/stats?,4975.8,48045.49,Rega,740.0,Kinamba,850.0,Nyagafumberi,960.0,Gaturo,1206.0,Ngamba,968.0,,0.0,5/25/23,,0.0,,0.0,,0.0,,0.0,POINT (435612.60044713854 4816854.279391537),106.86,356.59,1233.54,4247.14,9688.7,106.86,396.6,1356.74,4325.04,9900.04
0063Z000011T5tCQAS,1047440,Rwanda,Rwanda - Munyege - 1047440,Cancelled,,12/31/23,Western Province,Nyabihu,Jomba,Gisizi,Munyege,Rubona,,,Project Assessment - 2023.8.7,-1.7292,29.597731,3591.0,https://api.worldpop.org/v1/services/stats?,6653.68,46714.11,Munyenge,563.0,Gikaranka,960.0,Kanama,608.0,Futi,673.0,Rushubi,787.0,,0.0,8/7/23,,0.0,,0.0,,0.0,,0.0,POINT (455243.9823254822 4808808.758897757),1727.07,3430.68,6326.57,10146.49,14850.03,1735.59,3474.55,6435.43,10238.92,15009.11
006Ns0000096vL0IAI,1050548,Rwanda,Rwanda - Marangara - 1050548,Identified,Requested,12/31/24,Western Province,Nyabihu,Rugera Sector,Marangara-Tyazo Cells,Marangara,Nyamutera,,,Project Pre-Assessment - 2024.2.20,-1.629977,29.612912,2411.0,https://api.worldpop.org/v1/services/stats?,6826.9,46911.0,Nyagasozi,510.0,Kingona,511.0,Nyarusange,450.0,Ntarabana,380.0,Bweru,560.0,,0.0,2/20/24,,0.0,,0.0,,0.0,,0.0,POINT (456930.8579965683 4819779.870500167),1819.36,3887.04,6381.2,11190.35,15782.37,1834.43,3961.87,6536.02,11331.02,16109.78
006Ns00000979vtIAA,1050549,Rwanda,Rwanda - Nyagisozi - 1050549,Identified,Requested,12/31/24,Western Province,Nyabihu,Kintobo-Rurembo Sectors,Gahondo-Nyagisozi cells,Nyagisozi,Nyamutera,,,Project Assessment - 2024.2.20,-1.613521,29.578191,4079.0,https://api.worldpop.org/v1/services/stats?,5909.36,40657.73,Nyanshundura,1836.0,Rugendabari,630.0,Dehero,750.0,Bwumba,518.0,Gahoko,345.0,,0.0,2/20/24,,0.0,,0.0,,0.0,,0.0,POINT (453067.1978937221 4821598.587295678),1467.72,3314.33,5795.82,9057.82,14142.62,1459.31,3340.0,5857.26,9186.65,14419.72
006Ns0000097CsAIAU,1050550,Rwanda,Rwanda - Gahama - 1050550,Identified,Requested,12/31/24,Western Province,Nyabihu,Jomba Sector,Gasiza cell,Gahama,Rubagabaga,,,Project Pre-Assessment - 2024.2.20,-1.746997,29.590657,2857.0,https://api.worldpop.org/v1/services/stats?,6943.92,50512.24,Gahama,407.0,Cyumba,617.0,Gasiza,605.0,Ruhurura,650.0,Rwambuye,578.0,,0.0,2/20/24,,0.0,,0.0,,0.0,,0.0,POINT (454457.34974149906 4806840.828441822),1773.12,3634.08,6411.98,10759.69,16223.38,1789.03,3677.22,6527.59,10902.53,16442.52
006Ns0000097MD9IAM,1050552,Rwanda,Rwanda - Nyamitanzi - 1050552,Identified,Requested,12/31/24,Western Province,Nyabihu,Jomba Sector,Nyamitanzi cell,Nyamitanzi,Giciye,,,Project Pre-Assessment - 2024.2.20,-1.70127,29.55681,2584.0,https://api.worldpop.org/v1/services/stats?,8572.93,48784.73,Cyugi,852.0,Nyavuvu,532.0,Rugarambiro,670.0,Rugera,230.0,Kivumu,300.0,,0.0,2/20/24,,0.0,,0.0,,0.0,,0.0,POINT (450690.3536918386 4811895.896546474),2742.45,5201.52,8369.83,12122.74,17962.68,2800.21,5249.87,8485.97,12329.23,18261.75
006Ns0000097MD9IAM,1050552,Rwanda,Rwanda - Nyamitanzi - 1050552,Identified,Requested,12/31/24,Western Province,Nyabihu,Jomba Sector,Nyamitanzi cell,Nyamitanzi,Giciye,,,Project Assessment - 2018.9.11,-1.70127,29.55681,,https://api.worldpop.org/v1/services/stats?,8572.93,48784.73,Gahama,600.0,Ruhurura,475.0,Gitega-Rwamabuye,710.0,Gasayo-Gataka,875.0,Rwamabuye-Nyakiriba,915.0,,,9/11/18,,,,,,,,,POINT (450690.3536918386 4811895.896546474),2742.45,5201.52,8369.83,12122.74,17962.68,2800.21,5249.87,8485.97,12329.23,18261.75
006Ns0000097OjaIAE,1050551,Rwanda,Rwanda - Nyundo - 1050551,Identified,Requested,12/31/24,Western Province,Nyabihu,Rambura,Nyundo-Rugamba cells,Nyundo,Kanama,,,Project Pre-Assessment - 2023.5.25,-1.674722,29.50027,5366.0,https://api.worldpop.org/v1/services/stats?,7441.0,45660.96,Kamifuho,950.0,Giharo,875.0,Myumba,800.0,Rwinkingi,1240.0,Muturagara,1501.0,,0.0,5/25/23,,0.0,,0.0,,0.0,,0.0,POINT (444398.7661681036 4814829.729815582),2332.02,5477.03,9659.92,15325.05,22170.1,2403.15,5539.19,9873.74,15686.84,22517.57
006Ns0000097OjaIAE,1050551,Rwanda,Rwanda - Nyundo - 1050551,Identified,Requested,12/31/24,Western Province,Nyabihu,Rambura,Nyundo-Rugamba cells,Nyundo,Kanama,,,Project Pre-Assessment - 2024.2.20,-1.674722,29.50027,3085.0,https://api.worldpop.org/v1/services/stats?,7441.0,45660.96,Kamifuho,800.0,Giharo,500.0,Muturagara,706.0,Myumba,447.0,Kibumbiro,632.0,,0.0,2/20/24,,0.0,,0.0,,0.0,,0.0,POINT (444398.7661681036 4814829.729815582),2332.02,5477.03,9659.92,15325.05,22170.1,2403.15,5539.19,9873.74,15686.84,22517.57
006Ns0000097OjaIAE,1050551,Rwanda,Rwanda - Nyundo - 1050551,Identified,Requested,12/31/24,Western Province,Nyabihu,Rambura,Nyundo-Rugamba cells,Nyundo,Kanama,,,Project Pre-Assessment - 2024.9.17,-1.674722,29.50027,3595.0,https://api.worldpop.org/v1/services/stats?,7441.0,45660.96,Kamifuho,578.0,Rusereka,791.0,Rwinkingi,674.0,Giharo,730.0,Kamiro,822.0,,0.0,9/17/24,,0.0,,0.0,,0.0,,0.0,POINT (444398.7661681036 4814829.729815582),2332.02,5477.03,9659.92,15325.05,22170.1,2403.15,5539.19,9873.74,15686.84,22517.57
006Ns0000097OtGIAU,1050546,Rwanda,Rwanda - Rurambo - 1050546,Identified,Requested,12/31/24,Western Province,Nyabihu,Rurembo-Shyira Sectors,Rurambo-Mutanda cells,Rurambo,Giciye,,,Project Pre-Assessment - 2024.2.20,-1.674498,29.601932,2209.0,https://api.worldpop.org/v1/services/stats?,6441.0,51113.16,Rurambo,336.0,Cyuve,340.0,Gitega,600.0,Ntende,580.0,Cyivugiza,353.0,,0.0,2/20/24,,0.0,,0.0,,0.0,,0.0,POINT (455710.140707749 4814857.086845476),1219.08,3092.87,5540.97,9482.88,14065.88,1243.99,3138.98,5647.93,9683.25,14226.76
006f100000a86EbAAI,1007437,Rwanda,Rwanda - Kidandari - 1007437,Rejected,Technical,12/11/18,Western Province,Nyabihu,Shyira-Rurembo,Mutanda,Kidandari,Giciye,,,Project Assessment - 2018.12.10,-1.6695278,29.5934722,,http://www.worldpop.org.uk/data/summary?doi=10.5258/SOTON/WP00539,7943.0,50907.0,,0.0,,0.0,,0.0,,0.0,,0.0,,,12/10/18,,,,,,,,,POINT (454768.7565888078 4815406.433624691),1463.22,3288.83,5884.93,9829.63,14411.87,1477.64,3407.11,6030.92,10040.04,14844.82
006f100000a86EdAAI,1007439,Rwanda,Rwanda - Mukamira - 1007439,Complete,In Service,5/18/23,Western Province,Nyabihu,Mukamira,Jaba_Cyamabuye,Mukamira,Nyamukongoro,Rwanda Full Scale Research - Randomized and Baselined - Intervention,,Project Assessment - 2018.8.17,-1.6198,29.50244,,http://www.worldpop.org.uk/data/summary?doi=10.5258/SOTON/WP00539,12381.0,69201.0,Kinyanja,456.0,Rwanyirangeri,900.0,Gisenyi,1650.0,,0.0,,0.0,,,8/17/18,,,,,,,,,POINT (444638.6960422284 4820902.424838925),4788.44,8042.17,12035.22,17391.35,25420.12,4958.95,8078.84,12315.5,17631.9,26050.49
006f100000a86EfAAI,1007441,Rwanda,Rwanda - Gatovu - 1007441,Rejected,Technical,11/11/18,Western Province,Nyabihu,Rambura_Rurembo,Cyugi-Kabutozi,Gatovu,,,,Project Assessment - 2018.8.17,-1.6911944,29.5574167,,http://www.worldpop.org.uk/data/summary?doi=10.5258/SOTON/WP00539,8977.0,54833.0,Cyugi,1200.0,Kabutozi,700.0,Musenyi,265.0,Rwanika,500.0,Mugote,400.0,,,8/17/18,,,,,,,,,POINT (450757.6022022733 4813009.946003965),2271.1,4855.88,8593.78,13026.46,18110.39,2302.96,4973.31,8895.13,13250.59,18497.86
006f100000a86EgAAI,1007442,Rwanda,Rwanda - Gasaso - 1007442,Rejected,,8/31/18,Western Province,Nyabihu,Karago,,Gasaso,,,,Project Assessment - 2018.8.12,-1.6331111,29.4766111,0.0,http://www.worldpop.org.uk/data/summary?doi=10.5258/SOTON/WP00539,12762.0,65027.0,,0.0,,0.0,,0.0,,0.0,,0.0,,,8/12/18,,,,,,,,,POINT (441765.13164533733 4819429.90934904),3876.2,9918.76,14785.81,19521.94,25058.48,3979.89,10034.33,14998.68,19696.81,25594.63
006f100000a86EiAAI,1007444,Rwanda,Rwanda - Kamiro - 1007444,Complete,In Service,6/23/22,Western Province,Nyabihu,Rambura,Rugamba_Kibisabo,Kamiro,Kanama,Rwanda Full Scale Research - Randomized and Baselined - Intervention,,Project Assessment - 2018.8.17,-1.681,29.50024,,http://www.worldpop.org.uk/data/summary?doi=10.5258/SOTON/WP00539,9458.0,52031.0,Kamiro,785.0,Bugonde,1450.0,Rwenza,820.0,Kamifuho,750.0,,0.0,,,8/17/18,,,,,,,,,POINT (444395.60549224215 4814135.580565996),2277.58,5523.86,10052.44,15254.12,20010.16,2319.42,5672.29,10259.75,15570.81,20385.78
006f100000a86EnAAI,1007449,Rwanda,Rwanda - Nama - 1007449,Rejected,Technical,11/5/18,Western Province,Nyabihu,Rambura,Nyundo,Nama,,,,Project Assessment - 2018.8.17,-1.6798,29.51732,,http://www.worldpop.org.uk/data/summary?doi=10.5258/SOTON/WP00539,11348.0,58814.0,Nama,850.0,,0.0,,0.0,,0.0,,0.0,,,8/16/18,,,,,,,,,POINT (446295.9769839129 4814268.740267103),4630.51,7979.89,12759.17,17834.1,23900.2,4695.53,7973.64,12881.74,18151.89,24259.7
006f100000a86EoAAI,1007450,Rwanda,Rwanda - Nyamutukura - 1007450,Rejected,Technical,11/10/18,Western Province,Nyabihu,Jenda,Nyirakigugu,Nyamutukura,,,,Project Assessment - 2018.8.17,-1.61806,29.47252,,http://www.worldpop.org.uk/data/summary?doi=10.5258/SOTON/WP00539,14212.0,68482.0,Nyamutukura,610.0,Jenda,1000.0,,0.0,,0.0,,0.0,,,8/17/18,,,,,,,,,POINT (441309.4878730925 4821093.972763172),4528.21,11600.82,17694.94,24469.7,32729.11,4544.01,11717.51,17946.2,24804.16,33187.73
006f100000a86EpAAI,1007451,Rwanda,Rwanda - Kinoni - 1007451,Rejected,Technical,11/5/18,Western Province,Nyabihu,Mukamira-Kintobo,Rurengeri_Nyamugari,Kinoni,,,,Project Assessment - 2018.8.17,-1.67984,29.51707,,http://www.worldpop.org.uk/data/summary?doi=10.5258/SOTON/WP00539,11355.0,58637.0,Maziba,700.0,Kabagundu,680.0,"Rugarambiro,Rutovu",1475.0,Gasura,522.0,Kiyumba,444.0,,,8/16/18,,,,,,,,,POINT (446268.1618729851 4814264.310671154),4641.99,7908.63,12764.58,17790.78,23922.22,4662.46,8055.66,12937.23,18064.78,24233.48
006f100000a86EqAAI,1007452,Rwanda,Rwanda - Murambi - 1007452,Rejected,Technical,11/12/18,Western Province,Nyabihu,Rambura,Mutaho,Murambi,,,,Project Assessment - 2018.8.27,-1.67991,29.46661,,http://www.worldpop.org.uk/data/summary?doi=10.5258/SOTON/WP00539,4247.0,32169.0,Murambi,700.0,Rutazigurwa,540.0,Nyiragokokora,750.0,Bukinanyana,300.0,,0.0,,,8/27/18,,,,,,,,,POINT (440653.71976314374 4814255.111089084),1194.09,2080.27,2902.54,4797.15,6859.58,1268.38,2089.34,3047.8,5032.99,7109.24
006f100000a86ErAAI,1007453,Rwanda,Rwanda - Gitinda - 1007453,Rejected,Technical,10/17/22,Western Province,Nyabihu,Rambura-Mulinga,Kibisabo_Rwantobo,Gitinda,,Rwanda Full Scale Research - Randomized and Baselined - Long Term Control,,Project Assessment - 2018.8.17,-1.70215,29.51309,,http://www.worldpop.org.uk/data/summary?doi=10.5258/SOTON/WP00539,8970.0,47419.0,Karambi,576.0,Rwandarugari,475.0,,0.0,,0.0,,0.0,,,8/17/18,,,,,,,,,POINT (445825.9463987276 4811797.424311063),2518.5,5311.4,9949.2,15068.77,19696.16,2500.32,5336.3,10168.11,15465.92,20046.89
006f100000d6kqzAAA,1012799,Rwanda,Rwanda - Nyirantarengwa - 1012799,Rejected,Technical,11/14/18,Western Province,Nyabihu,Shyira_Rurembo,Mutanda_Gitega,Nyirantarengwa,,,,Project Assessment - 2018.8.17,-1.67984,29.51707,,http://www.worldpop.org.uk/data/summary?doi=10.5258/SOTON/WP00539,11355.0,58637.0,Cyuve,306.0,Rurambo,307.0,Cyanika,519.0,Ntende,685.0,Ruhombo,455.0,,,8/17/18,,,,,,,,,POINT (446268.1618729851 4814264.310671154),4641.99,7908.63,12764.58,17790.78,23922.22,4662.46,8055.66,12937.23,18064.78,24233.48
006f100000d6yKiAAI,1013019,Rwanda,Rwanda - Bukinanyana - 1013019,Rejected,Technical,11/11/18,Western Province,Nyabihu,Bigogwe,Arusha,Bukinanyana,,,,Project Assessment - 2018.8.27,-1.66374,29.4215,,http://www.worldpop.org.uk/data/summary?doi=10.5258/SOTON/WP00539,7207.0,46577.0,Bukinanyana,850.0,Nyabishongore,520.0,Nyagihinga,188.0,Ngando,540.0,,0.0,,,8/27/18,,,,,,,,,POINT (435633.9790585439 4816041.597426057),390.33,1092.09,2488.51,2847.37,4722.58,478.92,1255.13,2608.29,2976.38,4877.4
006f100000d6yKsAAI,1013020,Rwanda,Rwanda - Kinaba - 1013020,Rejected,Technical,11/14/18,Western Province,Nyabihu,Rurembo-Rambura,Kilimbogo-Rwaza,Kinaba,,,,Project Assessment - 2018.8.27,-1.68764,29.5561,,http://www.worldpop.org.uk/data/summary?doi=10.5258/SOTON/WP00539,8898.0,55745.0,Kinaba,640.0,Kabutozi,700.0,Cyugi,1200.0,Nturo-Gasenyi,792.0,Cyogo-Karuharo,1020.0,,,8/27/18,,,,,,,,,POINT (450611.01172682375 4813402.91374256),2164.59,4648.9,8698.08,13076.62,18318.82,2221.12,4685.44,8914.7,13272.02,18513.19
006f100000d6yKxAAI,1013021,Rwanda,Rwanda - Kamiranzovu - 1013021,Rejected,Technical,9/14/18,Western Province,Nyabihu,Rurembo_Shyira,Rwaza-Shaki,Kamiranzovu,,,,Project Assessment - 2018.8.27,-1.67981,29.58516,,http://www.worldpop.org.uk/data/summary?doi=10.5258/SOTON/WP00539,7735.0,49689.0,Gitega,1.0,,0.0,,0.0,,0.0,,0.0,,,8/27/18,,,,,,,,,POINT (453844.14605979004 4814269.367661858),1120.38,3193.07,6104.58,10225.79,15347.08,1154.62,3221.74,6214.6,10432.09,15659.84
006f100000d6yL2AAI,1013022,Rwanda,Rwanda - Rwanika - 1013022,Rejected,Technical,11/5/18,Western Province,Nyabihu,Rurembo-Shyira,Rwaza-Shaki,Rwanika,,,,Project Assessment - 2018.8.27,-1.67288,29.57468,,http://www.worldpop.org.uk/data/summary?doi=10.5258/SOTON/WP00539,9263.0,53078.0,Rwanika,587.0,Gitega,400.0,Karambi,425.0,Musenyi,265.0,,0.0,,,8/27/18,,,,,,,,,POINT (452677.9345177791 4815035.347951182),2188.83,4438.75,7090.89,11463.23,16499.69,2285.82,4590.09,7272.83,11936.58,16805.66
006f100000d6yL7AAI,1013023,Rwanda,Rwanda - Kidandari - 1013023,Rejected,Technical,11/5/18,Western Province,Nyabihu,Rurembo-Shyira,Mwana-Mutanda,Kidandari,,,,Project Assessment - 2018.8.27,-1.66939,29.59021,,http://www.worldpop.org.uk/data/summary?doi=10.5258/SOTON/WP00539,8280.0,50842.0,Kidandari,750.0,Kaziba,578.0,Ntende,685.0,Kamugarura-RubonaII,1050.0,Nemba,500.0,,,8/27/18,,,,,,,,,POINT (454405.7871399942 4815421.594423872),1408.64,3334.74,6081.14,10444.36,15242.25,1463.26,3420.02,6293.14,10716.6,15598.31
006f100000d6yLCAAY,1013024,Rwanda,Rwanda - Bihira - 1013024,Rejected,Technical,11/13/18,Western Province,Nyabihu,Rurembo,Gahondo,Bihira,,,,Project Assessment - 2018.8.27,-1.63099,29.58643,,http://www.worldpop.org.uk/data/summary?doi=10.5258/SOTON/WP00539,9166.0,51015.0,Bihira,515.0,Kanama,273.0,Kazuba,460.0,Rugendabari,438.0,Murungu,500.0,,,8/27/18,,,,,,,,,POINT (453984.32546022267 4819667.280495833),1825.34,3873.03,6591.62,9873.57,14138.52,1837.63,3970.52,6735.6,10104.59,14417.25
006f100000d6yLHAAY,1013025,Rwanda,Rwanda - Muturagara-Gatobo - 1013025,Complete,In Service,12/22/23,Western Province,Nyabihu,Rurembo,Rwaza,Muturagara-Gatobo,Muturagara,Rwanda Full Scale Research - Randomized and Baselined - Intervention,,Project Pre-Assessment - 2023.5.25,1.6725,29.57472,2270.0,http://www.worldpop.org.uk/data/summary?doi=10.5258/SOTON/WP00539,9286.0,52955.0,Gatobo,270.0,Muturagara,400.0,Murama,370.0,Musezer0,580.0,Karambi,650.0,,0.0,5/25/23,,0.0,,0.0,,0.0,,0.0,POINT (452682.3759870687 5184922.635538703),,,,,,,,,,
006f100000d6yLHAAY,1013025,Rwanda,Rwanda - Muturagara-Gatobo - 1013025,Complete,In Service,12/22/23,Western Province,Nyabihu,Rurembo,Rwaza,Muturagara-Gatobo,Muturagara,Rwanda Full Scale Research - Randomized and Baselined - Intervention,,Project Assessment - 2018.8.28,1.6725,29.57472,,http://www.worldpop.org.uk/data/summary?doi=10.5258/SOTON/WP00539,9286.0,52955.0,Gatobo,315.0,Muturagara,415.0,Musenyi-Tubuye-Murama,996.0,Muhungwe- kamenyo,616.0,Musezero-Rubona-Gisoro-Karambi,2128.0,,,8/27/18,,,,,,,,,POINT (452682.3759870687 5184922.635538703),,,,,,,,,,
006f100000d6yLMAAY,1013026,Rwanda,Rwanda - Rwamigega - 1013026,Rejected,Technical,11/5/18,Western Province,Nyabihu,Rurembo-Kintobo,Gahondo-Ryinyo,Rwamigega,,,,Project Assessment - 2018.8.27,-1.67288,29.57468,,http://www.worldpop.org.uk/data/summary?doi=10.5258/SOTON/WP00539,9263.0,53078.0,Rwamigega,334.0,Kadaterurwa,576.0,Gabiro,550.0,Kamahwera,750.0,Gakoro,638.0,,,8/27/18,,,,,,,,,POINT (452677.9345177791 4815035.347951182),2188.83,4438.75,7090.89,11463.23,16499.69,2285.82,4590.09,7272.83,11936.58,16805.66
006f100000d6yLRAAY,1013027,Rwanda,Rwanda - Murambi - 1013027,Rejected,Technical,11/30/18,Western Province,Nyabihu,Rambura,Mutaho,Murambi,,,,Project Assessment - 2018.8.27,,,,,,,Murambi,1.0,,0.0,,0.0,,0.0,,0.0,,,8/27/18,,,,,,,,,POINT (Infinity Infinity),,,,,,,,,,
006f100000d6yLWAAY,1013028,Rwanda,Rwanda - Nyiragakokora - 1013028,Rejected,Technical,11/12/18,Western Province,Nyabihu,Rambura,Mutaho,Nyiragakokora,,,,Project Assessment - 2018.8.27,-1.68216,29.46831,,http://www.worldpop.org.uk/data/summary?doi=10.5258/SOTON/WP00539,4268.0,31711.0,Nyiragokokora,750.0,Rusekera,220.0,Bukinanyana,300.0,Bihangara,360.0,,0.0,,,8/27/18,,,,,,,,,POINT (440842.9391261586 4814006.382473849),1182.34,1903.39,3093.13,4799.41,6959.44,1258.87,1952.59,3173.47,5044.86,7191.91
006f100000d6yLbAAI,1013029,Rwanda,Rwanda - Kavumbu - 1013029,Complete,In Service,4/1/22,Western Province,Nyabihu,Rambura,Mutaho,Kavumbu,Nyamukongoro,Rwanda Full Scale Research - Randomized and Baselined - Intervention,,Project Assessment - 2018.8.28,-1.67069,29.46836,,http://www.worldpop.org.uk/data/summary?doi=10.5258/SOTON/WP00539,5622.0,39717.0,Rutazigurwa,540.0,Sukiro,593.0,Kiraza-Murambi,1578.0,Nyiragokokora,750.0,Rusekera-bukinanyana,520.0,,,8/27/18,,,,,,,,,POINT (440848.158128713 4815274.609872009),1264.56,2474.3,3917.97,6125.25,8622.24,1296.25,2639.28,4076.74,6236.15,8910.72
006f100000d7GqvAAE,1013363,Rwanda,Rwanda - Rwangege - 1013363,Rejected,Technical,11/12/18,Western Province,Nyabihu,Rugera,Marangara-Rurembo,Rwangege,Kizihira,,,Project Assessment - 2018.9.11,-1.60288,29.59389,,http://www.worldpop.org.uk/data/summary?doi=10.5258/SOTON/WP00539,6466.0,49873.0,Rwangenge,385.0,Karambi,550.0,Bihe,600.0,Bwumba,390.0,Gasayo-Kagano,924.0,,,9/11/18,,,,,,,,,POINT (454813.75138290005 4822775.484881488),1245.12,3341.14,5896.92,9358.24,13499.05,1321.01,3398.23,5893.77,9544.36,13651.57
006f100000d7GrAAAU,1013366,Rwanda,Rwanda - Ruyebe - 1013366,Rejected,Technical,11/12/18,Western Province,Nyabihu,Karago,Karengera,Ruyebe,Ntosho,,,Project Pre-Assessment - 2023.5.25,1.650277,29.52111,3200.0,http://www.worldpop.org.uk/data/summary?doi=10.5258/SOTON/WP00539,12342.0,65500.0,Kirwa,650.0,Nyaburaro,500.0,Ruyebe,780.0,Mashyuza,690.0,Mwiyanike,580.0,,0.0,5/25/23,,0.0,,0.0,,0.0,,0.0,POINT (446716.8777243219 5182466.855836292),,,11.99,22.94,38.93,,,11.99,28.01,38.93
006f100000d7GrAAAU,1013366,Rwanda,Rwanda - Ruyebe - 1013366,Rejected,Technical,11/12/18,Western Province,Nyabihu,Karago,Karengera,Ruyebe,Ntosho,,,Project Assessment - 2018.9.11,1.650277,29.52111,,http://www.worldpop.org.uk/data/summary?doi=10.5258/SOTON/WP00539,12342.0,65500.0,Nyaburaro,526.0,Ruyebe,635.0,Karambi,550.0,Kigwa,560.0,Gatwe,400.0,,,9/11/18,,,,,,,,,POINT (446716.8777243219 5182466.855836292),,,11.99,22.94,38.93,,,11.99,28.01,38.93
006f100000d7GrFAAU,1013367,Rwanda,Rwanda - Mashyuza - 1013367,Rejected,Technical,11/11/18,Western Province,Nyabihu,Karago,Karengera,Mashyuza,Rucakabiri,,,Project Assessment - 2018.9.11,-1.64985,29.52289,,http://www.worldpop.org.uk/data/summary?doi=10.5258/SOTON/WP00539,12324.0,65109.0,Mashyuza,635.0,Ruyebe,430.0,Kigwa,560.0,Gatwe,400.0,,0.0,,,9/11/18,,,,,,,,,POINT (446914.9205810412 4817580.404281617),2295.62,5370.16,10322.09,14893.94,20730.76,2335.24,5497.31,10350.94,15395.65,21089.1
006f100000d7GrKAAU,1013368,Rwanda,Rwanda - Rubare - 1013368,Rejected,Technical,11/11/18,Western Province,Nyabihu,Jenda,Kareba,Rubare,Rurage,,,Project Assessment - 2018.9.11,-1.59466,29.47184,,http://www.worldpop.org.uk/data/summary?doi=10.5258/SOTON/WP00539,8526.0,63530.0,Rubare,856.0,Munanira,450.0,Musumba,520.0,Kamatenge,458.0,Kareba,875.0,,,9/11/18,,,,,,,,,POINT (441233.15633893193 4823681.263300198),2350.05,6744.99,12881.87,18883.23,31010.9,2300.14,6776.14,13121.9,19307.43,31502.98
006f100000d7GrPAAU,1013369,Rwanda,Rwanda - Matyazo - 1013369,Rejected,Technical,12/31/18,Western Province,Nyabihu,Karago,Busoro_Cyamabuye,Matyazo,Nyamukongoro,Rwanda Full Scale Research - Randomized and Baselined - Long Term Control,,Project Assessment - 2018.9.11,-1.64694,29.47735,4288.0,http://www.worldpop.org.uk/data/summary?doi=10.5258/SOTON/WP00539,9686.0,59163.0,Gasaso,1143.0,Matyazo,1300.0,Rebero,1125.0,Ruhigiro,720.0,,0.0,,0.0,9/11/18,,0.0,,0.0,,0.0,,0.0,POINT (441847.74684977764 4817900.886532178),1439.38,3533.56,7032.14,13526.17,20244.65,1458.1,3561.54,7092.65,13748.36,20733.66
006f100000d7GrUAAU,1013370,Rwanda,Rwanda - Rushungura - 1013370,Rejected,Technical,11/5/18,Western Province,Nyabihu,Jenda,Nyirakigugu,Rushungura,Nyamutukura,,,Project Assessment - 2018.9.11,-1.62862,29.47369,,http://www.worldpop.org.uk/data/summary?doi=10.5258/SOTON/WP00539,13717.0,65894.0,Rushungura,800.0,Kibaya,500.0,Kibuye,750.0,Kaburiza,400.0,Buremera,412.0,,,9/11/18,,,,,,,,,POINT (441439.9764538433 4819926.400060457),6571.05,10855.86,16695.95,21175.73,26169.2,6616.5,11000.33,16829.27,21403.34,26516.91
006f100000d7GrZAAU,1013371,Rwanda,Rwanda - Gisozi - 1013371,Rejected,Technical,11/30/18,Western Province,Nyabihu,Jenda,Gisozi-Gitambuko,Gisozi,Kazinga,,,Project Assessment - 2018.9.11,-1.61452,29.47951,,http://www.worldpop.org.uk/data/summary?doi=10.5258/SOTON/WP00539,11724.0,67990.0,Gisozi,1000.0,,0.0,,0.0,,0.0,,0.0,,,9/11/18,,,,,,,,,POINT (442087.15754015266 4821485.586767379),2452.04,4923.69,15030.62,24359.41,33832.68,2452.04,4924.84,15117.06,24700.02,34285.09
006f100000d7GreAAE,1013372,Rwanda,Rwanda - RunyanjaII - 1013372,Rejected,Technical,11/12/18,Western Province,Nyabihu,Jenda,Kabatezi,RunyanjaII,Nyamutukura,,,Project Assessment - 2018.9.11,-1.61142,29.47289,,http://www.worldpop.org.uk/data/summary?doi=10.5258/SOTON/WP00539,11980.0,69018.0,Runyanja,1300.0,Nyamutukura,610.0,Jenda,1200.0,Gitambuko-Musumba,1245.0,Gisozi,500.0,,,9/11/18,,,,,,,,,POINT (441350.4670734598 4821828.160314277),2184.97,6540.14,16120.6,26109.95,35899.31,2222.25,6514.6,16499.1,26520.91,36231.59
006f100000d7GrjAAE,1013373,Rwanda,Rwanda - RunyanjaI - 1013373,Rejected,Technical,11/11/18,Western Province,Nyabihu,Jenda,Kabatezi,RunyanjaI,Nyamutukura,,,Project Assessment - 2018.9.11,-1.60836,29.47061,,http://www.worldpop.org.uk/data/summary?doi=10.5258/SOTON/WP00539,11146.0,68895.0,Runyanja,1300.0,Musumba,537.0,Ndorwa,450.0,Gakarara,600.0,,0.0,,,9/11/18,,,,,,,,,POINT (441096.6850409372 4822166.435184172),2189.35,5612.37,15890.48,26879.75,36875.2,2241.44,5631.32,16078.68,27249.93,37260.41
006f100000d7GroAAE,1013374,Rwanda,Rwanda - Biseke - 1013374,Rejected,,10/17/22,Western Province,Nyabihu,Karago,Gihirwa,Biseke,Gihirwa,Rwanda Full Scale Research - Randomized and Baselined - Long Term Control,,Project Assessment - 2018.9.11,-1.66137,29.50069,,http://www.worldpop.org.uk/data/summary?doi=10.5258/SOTON/WP00539,11450.0,60265.0,Biseke,520.0,Nyagisozi,500.0,Kanombe,6694.0,Gifumba,600.0,Rugarambiro,452.0,,,9/11/18,,,,,,,,,POINT (444445.12312111823 4816306.050715816),2386.6,5110.65,10195.1,15662.81,22600.01,2462.48,5142.53,10346.54,15952.36,23062.4
006f100000d7GrtAAE,1013375,Rwanda,Rwanda - Ruhigiro - 1013375,Rejected,Technical,11/10/18,Western Province,Nyabihu,Karago,Gihirwa-Busoro,Ruhigiro,Busoro,,,Project Assessment - 2018.9.11,-1.65254,29.4929,,http://www.worldpop.org.uk/data/summary?doi=10.5258/SOTON/WP00539,11292.0,62402.0,Ruhigiro,720.0,Gifumba,600.0,,0.0,,0.0,,0.0,,,9/11/18,,,,,,,,,POINT (443578.1096020633 4817282.149855055),2087.37,4794.19,9704.91,13990.29,19611.29,2194.33,4855.31,9844.08,14298.1,20038.85
006f100000d7Gs3AAE,1013377,Rwanda,Rwanda - Kugasumo - 1013377,Complete,In Service,7/18/23,Western Province,Nyabihu,Jenda-Karago,Nyirakigugu-Cyamabuye,Kugasumo,Nyamukongoro,Rwanda Full Scale Research - Randomized and Baselined - Intervention,,Project Assessment - 2018.9.11,-1.62689,29.48884,,http://www.worldpop.org.uk/data/summary?doi=10.5258/SOTON/WP00539,11886.0,66968.0,Muderi,434.0,Cyamabuye,625.0,Nteranya,545.0,Nanga,460.0,Muremure,650.0,,,9/11/18,,,,,,,,,POINT (443125.64241529425 4820118.117397443),3107.83,5232.27,12064.31,20873.26,29572.3,3153.92,5389.92,12240.78,21103.1,30055.99
006f100000d7GsDAAU,1013379,Rwanda,Rwanda - Gatagara - 1013379,Rejected,Technical,11/11/18,Western Province,Nyabihu,Karago_Jenda,Busoro-Bukinanyana,Gatagara,Gatagara,,,Project Assessment - 2018.9.11,-1.62934,29.4568,,http://www.worldpop.org.uk/data/summary?doi=10.5258/SOTON/WP00539,11891.0,65498.0,Bibanza,465.0,Gatagara,365.0,Kagohe,377.0,Karuhirwa,400.0,Kageri,410.0,,,9/11/18,,,,,,,,,POINT (439560.6718082574 4819846.291777432),1566.91,8282.3,14784.8,20608.75,27457.06,1566.91,8568.85,15025.54,20747.17,27847.53
006f100000d7GsIAAU,1013380,Rwanda,Rwanda - Nyagasozi - 1013380,Rejected,Technical,11/15/18,Western Province,Nyabihu,Rugera,Marangara_Tyazo,Nyagasozi,Nyamutera,,,Project Assessment - 2018.9.11,-1.62865,29.61529,,http://www.worldpop.org.uk/data/summary?doi=10.5258/SOTON/WP00539,7990.0,51081.0,Kingona,440.0,Nyagasozi,631.0,Nyarusange,475.0,Mubuga,400.0,Marangara,3000.0,,,9/11/18,,,,,,,,,POINT (457195.4209088541 4819926.643097565),1790.29,3893.67,7124.1,11460.23,15877.45,1798.1,3919.67,7275.81,11577.69,16216.06
006f100000d7GsNAAU,1013381,Rwanda,Rwanda - Nyagihinga - 1013381,Rejected,Technical,11/11/18,Western Province,Nyabihu,Bigogwe,Arusha,Nyagihinga,Mizingo,,,Project Assessment - 2018.9.11,-1.65625,29.42217,,http://www.worldpop.org.uk/data/summary?doi=10.5258/SOTON/WP00539,8204.0,53205.0,Kinamba,825.0,Ngandu,270.0,Bukinanyana,850.0,Nyagihinga,188.0,,0.0,,,9/11/18,,,,,,,,,POINT (435708.2862902172 4816869.787079795),106.86,321.88,1094.35,3772.49,9386.1,106.86,406.22,1255.73,4028.41,9605.16
006f100000d7GsNAAU,1013381,Rwanda,Rwanda - Nyagihinga - 1013381,Rejected,Technical,11/11/18,Western Province,Nyabihu,Bigogwe,Arusha,Nyagihinga,Mizingo,,,Project Assessment - 2018.9.11,-1.65625,29.42217,,http://www.worldpop.org.uk/data/summary?doi=10.5258/SOTON/WP00539,8204.0,53205.0,Nyagihinga,188.0,Ngandu,270.0,Muhe,1550.0,Nyabishunguru,520.0,,0.0,,,9/11/18,,,,,,,,,POINT (435708.2862902172 4816869.787079795),106.86,321.88,1094.35,3772.49,9386.1,106.86,406.22,1255.73,4028.41,9605.16
006f100000d7GsSAAU,1013382,Rwanda,Rwanda - Busasamana - 1013382,Rejected,Technical,11/10/18,Western Province,Nyabihu,Bigogwe,Arusha,Busasamana,Mizingo,,,Project Assessment - 2018.9.11,-1.61593,29.45548,,http://www.worldpop.org.uk/data/summary?doi=10.5258/SOTON/WP00539,14326.0,67583.0,Busasamana,700.0,Ngando,270.0,Nyabishunguru,520.0,Nyagihinga,188.0,,0.0,,,9/11/18,,,,,,,,,POINT (439413.3980996153 4821328.984134556),7661.74,12109.59,20116.26,27773.97,35111.95,7662.16,12347.68,20342.49,27962.04,35496.55
006f100000d7GsXAAU,1013383,Rwanda,Rwanda - Kabahendanyi - 1013383,Rejected,Vehicular Bridge Required,11/30/18,Western Province,Nyabihu,Rugera-Rurembo,Marangara_Gahondo,Kabahendanyi,Nyamutera,,,Project Assessment - 2018.9.11,-1.62433,29.59547,,http://www.worldpop.org.uk/data/summary?doi=10.5258/SOTON/WP00539,8189.0,50426.0,Kabahendanyi,564.0,Murungu,500.0,,0.0,,0.0,,0.0,,,9/11/18,,,,,,,,,POINT (454990.02618214436 4820403.860335486),1756.79,3840.24,6675.11,10364.28,14222.91,1791.54,3951.3,6817.24,10608.31,14410.11
006f100000d7GscAAE,1013384,Rwanda,Rwanda - Bwumba - 1013384,Rejected,Technical,11/13/18,Western Province,Nyabihu,Rugera_kintobo,Marangara-Nyagisozi,Bwumba,Nyamutera,,,Project Assessment - 2018.9.11,-1.61143,29.57829,,http://www.worldpop.org.uk/data/summary?doi=10.5258/SOTON/WP00539,7812.0,49812.0,Bwumba,390.0,Nyagisozi,1552.0,Murungu,500.0,Tetero,432.0,Rugendabari,438.0,,,9/11/18,,,,,,,,,POINT (453078.1654969708 4821829.785401242),1462.27,3218.88,5705.96,8856.21,14065.26,1470.89,3261.47,5761.14,8952.61,14382.4
006f100000d7GshAAE,1013385,Rwanda,Rwanda - Gasayo - 1013385,Rejected,Technical,11/11/18,Western Province,Nyabihu,Rugera,Marangara,Gasayo,Bwikurure,,,Project Assessment - 2018.9.11,-1.61454,29.5842,,http://www.worldpop.org.uk/data/summary?doi=10.5258/SOTON/WP00539,7970.0,49685.0,Bwumba,390.0,Gasayo,450.0,Rugendabari-Dehero-Tetero,1220.0,Kabahendanyi,564.0,Mucaca-Nyagasozi,1800.0,,,9/11/18,,,,,,,,,POINT (453735.8273792346 4821486.057110247),1637.11,3527.84,6037.85,9143.91,13453.1,1675.72,3588.77,6117.83,9225.06,13689.76
006f100000d7GsmAAE,1013386,Rwanda,Rwanda - Murengere - 1013386,Rejected,Technical,11/11/18,Western Province,Nyabihu,Rurembo-Rugera,Gahondo_Tyazo,Murengere,Mubayu,,,Project Assessment - 2018.9.11,-1.62778,29.59093,,http://www.worldpop.org.uk/data/summary?doi=10.5258/SOTON/WP00539,8819.0,51027.0,Murengere,674.0,Murungu,500.0,Kazuba,460.0,Bihira,900.0,Mucaca,800.0,,,9/11/18,,,,,,,,,POINT (454484.9524209306 4820022.302708811),1910.35,3658.21,6664.9,9957.41,14080.2,1928.49,3728.86,6777.5,10151.32,14370.63
006f100000d7GsrAAE,1013387,Rwanda,Rwanda - Mucaca - 1013387,Rejected,Technical,11/13/18,Western Province,Nyabihu,Rugera,Tyazo,Mucaca,Nyamutera,,,Project Assessment - 2018.9.11,-1.62606,29.60041,,http://www.worldpop.org.uk/data/summary?doi=10.5258/SOTON/WP00539,7634.0,50619.0,Mucaca,800.0,Kabahendanyi,564.0,Murungu,500.0,,0.0,,0.0,,,9/11/18,,,,,,,,,POINT (455539.7214382434 4820212.689082561),1950.94,4072.55,6653.74,10010.54,14354.9,1992.82,4105.9,6768.12,10158.72,14649.29
006f100000d7GswAAE,1013388,Rwanda,Rwanda - RuhigiroKibundi - 1013388,Rejected,Technical,11/28/18,Western Province,Nyabihu,Karago,Karengere,RuhigiroKibundi,Busoro,,,Project Assessment - 2018.9.11,-1.65113,29.49184,,http://www.worldpop.org.uk/data/summary?doi=10.5258/SOTON/WP00539,11099.0,62367.0,Ruhigiro,720.0,,0.0,,0.0,,0.0,,0.0,,,9/11/18,,,,,,,,,POINT (443460.1269739891 4817438.021321039),2009.61,4743.49,9340.02,14212.88,19889.34,2076.67,4818.34,9398.32,14581.01,20277.09
006f100000d7Gt1AAE,1013389,Rwanda,Rwanda - Nyacyonga - 1013389,Rejected,Technical,11/5/18,Western Province,Nyabihu,Jenda,Kareba,Nyacyonga,Rusenge,,,Project Assessment - 2018.9.11,-1.57778,29.47565,,http://www.worldpop.org.uk/data/summary?doi=10.5258/SOTON/WP00539,7145.0,44057.0,Nyacyonga,600.0,Bizu,878.0,Gikombe,600.0,Kinyengagi,330.0,Rubare_Kareba,1731.0,,,9/11/18,,,,,,,,,POINT (441656.6231915732 4825547.771712877),3605.27,6436.27,9279.72,13812.88,18991.64,3721.57,6545.2,9591.92,14094.63,19438.94
006f100000d7Gt6AAE,1013390,Rwanda,Rwanda - Nyakiriba - 1013390,Rejected,Vehicular Bridge Required,11/30/18,Western Province,Nyabihu,Rugera,Tyazo,Nyakiriba,Musekera,,,Project Assessment - 2018.9.11,-1.63183,29.60816,,http://www.worldpop.org.uk/data/summary?doi=10.5258/SOTON/WP00539,7380.0,51880.0,Nyakibirira,1000.0,,0.0,,0.0,,0.0,,0.0,,,9/11/18,,,,,,,,,POINT (456402.1608684213 4819574.888141346),1865.88,3528.44,6328.91,9975.89,15706.19,1892.63,3597.22,6370.85,10112.55,15960.86
006f100000d7GtBAAU,1013391,Rwanda,Rwanda - Ruyebe-cyanika - 1013391,Rejected,Technical,11/11/18,Western Province,Nyabihu,Karago-Rambura,Karengere-Guriro,Ruyebe-cyanika,Nyarwoma,,,Project Assessment - 2018.9.11,-1.66123,29.52429,,http://www.worldpop.org.uk/data/summary?doi=10.5258/SOTON/WP00539,12645.0,61262.0,M,1.0,,0.0,,0.0,,0.0,,0.0,,,9/11/18,,,,,,,,,POINT (447070.9953537559 4816322.178014968),2556.16,5792.38,10720.62,15968.69,24209.92,2748.41,6018.82,10967.73,16264.5,24538.13
006f100000d7GtGAAU,1013392,Rwanda,Rwanda - Ruyebe - 1013392,Complete,In Service,12/22/23,Western Province,Nyabihu,Karago,Karengere-Kadahenda,Ruyebe,Ntosho,Rwanda Full Scale Research - Randomized and Baselined - Intervention,,Project Assessment - 2018.9.11,-1.65549,29.51862,,http://www.worldpop.org.uk/data/summary?doi=10.5258/SOTON/WP00539,12743.0,64576.0,Ruyebe,635.0,Mwiyanike,900.0,Rwimigega,334.0,Remera,480.0,Hanika,275.0,,,9/11/18,,,,,,,,,POINT (446439.96400757233 4816956.685981449),2830.63,5731.73,11454.78,16725.55,22500.19,2982.78,6026.16,11563.9,17092.03,22870.59
006f100000d7ko0AAA,1013758,Rwanda,Rwanda - Kinaba - 1013758,Rejected,Technical,11/28/18,Western Province,Nyabihu,Mulinga,Nkomane,Kinaba,Giciye,,,Project Assessment - 2018.9.28,-1.74472,29.53323,,http://www.worldpop.org.uk/data/summary?doi=10.5258/SOTON/WP00539,12090.0,48845.0,Kinaba,1200.0,,0.0,,0.0,,0.0,,0.0,,,9/28/18,,,,,,,,,POINT (448067.94544890255 4807091.102357944),5833.21,9687.25,13412.96,17885.22,23539.61,6311.45,10497.74,14388.58,19046.27,24773.05
006f100000d7koKAAQ,1013759,Rwanda,Rwanda - Cyabihira - 1013759,Rejected,Technical,11/5/18,Western Province,Nyabihu,Mulinga-Kabaya,Nkomane-Kabaya,Cyabihira,Giciye,,,Project Assessment - 2018.9.28,-1.74404,29.53444,,http://www.worldpop.org.uk/data/summary?doi=10.5258/SOTON/WP00539,12193.0,49160.0,Kinaba,1258.0,Kiyovu,1200.0,Nyanza,1415.0,,0.0,,0.0,,,9/28/18,,,,,,,,,POINT (448202.5524219791 4807166.321889745),6297.76,9792.67,13403.53,17817.68,23855.07,6925.43,10829.01,14412.73,18963.33,25010.02
006f100000d7kslAAA,1013761,Rwanda,Rwanda - Kigusa - 1013761,Complete,In Service,3/24/23,Western Province,Nyabihu,Mulinga-Jomba,Nkomane,Kigusa,Giciye,Rwanda Full Scale Research - Randomized and Baselined - Intervention,,Project Assessment - 2018.9.28,-1.7246,29.54478,,http://www.worldpop.org.uk/data/summary?doi=10.5258/SOTON/WP00539,8529.0,53768.0,Kigusa,493.0,Rwandarugari,435.0,Kinyansenge,524.0,Rurembo _Ryanyirandaba,1150.0,Kivurugo-Musaraba,892.0,,,9/28/18,,,,,,,,,POINT (449352.47172749124 4809316.040144383),1983.19,4795.62,8850.28,15783.81,23666.84,2091.45,4971.59,9057.41,16498.17,24748.75
006Ns000003OSHbIAO,1048725,Rwanda,Rwanda - Muvumba - 1048725,Complete,In Service,7/19/24,Eastern Province,Nyagatare,Musheri,Kibirizi,Muvumba,Muvumba,,,Project Pre-Assessment - 2023.10.9,-1.144783,30.342064,1625.0,https://api.worldpop.org/v1/services/stats?,3485.94,25253.36,Nyamenge,735.0,Kijojo,890.0,Musheri,0.0,,0.0,,0.0,,0.0,10/8/23,,0.0,,0.0,,0.0,,0.0,POINT (538067.2611799794 4873426.667753483),271.94,720.35,1479.74,3059.79,4641.99,283.09,736.62,1486.43,3129.28,4694.8
006Ns000003OT7FIAW,1048726,Rwanda,Rwanda - Cyonyo - 1048726,Complete,In Service,6/14/24,Eastern Province,Nyagatare,Nyagatare,Bushoga,Cyonyo,Muvumba,,,Project Assessment - 2023.10.9,-1.364935,30.290699,9852.0,https://api.worldpop.org/v1/services/stats?,7149.96,55623.7,Bushoga,2832.0,Cyonyo,3222.0,Ryinkuyu,1366.0,Biryogo,1252.0,Kabeza,1180.0,,0.0,10/8/23,,0.0,,0.0,,0.0,,0.0,POINT (532348.2484056035 4849086.152111442),2478.4,5117.54,8964.32,13268.97,19193.95,2430.63,5192.52,9034.67,13604.33,19532.79
006Ns00000C1kZlIAJ,1050935,Rwanda,Rwanda - Karujumba - 1050935,Under Construction,,5/9/25,Eastern Province,Nyagatare,Kiyombe,Karujumba,Karujumba,Ngoma,,,Project Pre-Assessment - 2024.4.4,-1.435514,30.133305,1712.0,https://api.worldpop.org/v1/services/stats?,3270.71,26134.73,Karujumba,450.0,Kabare,429.0,Mweneno,229.0,Nyabwongoroka,329.0,Murambi,275.0,,0.0,4/4/24,,0.0,,0.0,,0.0,,0.0,POINT (514833.34855379834 4841284.186389915),1399.26,2659.03,4131.21,6273.26,7603.02,1405.67,2793.06,4152.24,6336.56,7716.63
006f100000a86EsAAI,1007454,Rwanda,Rwanda - Biryogo - 1007454,Rejected,Technical,11/19/18,Eastern Province,Nyagatare,Rukomo-Nyagatare,Rurenge_Bushoga,Biryogo,Umuvumba,,,Project Assessment - 2018.11.18,-1.367991,30.288805,,http://www.worldpop.org.uk/data/summary?doi=10.5258/SOTON/WP00539,3538.0,28027.0,Rurenge,8500.0,Bushoga,3218.0,,0.0,,0.0,,0.0,,,11/18/18,,,,,,,,,POINT (532137.4464665626 4848748.290059183),1510.1,5205.11,8750.61,13622.22,20245.12,1496.29,5242.55,8937.66,13689.29,20469.96
006f100000a86EtAAI,1007455,Rwanda,Rwanda - Isangano - 1007455,Complete,In Service,11/1/24,Eastern Province,Nyagatare,Rukomo-Tabagwe,Nyakagarama-Nkomo,Isangano,Muvumba,,,Project Assessment - 2018.12.10,-1.334487,30.250622,,http://www.worldpop.org.uk/data/summary?doi=10.5258/SOTON/WP00539,4001.0,28517.0,Nkoma cell,9880.0,Nyakagarama,7357.0,Amizero,684.0,Kabeza,1350.0,Isangano,615.0,Kabirizi,1016.0,12/10/18,Ibare,1226.0,,,,,,,POINT (527888.8973271626 4852453.133961579),2608.05,4576.39,7144.41,12930.82,19630.94,2687.08,4592.27,6950.6,13191.25,20338.96
006f100000a86EvAAI,1007457,Rwanda,Rwanda - Ubumwe - 1007457,Rejected,Technical,11/17/18,Eastern Province,Nyagatare,Rukomo - Mimuri,Gahurura - Rugari,Ubumwe,Umuvumba,,,Project Assessment - 2018.11.11,-1.42439,30.26354,,http://www.worldpop.org.uk/data/summary?doi=10.5258/SOTON/WP00539,6016.0,37942.0,Ubumwe,500.0,Isangano,891.0,Nteko,617.0,Busasamana - No1 village,1817.0,Ubumwe (Rukomo) - Ruyonza,1662.0,,,11/11/18,,,,,,,,,POINT (529325.3052093153 4842512.855122567),718.77,3110.21,7410.32,14387.03,22013.51,601.34,2824.34,7444.9,14614.34,22395.22
006f100000a86EwAAI,1007458,Rwanda,Rwanda - Nshuri - 1007458,Identified,Identified in Needs Assessment,12/31/18,Eastern Province,Nyagatare,Tabagwe-Nyagatare,Gitengure-Nyagatare,Nshuri,Muvumba,,,Project Assessment - 2018.11.18,-1.308813,30.314539,,http://www.worldpop.org.uk/data/summary?doi=10.5258/SOTON/WP00539,2287.0,12766.0,Gitengure,4808.0,Nyagatare,2645.0,,0.0,,0.0,,0.0,,,11/18/18,,,,,,,,,POINT (535001.9237675263 4855290.975238343),2135.0,6491.21,16228.99,24519.41,31035.9,2431.16,6386.74,16064.29,24597.35,31346.68
006f100000a86ExAAI,1007459,Rwanda,Rwanda - Kamate - 1007459,Rejected,Technical,12/11/18,Eastern Province,Nyagatare,Tabagwe,Nyabitekeri,Kamate,Umuyanja,,,Project Assessment - 2018.12.10,-1.2991944,30.2575833,,http://www.worldpop.org.uk/data/summary?doi=10.5258/SOTON/WP00539,2267.0,13208.0,,0.0,,0.0,,0.0,,0.0,,0.0,,,12/10/18,,,,,,,,,POINT (528663.9502670871 4856355.177744414),3889.46,5407.72,7551.81,9542.97,12874.2,3949.73,5620.53,7765.57,9779.19,13004.98
006f100000a86EyAAI,1007460,Rwanda,Rwanda - Mirambi - 1007460,Rejected,Vehicular Bridge Required,12/11/18,Eastern Province,Nyagatare,Tabagwe,Nyabitekeri,Mirambi,Kaborogota,,,Project Assessment - 2018.12.10,-1.296011,30.247121,,http://www.worldpop.org.uk/data/summary?doi=10.5258/SOTON/WP00539,2322.0,13632.0,,0.0,,0.0,,0.0,,0.0,,0.0,,,12/10/18,,,,,,,,,POINT (527499.7292112644 4856707.266063998),2611.33,4421.34,7403.52,10975.49,15110.6,2773.73,4569.85,7529.22,11232.49,15345.49
006f100000eekVkAAI,1014243,Rwanda,Rwanda - Kanyami - 1014243,Rejected,Technical,11/17/18,Eastern Province,Nyagatare,Karama,Ndego,Kanyami,Akanyaru,,,Project Assessment - 2018.11.11,-1.36537,30.17092,,http://www.worldpop.org.uk/data/summary?doi=10.5258/SOTON/WP00539,5038.0,27953.0,Kanyami,370.0,Ndego Center,621.0,Rutoma,532.0,Gishenyi,566.0,Gataba,487.0,,,11/11/18,,,,,,,,,POINT (519019.4875668021 4849039.335625492),1655.82,3209.49,5041.62,10289.78,15809.02,1679.53,3283.43,5197.55,10531.55,16114.71
006f100000eekVuAAI,1014244,Rwanda,Rwanda - Kisaro - 1014244,Rejected,Technical,11/17/18,Eastern Province,Nyagatare,Mukama - Mimuri,Gishororo - Mahoro,Kisaro,Ngoma,,,Project Assessment - 2018.11.11,-1.45106,30.20714,,http://www.worldpop.org.uk/data/summary?doi=10.5258/SOTON/WP00539,5252.0,31014.0,Kisaro,735.0,Kabukunzu,1034.0,Kabeza - Kinyambo,1252.0,Cyambwana,1468.0,Iterambere - Shenga - Gitwe,1756.0,,,11/11/18,,,,,,,,,POINT (523049.11966957786 4839564.736859565),2287.15,4485.33,7390.8,9565.82,14117.97,2310.03,4564.92,7484.0,9676.77,14319.91
006f100000eekVzAAI,1014245,Rwanda,Rwanda - Kavu - 1014245,Rejected,Technical,11/11/18,Eastern Province,Nyagatare,Karama,Ndego,Kavu,Kanama,,,Project Assessment - 2018.11.11,-1.35292,30.144,,http://www.worldpop.org.uk/data/summary?doi=10.5258/SOTON/WP00539,1190.0,13694.0,Mishasha,247.0,Rubanda,572.0,Kabeza,684.0,Mutete,461.0,Kababanda,530.0,,,11/11/18,,,,,,,,,POINT (516023.9822710731 4850416.056006014),541.07,1322.25,2620.99,5133.02,7602.69,567.87,1400.49,2645.29,5244.01,7785.79
006f100000eekW9AAI,1014246,Rwanda,Rwanda - Katoma - 1014246,Rejected,Technical,11/11/18,Eastern Province,Nyagatare,Kiyombe,Karujumba,Katoma,Ngoma,,,Project Assessment - 2018.11.11,-1.44263,30.15516,,http://www.worldpop.org.uk/data/summary?doi=10.5258/SOTON/WP00539,3667.0,24613.0,Katoma,297.0,Ngangare,358.0,Nyange - Kajevuba,625.0,Kagorogoro,402.0,Cyenzizi - Mushesha,723.0,,,11/11/18,,,,,,,,,POINT (517265.1886226373 4840497.25727958),1117.55,2394.06,4276.51,7073.65,9767.34,1053.13,2400.28,4326.84,7188.49,9809.05
006f100000eekWEAAY,1014247,Rwanda,Rwanda - Burera - 1014247,Rejected,Technical,11/17/18,Eastern Province,Nyagatare,Katabagemu - Ngarama,Rugazi - Kigasha,Burera,Rwangingo valley,,,Project Assessment - 2018.11.11,-1.52911,30.30129,,http://www.worldpop.org.uk/data/summary?doi=10.5258/SOTON/WP00539,1359.0,15569.0,Burera,1000.0,Kanyesunzu,618.0,Igitego,586.0,Kirongo,605.0,Kagarama,545.0,,,11/11/18,,,,,,,,,POINT (533524.3883363908 4830933.922004488),306.94,1404.33,2701.71,4543.1,6585.22,260.16,1408.47,2713.48,4601.94,6773.42
006f100000eekWJAAY,1014248,Rwanda,Rwanda - Nyakagende - 1014248,Rejected,Technical,11/17/18,Eastern Province,Nyagatare,Mimuri,Bibare - Mahoro,Nyakagende,Umuvumba,,,Project Assessment - 2018.11.11,-1.46111,30.23321,,http://www.worldpop.org.uk/data/summary?doi=10.5258/SOTON/WP00539,4880.0,33279.0,Nyakagende,680.0,Karukwanza - Nyaruziba,1250.0,Bibare centre - Rwimirama,1642.0,Mizero - Nyabugogo,1370.0,Shenga - Cyambwana,1262.0,,,11/11/18,,,,,,,,,POINT (525949.9108903814 4838453.277764081),1561.11,3327.3,5551.83,8595.28,13988.86,1584.36,3323.91,5602.12,8757.34,14225.45
006f100000eekWOAAY,1014249,Rwanda,Rwanda - Kubwamariko - 1014249,Rejected,Technical,11/17/18,Eastern Province,Nyagatare,Mimuri,Rugari,Kubwamariko,Nyirasanaho Channel,,,Project Assessment - 2018.11.11,-1.43877,30.25549,,http://www.worldpop.org.uk/data/summary?doi=10.5258/SOTON/WP00539,6729.0,36135.0,Ubumwe,1921.0,Rebero,1160.0,Amahoro - Indahemuka,1520.0,Cyibihanga,1025.0,Ibitabo - Nyakajeje,1226.0,,,11/11/18,,,,,,,,,POINT (528429.3615788285 4840923.031039007),3720.97,7356.51,9552.04,12847.93,16980.65,4121.3,7470.5,9700.45,13056.92,17154.64
006f100000eekWTAAY,1014250,Rwanda,Rwanda - Ubumwe I - 1014250,Rejected,Technical,12/31/18,Eastern Province,Nyagatare,Mimuri - Mukama,Rugari - Bufunda,Ubumwe I,Umuvumba,Rwanda Full Scale Research - Randomized and Lost,,Project Assessment - 2018.11.11,-1.43737,30.2538,,http://www.worldpop.org.uk/data/summary?doi=10.5258/SOTON/WP00539,6733.0,36054.0,Ubumwe,1921.0,Rebero,1160.0,Amahoro - Indahemuka,1520.0,Cyibihanga,1025.0,Ibitabo - Nyakajeje,1226.0,,,11/11/18,,,,,,,,,POINT (528241.324702137 4841077.843036255),3283.03,7183.8,9681.19,12846.76,16961.87,3444.44,7269.28,9819.97,12950.45,17181.28
006f100000eekWdAAI,1014252,Rwanda,Rwanda - Rujuga - 1014252,Rejected,Technical,11/13/18,Eastern Province,Nyagatare,Mimuri - Rukomo,Rugari - Gahurura,Rujuga,Rujuga Channel,,,Project Assessment - 2018.11.11,-1.42013,30.26972,,http://www.worldpop.org.uk/data/summary?doi=10.5258/SOTON/WP00539,5984.0,37961.0,Isangano,891.0,Ubumwe,1921.0,Akamonyi - Inteko,1853.0,Busasamana - Number 1,1817.0,Ubumwe (Rukomo) - Ruyonza,1662.0,,,11/11/18,,,,,,,,,POINT (530013.0422534016 4842983.783044474),810.77,3614.64,8933.45,13933.99,18609.66,828.29,3634.3,8879.68,14111.8,19019.15
006f100000eekWiAAI,1014253,Rwanda,Rwanda - Nyagatare - 1014253,Rejected,Technical,11/17/18,Eastern Province,Nyagatare,Mukama - Gatunda,Kagina - Cyagaju,Nyagatare,Nyiragahaya,,,Project Assessment - 2018.11.11,-1.42836,30.1828,,http://www.worldpop.org.uk/data/summary?doi=10.5258/SOTON/WP00539,4843.0,31369.0,Nyagatare,765.0,Nyakagarama,527.0,Cyabahurura,504.0,Iramiro,614.0,Kibisabo,562.0,,,11/11/18,,,,,,,,,POINT (520340.9226052993 4842074.784056847),1275.36,3250.04,6311.92,10583.34,17767.47,1318.87,3290.57,6486.85,10947.56,18052.11
006f100000eekWxAAI,1014255,Rwanda,Rwanda - Gishenyi - 1014255,Rejected,Technical,11/17/18,Eastern Province,Nyagatare,Karama,Gikagati - Ndego,Gishenyi,Akanyaru,,,Project Assessment - 2018.11.11,-1.3683,30.17181,,http://www.worldpop.org.uk/data/summary?doi=10.5258/SOTON/WP00539,5190.0,28917.0,Gishenyi,504.0,Gataba,487.0,Kanyami,370.0,Ndego Center,621.0,Rutoma,532.0,,,11/11/18,,,,,,,,,POINT (519118.5013409488 4848715.375022018),1235.42,3292.06,5874.46,10071.43,16315.22,1241.22,3352.44,6153.87,10397.11,16619.12
006f100000eekXMAAY,1014260,Rwanda,Rwanda - Karushuga - 1014260,Rejected,Technical,11/17/18,Eastern Province,Nyagatare,Rwimiyaga,Karushuga,Karushuga,,,,Project Assessment - 2018.11.11,-1.29792,30.55167,,http://www.worldpop.org.uk/data/summary?doi=10.5258/SOTON/WP00539,24.0,172.0,Karushuga,1000.0,Akagera,1140.0,,0.0,,0.0,,0.0,,,11/11/18,,,,,,,,,POINT (561390.7870680703 4856490.846470299),33.67,49.68,311.0,1150.62,2636.01,33.67,49.68,311.0,1138.6,2544.05
006f100000eeuzOAAQ,1014389,Rwanda,Rwanda - Kabeza - 1014389,Rejected,Technical,11/19/18,Eastern Province,Nyagatare,Rukomo,RukomaII-Rurenge,Kabeza,Chanel,,,Project Assessment - 2018.11.18,-1.36432,30.28194,,http://www.worldpop.org.uk/data/summary?doi=10.5258/SOTON/WP00539,4228.0,28737.0,Kabeza,580.0,Rebero,650.0,Nyanjye,800.0,Biryogo,812.0,Rwiju,451.0,,,11/18/18,,,,,,,,,POINT (531373.5690059795 4849154.265729255),2315.56,4082.74,8989.14,14595.24,21823.53,2391.93,4234.57,8966.45,15432.26,22706.42
006f100000eeuzTAAQ,1014390,Rwanda,Rwanda - Akimpundu - 1014390,Rejected,Technical,11/19/18,Eastern Province,Nyagatare,Karama,Gikundamvura,Akimpundu,Nyagasharara,,,Project Assessment - 2018.11.18,-1.340982,30.219604,,http://www.worldpop.org.uk/data/summary?doi=10.5258/SOTON/WP00539,6969.0,31885.0,Gikundamvura,4263.0,Bushara,3107.0,Kabuga,4251.0,Nyagatama,2415.0,,0.0,,,11/18/18,,,,,,,,,POINT (524437.1712918014 4851735.346489218),1710.77,5184.2,9919.23,13242.39,20462.99,1808.96,5251.62,9976.62,13382.44,20823.73
006f100000eeuzYAAQ,1014391,Rwanda,Rwanda - Nyagasharara - 1014391,Rejected,Technical,11/19/18,Eastern Province,Nyagatare,Karama,Gikundamvura,Nyagasharara,Nyagasharara,,,Project Assessment - 2018.11.18,-1.336893,30.213863,,http://www.worldpop.org.uk/data/summary?doi=10.5258/SOTON/WP00539,7161.0,30167.0,Gikundamvura cell,4263.0,Buchara cell,3107.0,Kabuga,4251.0,Nyagatoma,2415.0,,0.0,,,11/18/18,,,,,,,,,POINT (523798.3586789974 4852187.50168952),1601.73,5636.64,9991.6,15953.57,20371.41,1663.97,5653.37,10247.12,16288.33,20823.42
006f100000eeuzdAAA,1014392,Rwanda,Rwanda - Murujanjara - 1014392,Rejected,Technical,11/19/18,Eastern Province,Nyagatare,Karama,Nyakiga,Murujanjara,Stream,,,Project Assessment - 2018.11.18,-1.393255,30.162868,,http://www.worldpop.org.uk/data/summary?doi=10.5258/SOTON/WP00539,6287.0,29952.0,Karama center,720.0,Mabare,386.0,Kentarama,410.0,Kavumu,426.0,,0.0,,,11/18/18,,,,,,,,,POINT (518123.2706463438 4845956.312005739),2164.84,5548.14,8521.24,11653.67,16152.93,2266.92,5791.06,8796.71,11959.07,16465.01
006f100000eeuziAAA,1014393,Rwanda,Rwanda - Isangano-Kabeza - 1014393,Rejected,Technical,11/19/18,Eastern Province,Nyagatare,Karama,Bushara,Isangano-Kabeza,Valley,,,Project Assessment - 2018.11.18,-1.349094,30.202762,,http://www.worldpop.org.uk/data/summary?doi=10.5258/SOTON/WP00539,6151.0,33108.0,Isangano,350.0,Rurembo,980.0,Bushara center,1000.0,Ihuriro,1050.0,Kabeza-Nyakibande,1224.0,,,11/18/18,,,,,,,,,POINT (522562.93858243024 4850838.608712478),4513.26,6223.27,9312.19,12570.4,19041.34,4599.11,6264.8,9328.95,12697.33,19453.13
006f100000eeuznAAA,1014394,Rwanda,Rwanda - Kabeza - 1014394,Rejected,Technical,11/19/18,Eastern Province,Nyagatare,Gatunda,Cyagaju-Rwesheke,Kabeza,Chanel,,,Project Assessment - 2018.11.18,-1.40815,30.189856,,http://www.worldpop.org.uk/data/summary?doi=10.5258/SOTON/WP00539,4945.0,35273.0,Kabeza,853.0,Rwesheke,1201.0,,0.0,,0.0,,0.0,,,11/18/18,,,,,,,,,POINT (521126.25941379694 4844309.229133553),2198.7,3523.86,7616.86,11898.88,16436.24,2198.7,3644.07,7669.65,12053.38,16705.17
006f100000eeuzsAAA,1014395,Rwanda,Rwanda - Nyabwongoroka - 1014395,Rejected,Technical,11/19/18,Eastern Province,Nyagatare,Kiyombe,Karujumba,Nyabwongoroka,Nyabwongoroka,,,Project Assessment - 2018.11.18,-1.432879,30.133993,,http://www.worldpop.org.uk/data/summary?doi=10.5258/SOTON/WP00539,3511.0,23244.0,Karambo,1.0,Nyabwongoroka,251.0,Murambi,824.0,,0.0,,0.0,,,11/18/18,,,,,,,,,POINT (514909.9220933488 4841575.518630372),1433.87,2232.73,4108.75,6085.12,7835.68,1447.23,2392.38,4160.45,6191.61,8003.61
006f100000eeuzxAAA,1014396,Rwanda,Rwanda - Kavumu - 1014396,Rejected,Technical,11/19/18,Eastern Province,Nyagatare,Karama,Nyakiga,Kavumu,Stream,,,Project Assessment - 2018.11.18,-1.391233,30.171654,,http://www.worldpop.org.uk/data/summary?doi=10.5258/SOTON/WP00539,6417.0,31868.0,Karama center,720.0,Mabare,386.0,Kavumu,426.0,Kentarama,410.0,,0.0,,,11/18/18,,,,,,,,,POINT (519100.95916159137 4846179.803771857),1913.66,4505.9,8551.96,13915.46,17637.58,1965.52,4732.9,8733.57,14189.06,17748.01
006f100000eev02AAA,1014397,Rwanda,Rwanda - Kabaya - 1014397,Rejected,Vehicular Bridge Required,11/19/18,Eastern Province,Nyagatare,Katabagemu,Kanyeganyege,Kabaya,Valley,,,Project Assessment - 2018.11.18,-1.436156,30.307663,,http://www.worldpop.org.uk/data/summary?doi=10.5258/SOTON/WP00539,6432.0,32541.0,Kabaya,280.0,Rebero,400.0,Kabeza,725.0,,0.0,,0.0,,,11/18/18,,,,,,,,,POINT (534234.9435866938 4841211.33292794),2223.76,4066.38,9145.6,15262.78,21474.88,2226.12,4128.58,9644.79,15743.83,22278.27
006f100000eev07AAA,1014398,Rwanda,Rwanda - Kajevuba - 1014398,Rejected,Vehicular Bridge Required,11/30/18,Eastern Province,Nyagatare,Katabagema,Katabagema,Kajevuba,Valley,,,Project Assessment - 2018.11.18,-1.442804,30.274319,,http://www.worldpop.org.uk/data/summary?doi=10.5258/SOTON/WP00539,6870.0,37814.0,Kajevuba,1.0,,0.0,,0.0,,0.0,,0.0,,,11/18/18,,,,,,,,,POINT (530524.49916704 4840476.767814882),1571.51,4503.2,7924.29,13520.94,17608.83,1614.3,4580.77,8070.18,13701.76,17958.83
006f100000eev0CAAQ,1014399,Rwanda,Rwanda - Kagogo - 1014399,Rejected,Vehicular Bridge Required,11/30/18,Eastern Province,Nyagatare,Katabagema,Katabagema,Kagogo,Kagogo,,,Project Assessment - 2018.11.18,-1.471113,30.285693,,http://www.worldpop.org.uk/data/summary?doi=10.5258/SOTON/WP00539,5952.0,30259.0,Kagogo,1.0,,0.0,,0.0,,0.0,,0.0,,,11/18/18,,,,,,,,,POINT (531789.7401153542 4837346.618485457),1724.68,4569.72,8588.15,13503.86,17943.88,1760.06,4391.18,8788.5,13637.9,18046.01
006f100000eev0HAAQ,1014400,Rwanda,Rwanda - Akindege - 1014400,Rejected,Technical,11/19/18,Eastern Province,Nyagatare,Katabagema,Bayigurire,Akindege,Rwabashagi,,,Project Assessment - 2018.11.18,-1.461997,30.264872,,http://www.worldpop.org.uk/data/summary?doi=10.5258/SOTON/WP00539,5786.0,35021.0,Bayigurire,4673.0,Bimuli,2680.0,,0.0,,0.0,,0.0,,,11/18/18,,,,,,,,,POINT (529473.0398939131 4838354.816019195),1520.11,3269.54,7151.33,12927.68,17610.45,1503.57,3271.6,6991.35,12920.13,18052.14
006f100000eev0RAAQ,1014401,Rwanda,Rwanda - Gasasa - 1014401,Rejected,Vehicular Bridge Required,11/30/18,Eastern Province,Nyagatare,Katabagema,Bayigurire,Gasasa,Valley,,,Project Assessment - 2018.11.18,-1.456525,30.280659,,http://www.worldpop.org.uk/data/summary?doi=10.5258/SOTON/WP00539,6234.0,35048.0,Gasasa,1.0,,0.0,,0.0,,0.0,,0.0,,,11/18/18,,,,,,,,,POINT (531229.7922414917 4838959.615815434),1487.37,3805.01,6353.5,10366.04,18623.26,1568.4,3863.9,6342.86,10411.6,18808.16
006f100000eev0WAAQ,1014402,Rwanda,Rwanda - Byimana - 1014402,Rejected,Technical,11/30/18,Eastern Province,Nyagatare,Matimba,Cyembogo,Byimana,Chanel,,,Project Assessment - 2018.11.18,-1.066787,30.432849,,http://www.worldpop.org.uk/data/summary?doi=10.5258/SOTON/WP00539,2459.0,12481.0,Byimana,1.0,,0.0,,0.0,,0.0,,0.0,,,11/18/18,,,,,,,,,POINT (548171.877821158 4882049.071323593),1184.24,2581.89,5934.95,9308.49,14928.8,1192.93,2475.16,5997.43,9471.27,15218.97
006f100000eev0bAAA,1014403,Rwanda,Rwanda - Byimana3 - 1014403,Rejected,Technical,11/30/18,Eastern Province,Nyagatare,Matimba,Byimana,Byimana3,Chanel,,,Project Assessment - 2018.11.18,-1.109384,30.433798,,http://www.worldpop.org.uk/data/summary?doi=10.5258/SOTON/WP00539,5912.0,20617.0,Byimana,1.0,,0.0,,0.0,,0.0,,0.0,,,11/18/18,,,,,,,,,POINT (548276.8171458932 4877339.242180437),3307.31,7668.43,11865.45,17332.28,19473.75,3457.67,7884.19,12120.33,18220.76,20469.18
006f100000eev0gAAA,1014404,Rwanda,Rwanda - Fotorero - 1014404,Rejected,Technical,11/19/18,Eastern Province,Nyagatare,Rwimiyaga,Rutungu,Fotorero,Channel,,,Project Assessment - 2018.11.18,-1.163172,30.476046,,http://www.worldpop.org.uk/data/summary?doi=10.5258/SOTON/WP00539,396.0,1654.0,Rubira,1324.0,Cyamunyana-Agatovu,2944.0,Gakagati I- Gakagati II,3488.0,Bweru,625.0,Mwendo-Rugaga,1250.0,,,11/18/18,,,,,,,,,POINT (552977.6664136789 4871391.314999699),59.15,1029.38,1575.58,2205.7,3453.63,101.74,1059.05,1714.93,2351.55,3528.6
006f100000eev0lAAA,1014405,Rwanda,Rwanda - Cyenjojo - 1014405,Complete,In Service,4/28/23,Eastern Province,Nyagatare,Rwempasha,Cyenjojo-Kabare,Cyenjojo,Muvumba,,,Project Assessment - 2018.11.18,-1.239774,30.344471,,http://www.worldpop.org.uk/data/summary?doi=10.5258/SOTON/WP00539,940.0,6405.0,Kabare,3244.0,Cyenjojo,2811.0,Rulimbi,0.0,Gituro,0.0,,0.0,,,11/18/18,,,,,,,,,POINT (538333.818218422 4862923.88839756),897.2,1470.98,2364.67,3767.16,5940.64,910.43,1452.95,2414.02,3814.76,6022.4
006f100000eev0qAAA,1014406,Rwanda,Rwanda - Gasinga - 1014406,Identified,,6/14/19,Eastern Province,Nyagatare,Rwempasha,Gasinga-Uwinkiko,Gasinga,Muvumba,,,Project Assessment - 2018.11.18,-1.206567,30.347849,,http://www.worldpop.org.uk/data/summary?doi=10.5258/SOTON/WP00539,653.0,4284.0,Gasinga,2840.0,Uwinkiko,1914.0,,0.0,,0.0,,0.0,,,11/18/18,,,,,,,,,POINT (538710.2131582354 4866595.3969085775),204.77,743.64,1166.0,1990.3,2980.39,204.77,762.96,1193.76,2054.46,3022.42
006f100000eev0vAAA,1014407,Rwanda,Rwanda - Akagera - 1014407,Rejected,Technical,11/19/18,Eastern Province,Nyagatare,Rwimiyaga,Karushuga,Akagera,Rusa,,,Project Assessment - 2018.11.18,-1.286986,30.550523,,http://www.worldpop.org.uk/data/summary?doi=10.5258/SOTON/WP00539,23.0,177.0,Akagera,820.0,Karushu,1000.0,,0.0,,0.0,,0.0,,,11/18/18,,,,,,,,,POINT (561263.4049990018 4857699.834811991),33.7,50.22,82.47,772.27,1401.8,33.7,50.22,82.47,755.39,1388.05
006f100000eev1ZAAQ,1014415,Rwanda,Rwanda - Matereza - 1014415,Rejected,Technical,12/31/18,Eastern Province,Nyagatare,Karama,Ndego-Kabuga,Matereza,Umuvumba,Rwanda Full Scale Research - Randomized and Lost,,Project Assessment - 2018.11.18,-1.36087,30.181669,,http://www.worldpop.org.uk/data/summary?doi=10.5258/SOTON/WP00539,5095.0,30372.0,Materaza,512.0,Rusoroza,684.0,Kanyami,815.0,Murambi,520.0,Kabuga cell,4251.0,,,11/18/18,,,,,,,,,POINT (520215.64690887363 4849536.787754578),1504.92,2402.09,6713.56,13450.45,17830.29,1522.86,2514.34,6948.84,13908.3,18022.2
006f100000eev1eAAA,1014416,Rwanda,Rwanda - Gakirage - 1014416,Rejected,Technical,11/19/18,Eastern Province,Nyagatare,Karama,Ndego,Gakirage,Kanama,,,Project Assessment - 2018.11.18,-1.365045,30.148672,,http://www.worldpop.org.uk/data/summary?doi=10.5258/SOTON/WP00539,3001.0,19180.0,Gakirage,528.0,Mutete,436.0,Kanyami,815.0,Murambi,520.0,Matereza,514.0,,,11/18/18,,,,,,,,,POINT (516543.79012849793 4849075.433521839),1468.75,2564.06,4002.77,5698.01,8314.36,1464.57,2572.73,3965.02,5965.14,8464.44
006f100000eev1jAAA,1014417,Rwanda,Rwanda - Murujanjara - 1014417,Rejected,Technical,11/19/18,Eastern Province,Nyagatare,Karama-Gitunda,Nyakiga-Nyangari,Murujanjara,Kagihenda,,,Project Assessment - 2018.11.18,-1.397253,30.163373,,http://www.worldpop.org.uk/data/summary?doi=10.5258/SOTON/WP00539,6486.0,30458.0,Karama centre,720.0,Kavumu,426.0,Mabare,386.0,Kentarama,410.0,Mutumba,956.0,,,11/18/18,,,,,,,,,POINT (518179.4343990408 4845514.271930026),1912.5,6420.98,8987.46,11652.68,16368.73,1934.38,6519.98,9213.8,11962.66,16687.56
006f100000efhn7AAA,1014792,Rwanda,Rwanda - Rutete - 1014792,Rejected,Technical,12/12/18,Eastern Province,Nyagatare,Kiyombe,Gataba-Kabungo,Rutete,Ngoma,,,Project Assessment - 2018.12.12,-1.419195,30.104228,,http://www.worldpop.org.uk/data/summary?doi=10.5258/SOTON/WP00539,3324.0,23346.0,Rutete,300.0,Kwiperu-Rwabashanja,800.0,Nyakabungo-Ruhonwa,600.0,Rugarama,480.0,Rwamushe-Bitare,815.0,,,12/11/18,,,,,,,,,POINT (511597.91910894925 4843088.649811947),807.72,1070.58,2062.35,3907.63,5875.18,807.72,1081.82,2173.74,3976.66,6060.03
006f100000a86F1AAI,1007463,Rwanda,Rwanda - Mujerenge - 1007463,Complete,In Service,11/22/21,Southern Province,Nyamagabe,Buruhukiro,Bushigishigi,Mujerenge,Rukarara,Rwanda Full Scale Research - Randomized and Baselined - Intervention,,Project Assessment - 2018.8.17,-2.45195667,29.427665,,http://www.worldpop.org.uk/data/summary?doi=10.5258/SOTON/WP00539,4330.0,31317.0,Mujerenge,500.0,Minaga,300.0,Gikungu,195.0,,0.0,,0.0,,,8/17/18,,,,,,,,,POINT (436351.20475762914 4728888.517434537),1187.9,2806.44,5170.07,9107.74,13558.02,1231.76,2801.66,5256.45,9263.09,13759.1
006f100000a86F2AAI,1007464,Rwanda,Rwanda - Gahira - 1007464,Rejected,Technical,11/15/18,Southern Province,Nyamagabe,Uwinkingi-Musebeya,GAHIRA,Gahira,,,,Project Assessment - 2018.8.11,-2.448025,29.4665,,http://www.worldpop.org.uk/data/summary?doi=10.5258/SOTON/WP00539,6936.0,36523.0,Bunyunyu,670.0,Gakereko,700.0,Bitaba,450.0,Kunyu,540.0,Gititi,450.0,,,8/11/18,,,,,,,,,POINT (440669.9624608345 4729325.025542499),1068.08,3045.78,5940.21,9299.99,13862.22,1093.54,3118.25,6036.46,9447.93,14098.99
006f100000a86F3AAI,1007465,Rwanda,Rwanda - Rwangambibi - 1007465,Complete,In Service,11/12/21,Southern Province,Nyamagabe,Gatare,Shyeru,Rwangambibi,Rwondo,Rwanda Full Scale Research - Randomized and Baselined - Intervention,,Project Assessment - 2018.8.25,-2.345116,29.43387,,http://www.worldpop.org.uk/data/summary?doi=10.5258/SOTON/WP00539,7078.0,38266.0,Bimba,611.0,"Kagusa, ruhanga",944.0,Rwangambibi,540.0,Rucunda,650.0,Mushubi,730.0,,,8/25/18,,,,,,,,,POINT (437036.393984277 4740702.245394055),1078.55,3383.34,6903.71,10177.49,14019.09,1110.62,3382.92,6977.88,10456.82,14396.95
006f100000a86F4AAI,1007466,Rwanda,Rwanda - Rugeti - 1007466,Complete,In Service,3/5/20,Southern Province,Nyamagabe,Uwinkingi,Rugogwe-Kizimyamuriro,Rugeti,Rubyiro,Rwanda Full Scale Research - Randomized and Lost,,Project Assessment - 2018.9.1,-2.47640667,29.4208,,http://www.worldpop.org.uk/data/summary?doi=10.5258/SOTON/WP00539,5050.0,25176.0,Rugeti,658.0,Mwishyogwe,673.0,Tantamara,1050.0,Gishwati,1002.0,Bishya,980.0,,,9/1/18,,,,,,,,,POINT (435588.9041862236 4726184.729774004),1467.25,4078.7,7453.99,10393.96,14581.58,1443.41,4215.89,7508.3,10536.47,14936.86
006f100000a86F5AAI,1007467,Rwanda,Rwanda - Mwishyogwe - 1007467,Rejected,Technical,11/29/18,Southern Province,Nyamagabe,Uwinkingi,,Mwishyogwe,,,,Project Assessment - 2018.8.12,-2.484,29.4196111,0.0,http://www.worldpop.org.uk/data/summary?doi=10.5258/SOTON/WP00539,4483.0,24841.0,,0.0,,0.0,,0.0,,0.0,,0.0,,,8/11/18,,,,,,,,,POINT (435457.05370600446 4725345.069967243),1496.48,3309.51,6516.77,9824.97,13443.45,1638.48,3333.09,6590.89,10065.75,13605.42
006f100000a86F6AAI,1007468,Rwanda,Rwanda - Nyarusengesi - 1007468,Rejected,Technical,11/28/18,Southern Province,Nyamagabe,Mushubi,Biteteri,Nyarusengesi,,,,Project Assessment - 2018.8.17,-2.287455,29.434438,0.0,http://www.worldpop.org.uk/data/summary?doi=10.5258/SOTON/WP00539,4064.0,30362.0,,0.0,,0.0,,0.0,,0.0,,0.0,,,8/17/18,,,,,,,,,POINT (437097.02405325597 4747077.872906469),724.13,1693.91,3269.76,4948.53,7461.98,779.25,1714.94,3419.25,5151.21,7730.04
006f100000a86F7AAI,1007469,Rwanda,Rwanda - Remera - 1007469,Complete,In Service,7/28/23,Southern Province,Nyamagabe,Musange,Nyagisozi,Remera,Mwogo,Rwanda Full Scale Research - Randomized but Not Baselined,,Project Assessment - 2018.9.5,-2.213863,29.563708,,http://www.worldpop.org.uk/data/summary?doi=10.5258/SOTON/WP00539,3273.0,27010.0,Remera,636.0,Kabingo,558.0,Dusenyi,500.0,Mayebe,450.0,Rwesero,570.0,,,9/4/18,,,,,,,,,POINT (451472.58782487974 4755219.821429696),592.9,1986.59,3718.38,5477.18,8602.56,511.15,1997.96,3726.33,5550.96,8638.52
006f100000a86FAAAY,1007472,Rwanda,Rwanda - Sabake - 1007472,Identified,Identified in Needs Assessment,12/31/18,Southern Province,Nyamagabe,Uwinkingi-Buruhukiro,Rugogwe,Sabake,Rubyiro,Rwanda Full Scale Research - Randomized but Not Baselined,,Project Assessment - 2018.9.1,-2.47291333,29.42335667,,http://www.worldpop.org.uk/data/summary?doi=10.5258/SOTON/WP00539,5309.0,26483.0,Rugeti,658.0,Minaga,978.0,Sabake,718.0,Mujerenge,1065.0,Tantamara,1050.0,,,9/1/18,,,,,,,,,POINT (435873.06558617944 4726571.115460157),1621.64,4303.88,7225.5,11615.74,15205.57,1766.7,4354.86,7465.73,11922.17,15540.74
006f100000a86FBAAY,1007473,Rwanda,Rwanda - Uwabarashi - 1007473,Under Construction,,5/16/25,Southern Province,Nyamagabe,Musange-Gashari,Nyagisozi,Uwabarashi,Mbirurume,Rwanda Full Scale Research - Randomized but Not Baselined,,Project Assessment - 2018.9.5,-2.21156,29.544015,,http://www.worldpop.org.uk/data/summary?doi=10.5258/SOTON/WP00539,3785.0,25588.0,Uwabarshi,483.0,Ruhuga,520.0,Kibaga,460.0,Dusenyi,530.0,Kayogoro,620.0,,,9/4/18,,,,,,,,,POINT (449282.0725735989 4755473.801546509),716.87,1955.93,3733.85,5781.29,8253.82,729.54,1976.68,3779.2,5888.59,8382.91
006f100000a86FCAAY,1007474,Rwanda,Rwanda - Cyimbogo - 1007474,Rejected,Technical,9/1/18,Southern Province,Nyamagabe,Mushubi-Nkomane,Biteteri,Cyimbogo,,,,Project Assessment - 2018.8.17,-2.2875833,29.4333889,0.0,http://www.worldpop.org.uk/data/summary?doi=10.5258/SOTON/WP00539,4066.0,30522.0,,0.0,,0.0,,0.0,,0.0,,0.0,,,8/17/18,,,,,,,,,POINT (436980.3427663588 4747063.64070624),794.89,1635.3,3264.85,4973.55,7470.82,848.11,1635.93,3440.1,5161.52,7836.99
006f100000a86FFAAY,1007477,Rwanda,Rwanda - Mugote - 1007477,Complete,In Service,11/9/21,Southern Province,Nyamagabe,Buruhukiro,Kizimyamuriro,Mugote,Rukarara,Rwanda Full Scale Research - Randomized and Baselined - Intervention,,Project Assessment - 2018.8.17,-2.4477333,29.41455333,,http://www.worldpop.org.uk/data/summary?doi=10.5258/SOTON/WP00539,3471.0,25475.0,Mugote,600.0,Gikungu,450.0,Tantamara,390.0,Mujerenge,280.0,,0.0,,,8/17/18,,,,,,,,,POINT (434892.81492437376 4729354.869516189),1219.49,2988.54,5059.25,8706.87,12383.37,1214.9,3026.56,5159.48,8820.12,12357.95
006f100000a86FHAAY,1007479,Rwanda,Rwanda - Kabuga - 1007479,Rejected,Technical,11/12/18,Southern Province,Nyamagabe,Uwinkingi-Buruhukiro,Kibyagira Cell,Kabuga,,,,Project Assessment - 2018.8.11,-2.45674667,29.43966667,,http://www.worldpop.org.uk/data/summary?doi=10.5258/SOTON/WP00539,5382.0,35228.0,Kabuga village,850.0,Bushigishigi village,450.0,Bishya village,890.0,Cyumuganza village,738.0,Rusekera village,520.0,,,8/11/18,,,,,,,,,POINT (437686.1632696693 4728359.448901385),1373.95,2975.77,6495.14,10238.12,14769.27,1365.96,3057.99,6552.27,10443.15,14846.13
006f100000a86FIAAY,1007480,Rwanda,Rwanda - Kabingo - 1007480,Rejected,Technical,11/15/18,Southern Province,Nyamagabe,Buruhukiro-Gatare,Mukongoro,Kabingo,,,,Project Assessment - 2018.8.17,-2.395728,29.427631,,http://www.worldpop.org.uk/data/summary?doi=10.5258/SOTON/WP00539,9739.0,35574.0,Gifungwe,540.0,Gikungu,530.0,Bitaba,370.0,Rukwandu,470.0,Munini,470.0,,,8/17/18,,,,,,,,,POINT (436344.79677796096 4735105.761394896),1853.18,4456.96,6983.47,9795.17,13662.27,1819.06,4466.51,7051.55,9936.91,13929.23
006f100000a86FJAAY,1007481,Rwanda,Rwanda - Mutiwingoma - 1007481,Complete,In Service,11/6/20,Southern Province,Nyamagabe,Mbazi-Kaduha,Mutiwingoma,Mutiwingoma,Rukarara,Rwanda Full Scale Research - Randomized and Baselined - Intervention,Catchment Survey Program,Project Assessment - 2018.9.5,-2.364085,29.553359,,http://www.worldpop.org.uk/data/summary?doi=10.5258/SOTON/WP00539,3948.0,22500.0,Kanyege,455.0,Mukongoro,570.0,Kabizira,640.0,Gatwa,480.0,"Kibumba,",456.0,,,9/4/18,,,,,,,,,POINT (450326.6488182934 4738609.67842291),803.03,1663.97,3131.22,4936.07,7285.36,799.19,1751.61,3203.32,5019.54,7395.97
006f100000a86FKAAY,1007482,Rwanda,Rwanda - Murwa - 1007482,Rejected,Technical,11/5/18,Southern Province,Nyamagabe,Mbazi-Kibumbwe,Bwemba-Mutiwingoma,Murwa,Rukarara,,,Project Assessment - 2018.9.12,-2.39084,29.57068,,http://www.worldpop.org.uk/data/summary?doi=10.5258/SOTON/WP00539,3959.0,25641.0,Murwa,564.0,Nyamirama,578.0,Murambi,731.0,Nyagatovu,472.0,Munyinya,712.0,,,9/12/18,,,,,,,,,POINT (452253.96695557714 4735652.032521216),911.87,1669.48,4396.84,6902.72,10225.23,898.35,1691.61,4378.43,6908.51,10376.85
006f100000a86FLAAY,1007483,Rwanda,Rwanda - Rwankango - 1007483,Rejected,Vehicular Bridge Required,11/30/18,Southern Province,Nyamagabe,Musange,Masizi,Rwankango,Muhura,,,Project Assessment - 2018.9.4,-2.259663,29.592431,,http://www.worldpop.org.uk/data/summary?doi=10.5258/SOTON/WP00539,4211.0,26343.0,,0.0,,0.0,,0.0,,0.0,,0.0,,,9/4/18,,,,,,,,,POINT (454668.8203711491 4750156.728830188),959.21,2187.17,4053.32,6935.97,10242.63,968.14,2238.61,4167.81,7028.74,10510.08
006f100000a86FMAAY,1007484,Rwanda,Rwanda - Uwamataba - 1007484,Rejected,Technical,11/11/18,Southern Province,Nyamagabe,Buruhukiro,Munyege-Uwindekezi,Uwamataba,Mushishito,,,Project Assessment - 2018.9.1,-2.47437333,29.488816,,http://www.worldpop.org.uk/data/summary?doi=10.5258/SOTON/WP00539,6814.0,42286.0,Uwamataba,905.0,Birembo,560.0,Gatovu,647.0,Kimina,830.0,Mugote,612.0,,,9/1/18,,,,,,,,,POINT (443152.88771652296 4726412.665571292),1994.66,4476.24,7896.62,11165.04,16653.95,2039.45,4592.31,8027.93,11442.81,17142.43
006f100000a86FNAAY,1007485,Rwanda,Rwanda - Nyarurambi - 1007485,Rejected,Technical,11/11/18,Southern Province,Nyamagabe,Kibirizi,Uwindekezi-Munyege,Nyarurambi,Mushishito,,,Project Assessment - 2018.9.2,-2.4724,29.5,,http://www.worldpop.org.uk/data/summary?doi=10.5258/SOTON/WP00539,0.0,0.0,Nyarurambi,874.0,Mugote,612.0,Kimina,830.0,Gatovu,647.0,Birembo,560.0,,,9/2/18,,,,,,,,,POINT (444396.57387864986 4726631.329544983),1734.59,3753.47,7075.45,11686.85,18964.66,1786.94,3924.76,7210.62,11992.29,19740.82
006f100000a86FOAAY,1007486,Rwanda,Rwanda - Rusekera - 1007486,Rejected,Technical,11/14/18,Southern Province,Nyamagabe,Buruhukiro,Bushigishigi,Rusekera,,,,Project Assessment - 2018.8.17,-2.451815,29.43508667,,http://www.worldpop.org.uk/data/summary?doi=10.5258/SOTON/WP00539,4628.0,33740.0,Rusekera village,400.0,Bushigishigi,380.0,,0.0,,0.0,,0.0,,,8/17/18,,,,,,,,,POINT (437176.58155193063 4728904.532430877),1242.01,2639.85,4916.9,9221.46,14615.79,1248.48,2621.49,4977.77,9255.81,14969.13
006f100000a86FPAAY,1007487,Rwanda,Rwanda - Shaki - 1007487,Rejected,Technical,11/11/18,Southern Province,Nyamagabe,Musebeya-Gatare,RUSEKERA,Shaki,,,,Project Assessment - 2018.8.17,-2.391707,29.435709,,http://www.worldpop.org.uk/data/summary?doi=10.5258/SOTON/WP00539,8948.0,36198.0,Shaki,512.0,Uwimituza,400.0,Rebero,300.0,Kibuburo,250.0,Kageyo,523.0,,,8/17/18,,,,,,,,,POINT (437243.02650321356 4735550.738041816),1737.48,3451.42,5957.71,9436.08,12394.72,1767.23,3545.75,6023.26,9631.37,12616.95
006f100000a86FQAAY,1007488,Rwanda,Rwanda - Muzirantwago - 1007488,Rejected,Technical,11/16/18,Southern Province,Nyamagabe,Kibirizi-Cyanika,Karambo,Muzirantwago,,,,Project Assessment - 2018.8.11,-2.428413,29.577879,,http://www.worldpop.org.uk/data/summary?doi=10.5258/SOTON/WP00539,4689.0,35105.0,Gitwa village,1000.0,Gisoro village,900.0,Nyirakiraro village,1100.0,,0.0,,0.0,,,8/11/18,,,,,,,,,POINT (453055.8919862027 4731497.902041313),1156.91,2845.88,5574.87,9910.79,15983.6,1093.52,2761.35,5638.03,9913.69,16083.05
006f100000a86FRAAY,1007489,Rwanda,Rwanda - Cyabagomba - 1007489,Rejected,Technical,11/13/18,Southern Province,Nyamagabe,Musange,Masizi,Cyabagomba,Cyibande,,,Project Assessment - 2018.9.4,-2.296023,29.557358,,http://www.worldpop.org.uk/data/summary?doi=10.5258/SOTON/WP00539,3387.0,21406.0,Cyabagomba,403.0,,0.0,Kibiraro,0.0,,0.0,,0.0,,,9/4/18,,,,,,,,,POINT (450769.0443336023 4746135.324822778),798.52,2095.96,3937.2,6248.14,9105.54,807.18,2136.93,3999.82,6124.66,9149.43
006f100000a86FSAAY,1007490,Rwanda,Rwanda - Gasharu - 1007490,Rejected,,8/27/18,Southern Province,Nyamagabe,Kibirizi,,Gasharu,,,,Project Assessment - 2018.8.12,-2.43993333,29.51594167,0.0,http://www.worldpop.org.uk/data/summary?doi=10.5258/SOTON/WP00539,4375.0,28495.0,,0.0,,0.0,,0.0,,0.0,,0.0,,,8/11/18,,,,,,,,,POINT (446168.14007175853 4730221.80054818),887.46,2052.35,4240.92,6555.49,9261.62,887.71,2100.15,4356.5,6727.05,9544.27
006f100000a86FTAAY,1007491,Rwanda,Rwanda - Muduha - 1007491,Rejected,Technical,12/31/18,Southern Province,Nyamagabe,Kibirizi,Gashiha-Gakanka,Muduha,Rukarara,Rwanda Full Scale Research - Randomized and Lost,,Project Assessment - 2018.9.1,-2.436162,29.52308,,http://www.worldpop.org.uk/data/summary?doi=10.5258/SOTON/WP00539,4128.0,26947.0,Muduha,896.0,Nyabubare,1034.0,Muganza,987.0,Gasharu,638.0,Rukamiro,975.0,,,9/1/18,,,,,,,,,POINT (446961.8606877736 4730639.076426714),811.7,2205.7,4109.19,6874.27,9298.05,846.13,2272.08,4226.42,7051.13,9561.46
006f100000a86FUAAY,1007492,Rwanda,Rwanda - Nyakabingo - 1007492,Rejected,Technical,11/30/18,Southern Province,Nyamagabe,Mushubi,Cyobe,Nyakabingo,,,,Project Assessment - 2018.8.17,-2.298329,29.459225,0.0,http://www.worldpop.org.uk/data/summary?doi=10.5258/SOTON/WP00539,4140.0,26366.0,,0.0,,0.0,,0.0,,0.0,,0.0,,,8/17/18,,,,,,,,,POINT (439854.4235445781 4745876.597812595),923.03,2120.27,3730.51,5646.46,7921.18,932.69,2156.08,3850.71,5753.36,8089.27
006f100000a86FVAAY,1007493,Rwanda,Rwanda - Nyagisumo - 1007493,Rejected,Technical,11/11/18,Southern Province,Nyamagabe,Mushubi,Cyobe,Nyagisumo,,,,Project Assessment - 2018.8.17,-2.337289,29.459825,,http://www.worldpop.org.uk/data/summary?doi=10.5258/SOTON/WP00539,5214.0,29560.0,Nyagisumo,545.0,Gatiti,679.0,Nganzo,570.0,Muhembe,450.0,,0.0,,,8/17/18,,,,,,,,,POINT (439922.80072078446 4741568.817215037),1505.05,2912.13,5492.71,7726.18,10254.59,1525.41,3014.53,5704.39,7832.18,10479.76
006f100000a86FXAAY,1007495,Rwanda,Rwanda - Nyakabuye - Nkomane - 1007495,Complete,In Service,10/23/20,Southern Province,Nyamagabe,Musange,Gasave,Nyakabuye - Nkomane,Nkomane,Rwanda Full Scale Research - Randomized and Baselined - Intervention,,Project Assessment - 2018.9.5,-2.233574,29.575366,,http://www.worldpop.org.uk/data/summary?doi=10.5258/SOTON/WP00539,3624.0,25546.0,Nyakabuye,587.0,Nyabivumu,465.0,Kabingo,558.0,Cyaruvunge,630.0,Gasura,550.0,,,9/4/18,,,,,,,,,POINT (452769.9220680299 4753040.79315153),700.83,2578.43,4321.57,6562.09,9955.81,714.55,2587.23,4316.68,6633.59,10074.37
006f100000a86FYAAY,1007496,Rwanda,Rwanda - Nyamurinda - 1007496,Rejected,Technical,11/15/18,Southern Province,Nyamagabe,Kibirizi,Bugarura,Nyamurinda,,,,Project Assessment - 2018.8.11,-2.43885,29.56909,,http://www.worldpop.org.uk/data/summary?doi=10.5258/SOTON/WP00539,5425.0,41024.0,Karama village,500.0,Muyange village,150.0,Uwinyana village,50.0,Nyakibyeyi villabe,350.0,,0.0,,,8/11/18,,,,,,,,,POINT (452078.81687669596 4730343.591794203),1969.11,5494.67,9176.27,13953.58,19485.17,1794.68,5494.36,9141.35,14080.58,19617.98
006f100000a86FZAAY,1007497,Rwanda,Rwanda - Murehe - 1007497,Complete,In Service,7/13/23,Southern Province,Nyamagabe,Musange,Masizi,Murehe,Muhura,Rwanda Full Scale Research - Randomized but Not Baselined,,Project Assessment - 2018.9.5,-2.265518,29.585978,,http://www.worldpop.org.uk/data/summary?doi=10.5258/SOTON/WP00539,4208.0,25093.0,Murehe,675.0,Bwama,470.0,Rwanganko,678.0,Rwina,560.0,,0.0,,,9/4/18,,,,,,,,,POINT (453951.26849699416 4749509.151191365),1132.54,2601.6,4230.6,7297.04,11155.3,1169.28,2684.07,4364.96,7417.21,11497.79
006f100000a86FaAAI,1007498,Rwanda,Rwanda - Gasagara - 1007498,Rejected,Vehicular Bridge Required,11/29/18,Southern Province,Nyamagabe,Musange,Masangano,Gasagara,Nyakabingo,,,Project Assessment - 2018.9.4,-2.286972,29.607523,,http://www.worldpop.org.uk/data/summary?doi=10.5258/SOTON/WP00539,4387.0,25971.0,,0.0,,0.0,,0.0,,0.0,,0.0,,,9/4/18,,,,,,,,,POINT (456348.25011535984 4747137.701189877),1417.25,3060.31,4783.06,7040.7,9680.93,1524.52,3135.37,4906.44,7214.64,9977.28
006f100000a86FbAAI,1007499,Rwanda,Rwanda - Kibiraro - 1007499,Complete,In Service,6/24/22,Southern Province,Nyamagabe,Kaduha,Murambi,Kibiraro,Kibande,Rwanda Full Scale Research - Randomized and Baselined - Intervention,,Project Assessment - 2018.8.25,-2.294523,29.55516,,http://www.worldpop.org.uk/data/summary?doi=10.5258/SOTON/WP00539,3350.0,21311.0,Kibiraro,579.0,Cyabagomba,564.0,Kinzira,720.0,Rebero,629.0,,0.0,,,8/25/18,,,,,,,,,POINT (450524.5247338416 4746301.101484289),757.79,2001.16,3681.24,5967.71,8940.48,783.96,2119.37,3809.79,5989.69,9006.24
006f100000a86FcAAI,1007500,Rwanda,Rwanda - Kasemanyana - 1007500,Rejected,Technical,11/13/18,Southern Province,Nyamagabe,Kaduha,Murambi,Kasemanyana,,,,Project Assessment - 2018.8.25,-2.312785,29.559739,,http://www.worldpop.org.uk/data/summary?doi=10.5258/SOTON/WP00539,2927.0,21601.0,Kasemanyana,755.0,Nyaruryango,724.0,Kivumu,520.0,Rebero,629.0,,0.0,,,8/25/18,,,,,,,,,POINT (451034.4387053671 4744282.06090882),867.93,1635.48,3036.34,5139.21,8503.59,848.45,1602.07,3021.46,5172.56,8449.03
006f100000a86FeAAI,1007502,Rwanda,Rwanda - Rusave - 1007502,Rejected,Technical,11/30/18,Southern Province,Nyamagabe,Mushubi,Cyobe,Rusave,,,,Project Assessment - 2018.8.17,-2.321754,29.44854,0.0,http://www.worldpop.org.uk/data/summary?doi=10.5258/SOTON/WP00539,5180.0,32903.0,,0.0,,0.0,,0.0,,0.0,,0.0,,,8/17/18,,,,,,,,,POINT (438666.99474841246 4743286.037502641),1255.99,2465.48,4788.66,7640.73,11044.88,1261.05,2527.22,4883.68,7872.08,11437.46
006f100000a86FfAAI,1007503,Rwanda,Rwanda - Rwumba - 1007503,Rejected,Vehicular Bridge Required,12/12/18,Southern Province,Nyamagabe,Cyobe,Nyarushike,Rwumba,Rwumba,,,Project Assessment - 2018.12.12,-2.32834,29.44182,,http://www.worldpop.org.uk/data/summary?doi=10.5258/SOTON/WP00539,6076.0,35436.0,,0.0,,0.0,,0.0,,0.0,,0.0,,,12/12/18,,,,,,,,,POINT (437919.86516251776 4742557.528225469),1605.56,3456.18,6075.78,9242.76,11708.85,1604.17,3495.32,6233.32,9424.77,11968.15
006f100000a86FhAAI,1007505,Rwanda,Rwanda - Gitega - 1007505,Rejected,Technical,12/2/18,Southern Province,Nyamagabe,Musange-Cyabakamyi,Kadaho,Gitega,Mwogo,,,Project Assessment - 2018.9.4,-2.280226,29.603769,,http://www.worldpop.org.uk/data/summary?doi=10.5258/SOTON/WP00539,4462.0,26141.0,,0.0,,0.0,,0.0,,0.0,,0.0,,,9/4/18,,,,,,,,,POINT (455930.5136704675 4747883.475772957),1150.04,2964.01,4971.69,7027.39,9668.41,1253.25,3054.92,5001.89,7218.08,9861.45
006f100000a86FjAAI,1007507,Rwanda,Rwanda - Nyakabuye - Mwogo - 1007507,Complete,In Service,10/6/20,Southern Province,Nyamagabe,Musange-Kabagari,Gasave,Nyakabuye - Mwogo,Mwogo,,,Project Assessment - 2018.9.5,-2.2333694,29.575727,,http://www.worldpop.org.uk/data/summary?doi=10.5258/SOTON/WP00539,3622.0,25566.0,Nyakabuye,587.0,Kabingo,558.0,Gasura,550.0,Nyabivume,465.0,Murambi,565.0,,,9/4/18,,,,,,,,,POINT (452810.068638566 4753063.426946694),676.05,2569.34,4349.16,6584.89,9831.24,703.04,2594.6,4371.38,6658.69,9981.17
006f100000d6kr9AAA,1012801,Rwanda,Rwanda - Buhoro - 1012801,Rejected,Technical,11/15/18,Southern Province,Nyamagabe,Buruhukiro,Buhoro,Buhoro,,,,Project Assessment - 2018.8.17,-2.4418,29.44929833,,http://www.worldpop.org.uk/data/summary?doi=10.5258/SOTON/WP00539,5944.0,36410.0,Buhoro,350.0,Giharayumbu,520.0,Gakangaga,180.0,Gihumo,100.0,,0.0,,,8/17/18,,,,,,,,,POINT (438756.6403875869 4730012.552909031),1082.77,2609.89,4501.1,8339.82,13111.82,1113.35,2639.43,4550.36,8236.95,13200.12
006f100000d6krEAAQ,1012802,Rwanda,Rwanda - Gakangaga - 1012802,Rejected,Technical,11/16/18,Southern Province,Nyamagabe,Buruhukiro,Byimana,Gakangaga,,,,Project Assessment - 2018.8.17,-2.43705833,29.44304667,,http://www.worldpop.org.uk/data/summary?doi=10.5258/SOTON/WP00539,5617.0,35928.0,Gakangaga,450.0,Giharayumbu,650.0,,0.0,,0.0,,0.0,,,8/17/18,,,,,,,,,POINT (438061.1564732709 4730536.555254481),1096.59,2741.18,5898.62,8455.44,12135.78,1060.52,2691.46,5891.1,8512.71,12298.72
006f100000d6krJAAQ,1012803,Rwanda,Rwanda - Bishyiga - 1012803,Rejected,Technical,11/14/18,Southern Province,Nyamagabe,Buruhukioro,Bishyiga,Bishyiga,,,,Project Assessment - 2018.8.17,-2.42353667,29.46039667,,http://www.worldpop.org.uk/data/summary?doi=10.5258/SOTON/WP00539,5036.0,34658.0,Bishgiga,460.0,Nyarubande,590.0,,0.0,,0.0,,0.0,,,8/17/18,,,,,,,,,POINT (439990.1130126143 4732032.4321718635),1265.84,2861.11,5050.58,7514.37,10661.41,1288.53,2982.28,5150.98,7701.44,10788.02
006f100000d6krYAAQ,1012805,Rwanda,Rwanda - Nkamba - 1012805,Rejected,Technical,11/13/18,Southern Province,Nyamagabe,Buruhukiro,Rambya,Nkamba,,,,Project Assessment - 2018.8.17,-2.42504833,29.42907333,,http://www.worldpop.org.uk/data/summary?doi=10.5258/SOTON/WP00539,6313.0,33479.0,Nkamba,450.0,Nganzo,540.0,Buruhukiro,400.0,,0.0,,0.0,,,8/17/18,,,,,,,,,POINT (436506.5674688421 4731863.859208283),1873.48,3600.11,6533.71,9621.14,12579.43,1878.85,3556.76,6607.72,9745.93,12644.65
006f100000d6krdAAA,1012806,Rwanda,Rwanda - Uwinzovu - 1012806,Rejected,Social,12/31/18,Southern Province,Nyamagabe,Buruhukiro,Munini,Uwinzovu,Rukarara,Rwanda Full Scale Research - Randomized and Lost,,Project Assessment - 2018.8.17,-2.43816,29.39109667,,http://www.worldpop.org.uk/data/summary?doi=10.5258/SOTON/WP00539,1810.0,14030.0,Uwinzovu,600.0,Tantamara,580.0,,0.0,,0.0,,0.0,,,8/17/18,,,,,,,,,POINT (432283.63721834274 4730412.242388481),895.63,2050.31,3091.99,4236.26,5858.99,882.16,1977.5,3099.87,4266.21,5922.58
006f100000d6kx0AAA,1012816,Rwanda,Rwanda - Rurongora - 1012816,Complete,In Service,11/12/21,Southern Province,Nyamagabe,Musebeya-kaduha,Nyarurambi,Rurongora,Rurongora,Rwanda Full Scale Research - Randomized and Baselined - Intervention,,Project Assessment - 2018.8.17,-2.34152,29.466329,,http://www.worldpop.org.uk/data/summary?doi=10.5258/SOTON/WP00539,4632.0,27010.0,Gatiti,680.0,Nganzo,700.0,Nyagisumo,582.0,,0.0,,0.0,,,8/17/18,,,,,,,,,POINT (440646.36177643674 4741101.272514354),1138.11,2473.97,4104.31,6820.41,10014.24,1162.46,2508.28,4159.62,7007.82,10142.85
006f100000d6kxFAAQ,1012817,Rwanda,Rwanda - Gitikirema-kigarama - 1012817,Complete,In Service,3/12/20,Southern Province,Nyamagabe,Mushubi,Cyobe,Gitikirema-kigarama,Mbirurume,Rwanda Full Scale Research - Randomized and Lost,,Project Assessment - 2018.8.17,-2.304674,29.472585,,http://www.worldpop.org.uk/data/summary?doi=10.5258/SOTON/WP00539,3890.0,23272.0,Nyarusazi,800.0,Giticyirema,530.0,Nyakirambi,450.0,Cyobe,540.0,Gaseka,485.0,,,8/17/18,,,,,,,,,POINT (441340.6390956305 4745175.588509375),1376.02,2827.84,4024.3,5683.03,7392.75,1381.53,2844.22,4105.1,5789.58,7491.8
006f100000d6kxKAAQ,1012818,Rwanda,Rwanda - Cyori - 1012818,Rejected,Technical,11/5/18,Southern Province,Nyamagabe,Mushubi,Gashwati,Cyori,,,,Project Assessment - 2018.8.17,-2.31818,29.425777,,http://www.worldpop.org.uk/data/summary?doi=10.5258/SOTON/WP00539,6815.0,35228.0,Bweramana,600.0,Rusoyo,520.0,Gitandara,610.0,Muyange,650.0,,0.0,,,8/17/18,,,,,,,,,POINT (436135.06570865767 4743680.209288804),1342.35,2992.16,5562.11,8309.56,11939.1,1394.39,3050.9,5652.89,8465.0,12276.71
006f100000d6kxPAAQ,1012819,Rwanda,Rwanda - Rugano-gatare - 1012819,Rejected,Technical,11/16/18,Southern Province,Nyamagabe,Musebeya,Rugano,Rugano-gatare,,,,Project Assessment - 2018.8.17,-2.367013,29.437399,,http://www.worldpop.org.uk/data/summary?doi=10.5258/SOTON/WP00539,6902.0,38450.0,Busanza,424.0,Rugano,412.0,Ruganda,650.0,Bugarama,496.0,,0.0,,,8/17/18,,,,,,,,,POINT (437429.8708725436 4738281.242607546),1646.16,3437.44,5415.65,8809.3,12015.66,1657.47,3665.86,5695.14,9074.48,12379.23
006f100000d6kxeAAA,1012820,Rwanda,Rwanda - Nyagisumo - 1012820,Complete,In Service,7/14/23,Southern Province,Nyamagabe,Mushubi,Cyobe,Nyagisumo,Rurongora,Rwanda Full Scale Research - Randomized but Not Baselined,,Project Assessment - 2018.8.17,-2.332691,29.466929,,http://www.worldpop.org.uk/data/summary?doi=10.5258/SOTON/WP00539,4512.0,26209.0,Nyagisumo,530.0,Gaseke,542.0,Gatoki,500.0,Nganzo,700.0,,0.0,,,8/17/18,,,,,,,,,POINT (440712.7239141369 4742077.519245764),1075.12,2282.92,4114.98,7266.16,10637.64,1083.6,2344.23,4227.61,7405.03,10796.25
006f100000d6wHvAAI,1012978,Rwanda,Rwanda - Nyiraruganza( Gakereko) - 1012978,Rejected,Technical,11/11/18,Southern Province,Nyamagabe,Musebeya,Runege,Nyiraruganza( Gakereko),,,,Project Assessment - 2018.8.25,-2.427205,29.475815,,http://www.worldpop.org.uk/data/summary?doi=10.5258/SOTON/WP00539,5517.0,31684.0,Ruganza,315.0,Rukaranka,479.0,Gakereko,568.0,Bigugu,512.0,Ndogondwe,519.0,,,8/25/18,,,,,,,,,POINT (441705.00838998647 4731627.498627858),1301.68,2962.08,5296.47,7465.06,10133.97,1292.22,3042.29,5318.61,7607.36,10298.71
006f100000d6wI0AAI,1012979,Rwanda,Rwanda - Rwangambibi(Runege) - 1012979,Rejected,Technical,9/12/18,Southern Province,Nyamagabe,Musebeya,Runege,Rwangambibi(Runege),,,,Project Assessment - 2018.8.25,-2.422048,29.465853,,http://www.worldpop.org.uk/data/summary?doi=10.5258/SOTON/WP00539,4817.0,33475.0,Gakereko,568.0,Ndogondwe,519.0,Bigugu,512.0,Ruganza,315.0,Rukaranka,479.0,,,8/25/18,,,,,,,,,POINT (440596.87039972685 4732197.274895855),1328.98,2464.65,4617.19,7867.0,10651.82,1367.22,2616.53,4711.19,7966.96,10835.53
006f100000d6wI5AAI,1012980,Rwanda,Rwanda - Kabavu(ruhanga) - 1012980,Complete,In Service,4/17/23,Southern Province,Nyamagabe,Gatare,Shyeru,Kabavu(ruhanga),Kabavu,Rwanda Full Scale Research - Randomized but Not Baselined,,Project Assessment - 2018.8.25,-2.346276,29.420032,,http://www.worldpop.org.uk/data/summary?doi=10.5258/SOTON/WP00539,7612.0,38578.0,Gishenge,374.0,Kibuga,426.0,Ruhanga,600.0,Bimba,610.0,,0.0,,,8/25/18,,,,,,,,,POINT (435497.3662010771 4740573.353418691),1819.94,3502.92,6254.72,9808.13,14724.69,1854.94,3617.16,6411.89,9959.56,14997.75
006f100000d6wIAAAY,1012981,Rwanda,Rwanda - Nyamugari(kibiraro) - 1012981,Rejected,Technical,11/14/18,Southern Province,Nyamagabe,Kaduha,Murambi,Nyamugari(kibiraro),,,,Project Assessment - 2018.8.25,-2.295722,29.551741,,http://www.worldpop.org.uk/data/summary?doi=10.5258/SOTON/WP00539,3360.0,21210.0,Kibiraro,579.0,Nyaruryango,724.0,Runyinya,574.0,Mugaragara,725.0,,0.0,,,8/25/18,,,,,,,,,POINT (450144.2944870425 4746168.41131925),900.47,1866.35,3449.0,5252.7,8366.41,935.68,1910.65,3588.27,5386.14,8310.47
006f100000d6wIFAAY,1012982,Rwanda,Rwanda - Rugazi(rukeri) - 1012982,Rejected,Technical,11/5/18,Southern Province,Nyamagabe,Musebeya,Sekera,Rugazi(rukeri),,,,Project Assessment - 2018.8.25,-2.395584,29.487653,,http://www.worldpop.org.uk/data/summary?doi=10.5258/SOTON/WP00539,3883.0,21568.0,Rugazi,700.0,Rukeri,417.0,Mugano,450.0,Nkomero,650.0,,0.0,,,8/25/18,,,,,,,,,POINT (443020.2410350755 4735124.324885881),1461.99,2682.34,4878.81,5777.4,7009.13,1481.19,2742.77,4925.47,5864.12,7139.05
006f100000d6wIKAAY,1012983,Rwanda,Rwanda - Bishenge (Masuma) - 1012983,Complete,In Service,7/7/23,Southern Province,Nyamagabe,Nkomane,Mutengeli,Bishenge (Masuma),Gasumo,Rwanda Full Scale Research - Randomized and Baselined - Intervention,,Project Assessment - 2018.8.25,-2.345908,29.409702,,http://www.worldpop.org.uk/data/summary?doi=10.5258/SOTON/WP00539,7251.0,34864.0,Gishenge,374.0,Gakomeye,278.0,Kibuga,426.0,Ruhinga,748.0,"Tubuye, mutengeli",992.0,,,8/25/18,,,,,,,,,POINT (434348.4310726804 4740613.563169351),1694.31,3533.78,7098.0,10249.96,13926.01,1701.32,3589.93,7138.93,10568.99,14210.91
006f100000d6wIUAAY,1012984,Rwanda,Rwanda - Rusoyo - 1012984,Identified,Requested,12/31/18,Southern Province,Nyamagabe,Nkomane,Musaraba,Rusoyo,,Rwanda Full Scale Research - Randomized but Not Baselined,,Project Assessment - 2018.8.25,-2.276669,29.411297,,http://www.worldpop.org.uk/data/summary?doi=10.5258/SOTON/WP00539,5366.0,35003.0,Musaraba,1020.0,Rangi,630.0,Gihundwe,635.0,Rusoyo,323.0,"Kavumu,rugogwe",1350.0,,,8/25/18,,,,,,,,,POINT (434522.65708291816 4748269.455109432),448.18,1995.19,3748.81,5717.48,9109.29,451.5,2049.87,3873.63,5900.02,9285.68
006f100000d6wJ8AAI,1012985,Rwanda,Rwanda - Nyirarukeri (bitaba) - 1012985,Rejected,Technical,11/12/18,Southern Province,Nyamagabe,Musebeya-buruhukiro,Runege,Nyirarukeri (bitaba),,,,Project Assessment - 2018.8.25,-2.433943,29.46317,,http://www.worldpop.org.uk/data/summary?doi=10.5258/SOTON/WP00539,6031.0,34722.0,Bitaba,540.0,Gacundura,668.0,Rukaranka,479.0,Ndogondwe,519.0,"Bishyiga, rukeri",1374.0,,,8/25/18,,,,,,,,,POINT (440299.00407410256 4730881.925945406),1571.61,3117.96,4703.6,8493.97,11447.76,1582.15,3143.68,4758.63,8607.8,11607.92
006f100000d6wNZAAY,1012992,Rwanda,Rwanda - Minaga-Mujerenge - 1012992,Rejected,Technical,11/14/18,Southern Province,Nyamagabe,Buruhukiro,Kizimyamuriro,Minaga-Mujerenge,,,,Project Assessment - 2018.8.26,-2.45957,29.42245333,,http://www.worldpop.org.uk/data/summary?doi=10.5258/SOTON/WP00539,4411.0,27606.0,Mujerenge,1065.0,Minaga,977.0,Kinaba,999.0,Uwinzira,679.0,Gishwati,1070.0,,,8/25/18,,,,,,,,,POINT (435771.9642190377 4728046.45592004),1537.3,3319.84,5897.39,10283.63,14870.85,1536.53,3355.12,6050.77,10457.63,15170.36
006f100000d6wNeAAI,1012993,Rwanda,Rwanda - Kinaba-Subukiniro - 1012993,Rejected,Technical,11/12/18,Southern Province,Nyamagabe,Buruhukiro,Kizimyamuriro,Kinaba-Subukiniro,,,,Project Assessment - 2018.8.26,-2.48689,29.416145,,http://www.worldpop.org.uk/data/summary?doi=10.5258/SOTON/WP00539,3715.0,22802.0,Kinaba,999.0,Subukiniro,964.0,Uwinzira,679.0,Kagano,790.0,Gishwati,1070.0,,,8/25/18,,,,,,,,,POINT (435071.7291593239 4725025.349851722),1054.58,2980.78,5191.7,8558.98,11515.35,1089.61,3012.23,5280.52,8738.86,11767.59
006f100000d6wNjAAI,1012994,Rwanda,Rwanda - Karambo-Twiya 1 - 1012994,Rejected,Technical,11/13/18,Southern Province,Nyamagabe,Gatare,Bakopfu,Karambo-Twiya 1,,,,Project Assessment - 2018.8.26,-2.37318833,29.42095333,,http://www.worldpop.org.uk/data/summary?doi=10.5258/SOTON/WP00539,8016.0,38542.0,Karambo,875.0,Muhingo,890.0,Twiya,589.0,Rwangambibi,674.0,Runaba,579.0,,,8/25/18,,,,,,,,,POINT (435601.07606031216 4737597.678908571),1570.79,3310.4,5785.3,9540.24,13126.05,1628.62,3367.38,5892.06,9718.61,13563.34
006f100000d6wNoAAI,1012995,Rwanda,Rwanda - Karambo-Twiya 2 - 1012995,Rejected,Technical,11/13/18,Southern Province,Nyamagabe,Gatare,Bakopfu,Karambo-Twiya 2,,,,Project Assessment - 2018.8.26,-2.37023167,29.42249833,,http://www.worldpop.org.uk/data/summary?doi=10.5258/SOTON/WP00539,8019.0,39191.0,Karambo,875.0,Muhingo,890.0,Rwangambibi,674.0,Runaba,519.0,Twiya,589.0,,,8/25/18,,,,,,,,,POINT (435772.77337961295 4737924.670851926),1792.81,3537.78,5897.51,9322.71,13345.64,1783.48,3649.45,6060.76,9503.08,13685.38
006f100000d6wNtAAI,1012996,Rwanda,Rwanda - Karambo-Gituntu - 1012996,Rejected,Technical,11/13/18,Southern Province,Nyamagabe,Gatare,Bakopfu-Ruganda,Karambo-Gituntu,,,,Project Assessment - 2018.8.26,-2.368775,29.42337667,,http://www.worldpop.org.uk/data/summary?doi=10.5258/SOTON/WP00539,7953.0,39342.0,Karambo,875.0,Twiya,589.0,Gituntu,497.0,Runaba,519.0,Rwangambibi,674.0,,,8/25/18,,,,,,,,,POINT (435870.394830867 4738085.776614535),1854.34,3618.63,5830.1,9354.71,13427.28,1887.96,3705.86,5963.51,9573.64,13763.53
006f100000d6wNyAAI,1012997,Rwanda,Rwanda - Uwumugeti-Kigusa - 1012997,Complete,In Service,9/22/20,Southern Province,Nyamagabe,Tare,Nkumbure-Gatovu,Uwumugeti-Kigusa,Nyirankumbure,Rwanda Full Scale Research - Randomized and Baselined - Intervention,Catchment Survey Program,Project Assessment - 2018.8.26,-2.540715,29.503838,,http://www.worldpop.org.uk/data/summary?doi=10.5258/SOTON/WP00539,5685.0,35035.0,Uwumugeti,456.0,Biraro,728.0,Gasenge,612.0,Kigusa,754.0,Rukereko,212.0,,,8/25/18,,,,,,,,,POINT (444826.2572695148 4719077.93423438),1295.61,3293.04,5860.74,8859.54,12193.26,1377.03,3399.55,5963.64,8973.7,12342.08
006f100000d6wO3AAI,1012998,Rwanda,Rwanda - Gasenge-Mubezi - 1012998,Rejected,Technical,11/12/18,Southern Province,Nyamagabe,Tare,Nkumbure-Gatovu,Gasenge-Mubezi,,,,Project Assessment - 2018.8.26,-2.52520667,29.50410667,,http://www.worldpop.org.uk/data/summary?doi=10.5258/SOTON/WP00539,6302.0,36497.0,Gasenge,612.0,Mubezi,522.0,Ryarubondo,980.0,Kigusa,754.0,Mujuga,587.0,,,8/25/18,,,,,,,,,POINT (444855.4785019027 4720792.694610946),1473.94,3444.79,6638.93,11421.75,16752.71,1491.34,3504.44,6788.16,11601.91,17084.98
006f100000d6wO8AAI,1012999,Rwanda,Rwanda - Baziro-Gishenge - 1012999,Rejected,Technical,11/13/18,Southern Province,Nyamagabe,Gatare,Shyeru-Twiya,Baziro-Gishenge,,,,Project Assessment - 2018.8.26,-2.34743667,29.4097,,http://www.worldpop.org.uk/data/summary?doi=10.5258/SOTON/WP00539,7177.0,35003.0,Baziro,980.0,Gishenge,409.0,Mutengeri,417.0,Kivumu,324.0,Ruhanga,614.0,,,8/25/18,,,,,,,,,POINT (434348.27993593336 4740444.536554275),1686.12,3476.4,7116.08,10147.7,13793.76,1671.82,3597.66,7139.25,10293.79,14005.74
006f100000d6wODAAY,1013000,Rwanda,Rwanda - Baziro-Kivumu - 1013000,Rejected,Technical,11/14/18,Southern Province,Nyamagabe,Gatare,Shyeru-Mutengeri,Baziro-Kivumu,,,,Project Assessment - 2018.8.26,-2.35571333,29.4072,,http://www.worldpop.org.uk/data/summary?doi=10.5258/SOTON/WP00539,6223.0,34396.0,Baziro,980.0,Mutengeri,417.0,Kivumu,324.0,Ruhanga,614.0,Kagusa,393.0,,,8/25/18,,,,,,,,,POINT (434070.61464462004 4739529.2601829115),1608.18,3687.87,6235.34,8880.65,12583.63,1617.69,3748.26,6445.93,8962.13,12749.82
006f100000d6wOIAAY,1013001,Rwanda,Rwanda - Murembo-Kiyovu - 1013001,Rejected,Technical,11/13/18,Southern Province,Nyamagabe,Gatare,Gatare,Murembo-Kiyovu,,,,Project Assessment - 2018.8.26,-2.373135,29.40052667,,http://www.worldpop.org.uk/data/summary?doi=10.5258/SOTON/WP00539,4553.0,30643.0,Murembo,441.0,Kiyovu,1046.0,Muhingo,848.0,Twiya,716.0,Karambo,873.0,,,8/25/18,,,,,,,,,POINT (433329.2319913025 4737602.608142714),575.77,2158.93,4316.14,7658.53,11719.97,620.94,2207.0,4460.7,7831.57,11977.2
006f100000d75ucAAA,1013214,Rwanda,Rwanda - Kigusa - 1013214,Under Construction,,5/2/25,Southern Province,Nyamagabe,Tare,Gatovu-Buhoro,Kigusa,Gishongo,Rwanda Full Scale Research - Randomized but Not Baselined,,Project Assessment - 2018.9.1,-2.55117833,29.51450333,,http://www.worldpop.org.uk/data/summary?doi=10.5258/SOTON/WP00539,4121.0,31799.0,Kigusa,754.0,Ryarubondo,980.0,Gasenge,620.0,Biraro,728.0,Ruziba,368.0,,,9/1/18,,,,,,,,,POINT (446012.7175742629 4717921.460629026),707.72,1822.71,4181.33,7617.84,11778.2,719.29,1842.87,4440.32,7775.08,12042.12
006f100000d75uhAAA,1013215,Rwanda,Rwanda - Kanserege - 1013215,Complete,In Service,11/27/21,Southern Province,Nyamagabe,Tare,Gatovu-Buhoro,Kanserege,Gishongo,Rwanda Full Scale Research - Randomized and Lost,,Project Assessment - 2018.9.1,-2.5265,29.510023,,http://www.worldpop.org.uk/data/summary?doi=10.5258/SOTON/WP00539,5646.0,35485.0,Kanserege,640.0,Gasenge,620.0,Mubezi,522.0,Ryarubondo,980.0,Rwufe,530.0,,,9/1/18,,,,,,,,,POINT (445513.45859079383 4720649.941246818),1273.01,3352.0,6157.85,9472.96,13868.41,1294.04,3423.39,6230.06,9684.64,14209.91
006f100000d75urAAA,1013216,Rwanda,Rwanda - Kirwa - 1013216,Rejected,Technical,11/13/18,Southern Province,Nyamagabe,Tare,Buhoro(Kirwa-Gitovu),Kirwa,Nyakabingo,,,Project Assessment - 2018.9.1,-2.53163167,29.53586,,http://www.worldpop.org.uk/data/summary?doi=10.5258/SOTON/WP00539,4488.0,29918.0,Kirwa,567.0,Gitovu,865.0,Ryarubondo,870.0,Kanserege,550.0,Ntaruka,986.0,,,9/1/18,,,,,,,,,POINT (448386.8585498926 4720083.592115332),808.66,1700.19,3737.98,6225.12,8534.53,829.19,1740.74,3882.55,6341.31,8659.65
006f100000d75uwAAA,1013217,Rwanda,Rwanda - Gasenge - 1013217,Rejected,Technical,11/15/18,Southern Province,Nyamagabe,Tare,Gatovu-Buhoro,Gasenge,Gishongo,,,Project Assessment - 2018.9.1,-2.53568,29.5136,,http://www.worldpop.org.uk/data/summary?doi=10.5258/SOTON/WP00539,4894.0,33779.0,Gasenge,620.0,Ruziba,368.0,Muhati,521.0,Kigusa,754.0,Ryarubondo,980.0,,,9/1/18,,,,,,,,,POINT (445911.6191741095 4719635.063755185),1598.56,2800.45,4697.47,7595.32,11562.46,1613.06,2826.14,4750.51,7832.66,11786.36
006f100000d75v6AAA,1013218,Rwanda,Rwanda - Rweru - 1013218,Complete,In Service,3/6/20,Southern Province,Nyamagabe,Kamegeri,Kamegeri-Rususa,Rweru,Mwogo,Rwanda Full Scale Research - Randomized and Lost,,Project Assessment - 2018.9.1,-2.52565,29.568185,,http://www.worldpop.org.uk/data/summary?doi=10.5258/SOTON/WP00539,5881.0,34152.0,Rweru,547.0,Kigarama(Rususa),582.0,Baro,749.0,Gitwa,381.0,Bahina,411.0,,,9/1/18,,,,,,,,,POINT (451981.30330383737 4720746.218038736),2688.94,4579.21,6859.87,9193.88,11759.86,2644.42,4760.88,7145.79,9591.38,12131.35
006f100000d75vBAAQ,1013219,Rwanda,Rwanda - Kigarama - 1013219,Rejected,Technical,11/10/18,Southern Province,Nyamagabe,Kamegeri,Kirehe,Kigarama,Kigwa,,,Project Assessment - 2018.9.1,-2.500105,29.56810167,,http://www.worldpop.org.uk/data/summary?doi=10.5258/SOTON/WP00539,6204.0,48663.0,Kigarama,760.0,Gasharu,678.0,Kamiro,426.0,Ryanyirataba,531.0,Gitantu,499.0,,,9/1/18,,,,,,,,,POINT (451971.1031647566 4723570.6873697555),1573.94,3590.35,6827.64,12512.72,21675.8,1700.75,3797.13,7031.09,12491.58,21478.05
006f100000d75z5AAA,1013220,Rwanda,Rwanda - Ntaruka - 1013220,Complete,In Service,7/13/23,Southern Province,Nyamagabe,Tare-Kamegeri,Buhoro-Kamegeri,Ntaruka,Nyabwoma,Rwanda Full Scale Research - Randomized but Not Baselined,,Project Assessment - 2018.9.2,-2.52459333,29.54972333,,http://www.worldpop.org.uk/data/summary?doi=10.5258/SOTON/WP00539,5030.0,31754.0,Ntaruka,986.0,Nyabwoma,560.0,Rususa,700.0,Kizi,800.0,Kamiro,850.0,,,9/2/18,,,,,,,,,POINT (449928.2464902488 4720862.356348545),823.23,2321.75,4254.1,6507.15,9416.21,860.05,2359.75,4348.48,6549.39,9619.24
006f100000d75zAAAQ,1013221,Rwanda,Rwanda - Ryanyirataba - 1013221,Rejected,Technical,11/10/18,Southern Province,Nyamagabe,Kamegeri,Kirehe-Kamegeri,Ryanyirataba,Rukorantambara,,,Project Assessment - 2018.9.2,-2.50142333,29.55574,,http://www.worldpop.org.uk/data/summary?doi=10.5258/SOTON/WP00539,5002.0,45233.0,Ryanyirataba,531.0,Kinyovu,926.0,Gasharu,678.0,Gasaka,590.0,Kamiro,426.0,,,9/2/18,,,,,,,,,POINT (450596.4559401668 4723424.462876847),1260.79,3110.97,5664.17,10544.63,16047.08,1268.69,3251.0,5607.23,10683.87,16444.05
006f100000d75zPAAQ,1013224,Rwanda,Rwanda - Kinyovu - 1013224,Rejected,Technical,11/10/18,Southern Province,Nyamagabe,Kamegeri,Kamegeri,Kinyovu,Cyarugaba,,,Project Assessment - 2018.9.2,-2.50159333,29.54305167,,http://www.worldpop.org.uk/data/summary?doi=10.5258/SOTON/WP00539,4730.0,40020.0,Kinyovu,925.0,Sovu,671.0,Ryanyirataba,531.0,Gasharu,678.0,Nyentanga,412.0,,,9/2/18,,,,,,,,,POINT (449185.4382762111 4723405.181839112),703.13,2442.55,5625.43,12646.16,20402.48,689.46,2475.07,5486.7,12493.22,20627.67
006f100000d75zUAAQ,1013225,Rwanda,Rwanda - Sovu - 1013225,Complete,In Service,11/8/21,Southern Province,Nyamagabe,Kamegeri,Kamegeri-Nyamigina,Sovu,Nyabwoma,Rwanda Full Scale Research - Randomized and Baselined - Intervention,,Project Assessment - 2018.9.2,-2.51053167,29.53582167,,http://www.worldpop.org.uk/data/summary?doi=10.5258/SOTON/WP00539,4140.0,35770.0,Sovu,526.0,Maryohe,630.0,Kinyovu,925.0,Ryanyirataba,531.0,Ntaruka,928.0,,,9/2/18,,,,,,,,,POINT (448381.7646928858 4722416.596603409),607.34,1437.22,4136.12,7421.36,15035.13,611.26,1434.17,4064.84,7451.95,14607.49
006f100000d75zZAAQ,1013226,Rwanda,Rwanda - Kagarama - 1013226,Identified,Requested,6/2/23,Southern Province,Nyamagabe,Kamegeri,Kizi-Gasumba,Kagarama,Mwogo,Rwanda Full Scale Research - Randomized and Baselined - Long Term Control,,Project Assessment - 2018.9.2,-2.52151722,29.5878311,,http://www.worldpop.org.uk/data/summary?doi=10.5258/SOTON/WP00539,8008.0,42222.0,Kagarama,416.0,Kinyana,746.0,Gitwa,1020.0,Kinombe,825.0,Nyarusiza,702.0,,,9/2/18,,,,,,,,,POINT (454165.8831002552 4721203.8813304175),1354.14,4595.18,8125.93,12442.64,17252.55,1349.0,4796.64,8354.71,12881.0,17706.45
006f100000d75zyAAA,1013231,Rwanda,Rwanda - Gitantu - 1013231,Complete,In Service,7/18/23,Southern Province,Nyamagabe,Kamegeri,Nzega-Bwama,Gitantu,Kavure,Rwanda Full Scale Research - Randomized but Not Baselined,,Project Assessment - 2018.9.2,2.495585,29.58301667,,http://www.worldpop.org.uk/data/summary?doi=10.5258/SOTON/WP00539,8069.0,51240.0,Gitantu,896.0,Kigarama(Bwama),760.0,Ryanyirataba,531.0,Gasharu,678.0,Kamiro,426.0,,,9/2/18,,,,,,,,,POINT (453629.58478900103 5275929.008092774),,,,,,,,,,
006f100000d78NrAAI,1013280,Rwanda,Rwanda - Mukinyogo - 1013280,Rejected,Vehicular Bridge Required,11/30/18,Southern Province,Nyamagabe,Kaduha,Kivumu,Mukinyogo,Gisuma,,,Project Assessment - 2018.9.5,,,650.0,,,,Bamba,650.0,Karehe,0.0,Kavumu,0.0,Gataba,0.0,,0.0,,,9/4/18,,,,,,,,,POINT (Infinity Infinity),,,,,,,,,,
006f100000d78O6AAI,1013281,Rwanda,Rwanda - Cyeru - 1013281,Identified,,12/31/25,Southern Province,Nyamagabe,Kaduha,Nyabisindu,Cyeru,Munyazi,Rwanda Full Scale Research - Randomized but Not Baselined,,Project Assessment - 2018.9.4,-2.363741,29.544103,,http://www.worldpop.org.uk/data/summary?doi=10.5258/SOTON/WP00539,3722.0,21326.0,Kanege,455.0,Kabaziro,557.0,Kasemazi,630.0,Kirwa,580.0,,0.0,,,9/4/18,,,,,,,,,POINT (449297.2051469969 4738647.379573697),482.95,1474.35,2678.73,4467.03,7144.02,533.13,1522.43,2700.57,4487.73,7182.13
006f100000d78OBAAY,1013282,Rwanda,Rwanda - Gasagara - 1013282,Rejected,Technical,9/12/18,Southern Province,Nyamagabe,Musange,Masangano,Gasagara,Nyakabingo,,,Project Assessment - 2018.9.4,-2.28862,29.604975,,http://www.worldpop.org.uk/data/summary?doi=10.5258/SOTON/WP00539,4234.0,25508.0,Gasagara,792.0,Rutunu,503.0,Nyakabuye,456.0,Mubuga,605.0,,0.0,,,9/4/18,,,,,,,,,POINT (456064.90424097935 4746955.408026161),1680.13,2851.69,4617.23,6915.03,9763.71,1770.43,2964.98,4757.27,7086.32,10017.27
006f100000d78OGAAY,1013283,Rwanda,Rwanda - Gitega - 1013283,Rejected,Technical,11/11/18,Southern Province,Nyamagabe,Kaduha,Kavumu-Musenyi,Gitega,Shyito,,,Project Assessment - 2018.9.4,-2.335233,29.499042,,http://www.worldpop.org.uk/data/summary?doi=10.5258/SOTON/WP00539,2782.0,21047.0,Gitega,511.0,Burengo,764.0,Gashiru,540.0,Ruganda,630.0,,0.0,,,9/4/18,,,,,,,,,POINT (444284.4730604844 4741797.763908154),700.19,1965.33,3247.43,5230.17,8300.23,712.36,2020.65,3330.33,5349.02,8496.75
006f100000d78OQAAY,1013284,Rwanda,Rwanda - Bamba - 1013284,Rejected,Social,9/12/18,Southern Province,Nyamagabe,Kaduha,Kavumu,Bamba,Gisuma,,,Project Assessment - 2018.9.4,-2.337125,29.525828,,http://www.worldpop.org.uk/data/summary?doi=10.5258/SOTON/WP00539,4156.0,20220.0,Bamba,650.0,Karehe,450.0,Kavumu,640.0,Kabuga,598.0,,0.0,,,9/4/18,,,,,,,,,POINT (447263.6980901204 4741589.600621968),2125.29,3989.94,5642.31,7750.5,9076.86,2135.9,4061.33,5683.89,7783.07,9180.9
006f100000d78OVAAY,1013285,Rwanda,Rwanda - Nyakabingo - 1013285,Rejected,Technical,11/5/18,Southern Province,Nyamagabe,Kaduha,Nyamiyaga,Nyakabingo,Nyakabingo,,,Project Assessment - 2018.9.4,-2.37564,29.490052,,http://www.worldpop.org.uk/data/summary?doi=10.5258/SOTON/WP00539,2887.0,19191.0,Nyakabingo,480.0,Ruhuha,650.0,Cyugaro,550.0,Nkomero,490.0,,0.0,,,9/4/18,,,,,,,,,POINT (443286.23164552567 4737329.623197939),951.47,2068.58,3574.95,4970.42,6908.47,940.84,2140.14,3522.48,5092.4,7068.54
006f100000d78OaAAI,1013286,Rwanda,Rwanda - Nyamugari - 1013286,Rejected,Technical,11/12/18,Southern Province,Nyamagabe,Kaduha,Nyamiyaga,Nyamugari,Nyiracukwe,,,Project Assessment - 2018.9.4,-2.37027,29.484132,,http://www.worldpop.org.uk/data/summary?doi=10.5258/SOTON/WP00539,2960.0,20794.0,Nyakabingo,480.0,Ruhuha,650.0,Nkomero,490.0,Cyugaro,550.0,,0.0,,,9/4/18,,,,,,,,,POINT (442627.6008908034 4737923.137727186),929.12,1735.46,3338.39,5190.07,7314.79,943.54,1778.71,3431.16,5285.07,7481.75
006f100000d78OfAAI,1013287,Rwanda,Rwanda - Gafukuru - 1013287,Rejected,Technical,11/13/18,Southern Province,Nyamagabe,Kaduha,Kavumu,Gafukuru,Muhura,,,Project Assessment - 2018.9.4,-2.331309,29.535533,,http://www.worldpop.org.uk/data/summary?doi=10.5258/SOTON/WP00539,3850.0,20499.0,Bamba,650.0,Joma,540.0,Gitabage,600.0,Kamonyi,470.0,"Kirehe,kivumu",870.0,,,9/4/18,,,,,,,,,POINT (448342.87716295314 4742233.028769481),2768.95,4143.38,5059.33,6677.87,8894.05,2679.38,4128.72,5099.29,6742.77,9029.52
006f100000d78OpAAI,1013288,Rwanda,Rwanda - Cyamuhinda - 1013288,Rejected,Social,10/30/18,Southern Province,Nyamagabe,Musange,Masizi,Cyamuhinda,Muhura,,,Project Assessment - 2018.9.4,-2.290274,29.569592,,http://www.worldpop.org.uk/data/summary?doi=10.5258/SOTON/WP00539,3242.0,22329.0,Kabakannyi,1045.0,Kavumu,686.0,Cyabagomba,403.0,Masizi,500.0,,0.0,,,9/4/18,,,,,,,,,POINT (452129.5534332037 4746771.396313784),1474.95,3125.52,4611.02,6861.66,9733.49,1529.02,3182.07,4743.29,6992.63,9809.14
006f100000d78P4AAI,1013290,Rwanda,Rwanda - Kigarama - 1013290,Rejected,Technical,11/11/18,Southern Province,Nyamagabe,Mugano,Sovu,Kigarama,Nzavu,,,Project Assessment - 2018.9.4,-2.271943,29.514311,,http://www.worldpop.org.uk/data/summary?doi=10.5258/SOTON/WP00539,3050.0,19572.0,Ruhanga,1024.0,Kigarama,917.0,Cyabute,419.0,Rwamiko,513.0,,0.0,,,9/4/18,,,,,,,,,POINT (445980.3171481501 4748796.271635184),1372.44,2368.96,3521.38,5307.53,7391.52,1377.08,2410.09,3582.04,5428.05,7560.88
006f100000d7JCJAA2,1013413,Rwanda,Rwanda - Gatandaganya - 1013413,Rejected,Technical,11/5/18,Southern Province,Nyamagabe,Kibumbwe,Kibibi-Nyakiza,Gatandaganya,Kabogobogo,,,Project Assessment - 2018.9.12,-2.39137,29.52399167,,http://www.worldpop.org.uk/data/summary?doi=10.5258/SOTON/WP00539,3137.0,20179.0,Gatandaganya,580.0,Dusenyi,560.0,Zigati,476.0,Nkomero,520.0,,0.0,,,9/12/18,,,,,,,,,POINT (447061.5166684961 4735591.719613138),1098.08,3099.42,4291.6,5652.22,7579.02,1140.01,3148.68,4401.57,5721.54,7653.9
006f100000d7JCTAA2,1013414,Rwanda,Rwanda - Nyamirama - 1013414,Rejected,Technical,11/5/18,Southern Province,Nyamagabe,Kibumbwe,Bwenda-Kibibi(Nyamirama-Kirwa),Nyamirama,Rufuha,,,Project Assessment - 2018.9.12,-2.385695,29.54770167,,http://www.worldpop.org.uk/data/summary?doi=10.5258/SOTON/WP00539,3681.0,21976.0,Nyamirama,520.0,Kirwa,471.0,Murwa,524.0,Murambi,556.0,Ryingarura,433.0,,,9/12/18,,,,,,,,,POINT (449698.2352659936 4736220.087777301),945.72,2206.02,3979.54,6047.1,9074.43,1001.09,2338.11,3978.76,6112.36,9213.52
006f100000d7JCYAA2,1013415,Rwanda,Rwanda - Nyamifumba - 1013415,Rejected,Technical,11/5/18,Southern Province,Nyamagabe,Gasaka,Remera,Nyamifumba,Kinanira,,,Project Assessment - 2018.9.12,-2.46756167,29.55258167,,http://www.worldpop.org.uk/data/summary?doi=10.5258/SOTON/WP00539,6936.0,45006.0,Nyamifumba,762.0,Gitwa,941.0,Gitantu,935.0,Nyakibyeyi,756.0,Munombe,745.0,,,9/12/18,,,,,,,,,POINT (450243.9620681966 4727168.3828415135),1410.26,3462.78,9577.82,15802.48,25529.88,1428.46,3607.69,9817.21,16127.02,25393.01
006f100000d7JCdAAM,1013416,Rwanda,Rwanda - Butare - 1013416,Rejected,Technical,11/10/18,Southern Province,Nyamagabe,Mbazi,Ngara,Butare,Kingunzu,,,Project Assessment - 2018.9.12,-2.3796,29.6106633,,http://www.worldpop.org.uk/data/summary?doi=10.5258/SOTON/WP00539,4209.0,25278.0,Butare,678.0,Nyagishumbu,427.0,Ruseke,439.0,Gisiza,276.0,Gaseke,432.0,,,9/12/18,,,,,,,,,POINT (456700.35674346716 4736896.138754386),1802.73,3413.0,5153.87,9372.51,13499.5,1819.18,3499.47,5495.6,9452.47,13604.18
006f100000d7JCiAAM,1013417,Rwanda,Rwanda - Ruseke - 1013417,Rejected,Technical,11/5/18,Southern Province,Nyamagabe,Mbazi-Nyanza,Ngara-Kabuga(Ruseke-Murandaryi),Ruseke,Mazimeru,,,Project Assessment - 2018.9.12,-2.372525,29.6006183,,http://www.worldpop.org.uk/data/summary?doi=10.5258/SOTON/WP00539,4227.0,24858.0,Ruseke,439.0,Murandaryi,692.0,Butare,678.0,Nyagishumbu,427.0,Gaseke,432.0,,,9/12/18,,,,,,,,,POINT (455582.9693724606 4737678.086829173),2252.36,3764.56,6370.61,8778.37,12885.89,2268.65,3792.84,6425.65,8913.91,13044.09
006f100000d7JCnAAM,1013418,Rwanda,Rwanda - Gatare - 1013418,Rejected,Technical,11/5/18,Southern Province,Nyamagabe,Cyanika-Kigoma,Kiyumba-Kabuga(Gatare-Ruhungu),Gatare,Kaviri,,,Project Assessment - 2018.9.12,-2.46321833,29.63056167,,http://www.worldpop.org.uk/data/summary?doi=10.5258/SOTON/WP00539,6259.0,38545.0,Gatare,384.0,Ruhungu,460.0,Nyarucyamo,567.0,Gishike,374.0,Gikomero,640.0,,,9/12/18,,,,,,,,,POINT (458915.8818505845 4727651.276971906),2330.29,3900.99,6921.47,11126.46,14568.17,2370.7,3987.81,7088.98,11273.48,14788.31
006f100000d7JCxAAM,1013419,Rwanda,Rwanda - Kanyege - 1013419,Rejected,Technical,11/5/18,Southern Province,Nyamagabe,Kibumbwe,Kibibi-Bwenda( Kanyege-Nyagatovu),Kanyege,Gisuma,,,Project Assessment - 2018.9.12,-2.396595,29.549835,,http://www.worldpop.org.uk/data/summary?doi=10.5258/SOTON/WP00539,3539.0,23746.0,Kanyege,385.0,Nyagatovu,366.0,Rwezamenyo,790.0,Bwingarura,433.0,Murambi,556.0,,,9/12/18,,,,,,,,,POINT (449935.890739221 4735014.968095011),1320.83,2287.31,4458.7,6169.43,8994.34,1340.07,2307.6,4502.06,6223.44,9072.79
006f100000d7JD7AAM,1013420,Rwanda,Rwanda - Kinyana - 1013420,Rejected,Technical,11/10/18,Southern Province,Nyamagabe,Kibumbwe,Nyakiza-Kibibi(Kinyana-Kirwa),Kinyana,Gasuma,,,Project Assessment - 2018.9.12,-2.37946833,29.54139167,,http://www.worldpop.org.uk/data/summary?doi=10.5258/SOTON/WP00539,3576.0,20578.0,Kinyana,321.0,Karambo,576.0,Nyakizu,583.0,Kirwa,471.0,Ryingarura,433.0,,,9/12/18,,,,,,,,,POINT (448996.23287550674 4736908.330308929),1161.43,2004.58,3731.69,5631.75,8085.61,1161.43,2024.48,3782.28,5743.47,8202.62
006f100000d7JDCAA2,1013421,Rwanda,Rwanda - Gikomero - 1013421,Rejected,Technical,12/31/18,Southern Province,Nyamagabe,Kibumbwe,Gakanka,Gikomero,Rukarara,,,Project Assessment - 2018.9.12,2.442831,29.49934667,,http://www.worldpop.org.uk/data/summary?doi=10.5258/SOTON/WP00539,0.0,0.0,Gikomero,0.0,,0.0,,0.0,,0.0,,0.0,,,9/12/18,,,,,,,,,POINT (444322.69219666335 5270099.268462319),,,,,,,,,,
006f100000d7JDHAA2,1013422,Rwanda,Rwanda - Rwasa - 1013422,Complete,In Service,11/5/21,Southern Province,Nyamagabe,Kibumbwe-Kibirizi,Bwenda-Bugarura,Rwasa,Rukarara,Rwanda Full Scale Research - Randomized and Baselined - Intervention,,Project Assessment - 2018.9.12,-2.41763333,29.555675,,http://www.worldpop.org.uk/data/summary?doi=10.5258/SOTON/WP00539,4257.0,26280.0,Munyinya,712.0,Kirwa,471.0,Kavumu,744.0,Muyange,913.0,Uwinyana,742.0,,,9/12/18,,,,,,,,,POINT (450586.14429083327 4732689.003257058),673.92,2047.55,4302.04,7765.53,11114.64,665.19,2114.97,4427.34,7944.37,11334.87
006f100000d7JDMAA2,1013423,Rwanda,Rwanda - Kanyinya - 1013423,Rejected,Technical,11/11/18,Southern Province,Nyamagabe,Kibumbwe,Nyakiza(Murambi-Nyakizu),Kanyinya,Munyazi,,,Project Assessment - 2018.9.12,-2.374415,29.51966667,,http://www.worldpop.org.uk/data/summary?doi=10.5258/SOTON/WP00539,2479.0,19875.0,Murambi,556.0,Nyakizu,670.0,Dusenyi,610.0,Gataba,550.0,Rwezamenyo,860.0,,,9/12/18,,,,,,,,,POINT (446579.85419533984 4737466.250111685),784.87,1505.57,2496.0,4128.33,6262.01,784.87,1526.53,2519.24,4130.74,6260.13
006f100000d7JDWAA2,1013424,Rwanda,Rwanda - Zigati - 1013424,Rejected,Technical,11/10/18,Southern Province,Nyamagabe,Kibumbwe,Nyakiza-Kibibi,Zigati,Munyazi,,,Project Assessment - 2018.9.12,-2.39188167,29.52233833,,http://www.worldpop.org.uk/data/summary?doi=10.5258/SOTON/WP00539,2976.0,20134.0,Zigati,476.0,Dusenyi,560.0,Gatandaganya,580.0,Nkomero,520.0,,0.0,,,9/12/18,,,,,,,,,POINT (446877.658596314 4735535.08091634),1131.85,2881.2,4133.8,5394.39,7591.5,1192.79,2969.54,4199.43,5477.12,7697.43
006f100000d7JDbAAM,1013425,Rwanda,Rwanda - Kabajogo - 1013425,Rejected,Technical,11/5/18,Southern Province,Nyamagabe,Gasakka,Nyamugari-Nzega(Kabajogo-Gitantu),Kabajogo,Gisuma,,,Project Assessment - 2018.9.12,-2.48488667,29.57838,,http://www.worldpop.org.uk/data/summary?doi=10.5258/SOTON/WP00539,14359.0,48940.0,Gitantu,935.0,Kabajogo,867.0,Kadoma,914.0,Sumba,1372.0,Dusego,421.0,,,9/12/18,,,,,,,,,POINT (453113.57880938996 4725253.723938732),4614.67,12881.66,21036.75,30599.92,40180.21,4587.8,12655.27,20995.32,30774.75,40470.5
006f100000d7bIlAAI,1013583,Rwanda,Rwanda - Munanira - 1013583,Complete,In Service,10/7/22,Southern Province,Nyamagabe,Kibirizi-Mbazi,Karambo-Ngambe,Munanira,Muzirantwaro,Rwanda Full Scale Research - Randomized and Baselined - Intervention,,Project Assessment - 2018.9.24,-2.396316,29.577776,,http://www.worldpop.org.uk/data/summary?doi=10.5258/SOTON/WP00539,4155.0,26505.0,Karambo cell( Nyirakiraro and Nyamirama villages),934.0,"Ngambe cell(Munanira, Maheresho and Kabeza villages)",2056.0,"Mutiwingoma cell(Nyamirama,Muduha and Kabuga villages)",1727.0,,0.0,,0.0,,,9/24/18,,,,,,,,,POINT (453043.3363239822 4735046.805888292),1111.94,2629.39,4992.73,6838.68,10254.77,1130.06,2647.89,5133.31,6917.96,10412.16
006f100000d7gjeAAA,1013611,Rwanda,Rwanda - Tububuro - 1013611,Rejected,Technical,11/5/18,Southern Province,Nyamagabe,Mata,Nyamabuye( Rwinkanka-Tububuru),Tububuro,Akavuguto,,,Project Assessment - 2018.9.26,-2.59941667,29.56459167,,http://www.worldpop.org.uk/data/summary?doi=10.5258/SOTON/WP00539,2537.0,18627.0,Rwinkanka,864.0,Nyacyondo,972.0,Tububuru,743.0,,0.0,,0.0,,,9/26/18,,,,,,,,,POINT (451584.48135422013 4712589.804455775),618.36,1405.73,2516.69,5113.84,8011.71,652.76,1405.73,2493.46,5162.7,8024.45
006f100000dhyaYAAQ,1012696,Rwanda,Rwanda - Mwishogwe-nyirarushyunda - 1012696,Rejected,Technical,11/14/18,Southern Province,Nyamagabe,Uwinkingi sector,Mwishyogwe village,Mwishogwe-nyirarushyunda,,,,Project Assessment - 2018.8.11,-2.49157,29.42108,,http://www.worldpop.org.uk/data/summary?doi=10.5258/SOTON/WP00539,4027.0,25141.0,Mwishyogwe village,674.0,Subukiniro village,985.0,Rigeti village,450.0,Nyamugari village,400.0,Nyambiriri,250.0,,,8/11/18,,,,,,,,,POINT (435620.7774491733 4724508.119346098),1101.14,3116.87,5881.07,8896.53,12845.08,1112.7,3195.89,5921.91,9099.18,13282.13
006f100000dhyadAAA,1012697,Rwanda,Rwanda - Gashiha - 1012697,Rejected,Technical,11/14/18,Southern Province,Nyamagabe,"Kibirizi,kibumbwe",Gashiha-Bwenda,Gashiha,,,,Project Assessment - 2018.8.11,-2.4243,29.5426533,,http://www.worldpop.org.uk/data/summary?doi=10.5258/SOTON/WP00539,3902.0,25887.0,Munyinya,500.0,Rukamiro,650.0,Kirwa,540.0,Kabere,420.0,,0.0,,,8/11/18,,,,,,,,,POINT (449138.2053205477 4731951.39730804),534.97,2042.6,4039.65,7770.71,10994.12,552.25,2103.72,4141.13,7967.93,11113.75
006f100000dhyadAAA,1012697,Rwanda,Rwanda - Gashiha - 1012697,Rejected,Technical,11/14/18,Southern Province,Nyamagabe,"Kibirizi,kibumbwe",Gashiha-Bwenda,Gashiha,,,,Project Assessment - 2018.12.12,-2.4243,29.5426533,,http://www.worldpop.org.uk/data/summary?doi=10.5258/SOTON/WP00539,3902.0,25887.0,Gashiha,4250.0,Muganza,3900.0,,0.0,,0.0,,0.0,,,12/12/18,,,,,,,,,POINT (449138.2053205477 4731951.39730804),534.97,2042.6,4039.65,7770.71,10994.12,552.25,2103.72,4141.13,7967.93,11113.75
0063Z00000wdlPaQAI,1044572,Rwanda,Rwanda - Tigano - 1044572,Complete,In Service,7/28/23,Western Province,Nyamasheke,"Kagano,Bushekeri","Rwesero,Mpumbu",Tigano,Kamiranzomvu,,,Project Pre-Assessment - 2023.1.24,-1.929168,30.113145,,https://api.worldpop.org/v1/services/stats?,93035.06,421031.06,Gitaba,1027.0,Rwesero,0.0,Mutusa,1866.0,Kirehe,995.0,Bona,960.0,Gahondo,,1/24/23,Rangiro,850.0,,0.0,,0.0,,0.0,POINT (512586.90205281274 4786703.749520162),15173.32,39847.67,69258.2,114000.08,163924.86,15874.29,41076.66,72325.58,117407.55,168281.66
006Ns00000LnQdDIAV,1052550,Rwanda,Rwanda - Bizenga - 1052550,Complete,In Service,2/28/25,Western Province,Nyamasheke,Kanjongo,Kibogora,Bizenga,Karundura,,,Project Pre-Assessment - 2024.8.24,-2.33163,29.145583,2906.0,https://api.worldpop.org/v1/services/stats?,14667.78,55067.25,Bizenga,570.0,Kagarama,856.0,Gakomeye,1013.0,Gatare,467.0,,0.0,,0.0,8/24/24,,0.0,,0.0,,0.0,,0.0,POINT (404970.922882767 4742177.226532489),4006.71,10121.75,17786.07,24270.75,28767.09,3875.48,10275.08,18065.65,24924.61,29366.14
006Ns00000OzZcYIAV,1053108,Rwanda,Rwanda - Kagano II - 1053108,Identified,Requested,12/31/24,Western Province,Nyamasheke,Kagano,Rwesero,Kagano II,Kamiranzovu,,,Project Assessment - 2024.10.21,-2.370109,29.097844,6809.0,https://api.worldpop.org/v1/services/stats?,11157.05,46537.46,Rwesero,1675.0,Kijibamba,1801.0,Gasharu,1200.0,Bagarama,1018.0,Rwangoma,1115.0,,0.0,10/21/24,,0.0,,0.0,,0.0,,0.0,POINT (399663.6652785314 4737918.951587696),2334.02,6058.02,9911.39,14700.53,20878.19,2255.36,6022.91,9991.76,14738.4,21092.32
006f100000a82QzAAI,1007325,Rwanda,Rwanda - Kagarama - 1007325,Complete,In Service,11/6/18,Western Province,Nyamasheke,Kanjongo,,Kagarama,Karundura,,,Project Assessment - 2017.7.12,-2.322534,29.141944,,http://www.worldpop.org.uk/data/summary?doi=10.5258/SOTON/WP00539,10333.0,40278.0,,,,,,,,,,,,0.0,7/12/17,,0.0,,0.0,,0.0,,0.0,POINT (404565.54785470234 4743182.793284943),6284.01,12060.51,15605.03,21204.28,26972.27,6190.16,12298.43,15805.58,21704.8,27438.7
006f100000a86FkAAI,1007508,Rwanda,Rwanda - Bisheke - 1007508,Rejected,Technical,12/31/18,Western Province,Nyamasheke,Macuba - Kirinda,Mutongo~ Muhororo,Bisheke,Kirimbi,Rwanda Full Scale Research - Randomized and Baselined - Long Term Control,,Project Assessment - 2018.9.23,-2.280762,29.206295,,http://www.worldpop.org.uk/data/summary?doi=10.5258/SOTON/WP00539,8112.0,42237.0,Mutongo,500.0,Karamba,540.0,Gabiro,643.0,Nyakabingo,655.0,,0.0,,,9/23/18,,,,,,,,,POINT (411720.68404717976 4747805.940954885),1675.59,4156.24,7943.11,13693.77,20431.11,1678.93,4201.36,8114.24,13958.16,20772.11
006f100000a86FlAAI,1007509,Rwanda,Rwanda - Gitwa~Nyagacaca - 1007509,Rejected,Technical,11/14/18,Western Province,Nyamasheke,Cyimpindu~Muhororo,,Gitwa~Nyagacaca,Muhimbi,,,Project Assessment - 2018.9.23,-2.275825,29.217288,,http://www.worldpop.org.uk/data/summary?doi=10.5258/SOTON/WP00539,9016.0,45275.0,Gitwa,450.0,Buha,560.0,Nyagacaca,647.0,Katabaro,568.0,,0.0,,,9/23/18,,,,,,,,,POINT (412943.15361975855 4748352.520817681),2015.85,5000.59,9607.63,14765.76,19698.86,2057.09,5092.43,9724.45,14964.18,20222.7
006f100000a86FrAAI,1007515,Rwanda,Rwanda - Nyagafunzo - 1007515,Complete,In Service,7/7/23,Western Province,Nyamasheke,Mahembe,"Kagarama,",Nyagafunzo,Mugonero,Rwanda Full Scale Research - Randomized but Not Baselined,,Project Assessment - 2018.9.28,-2.19761,29.277965,,http://www.worldpop.org.uk/data/summary?doi=10.5258/SOTON/WP00539,7560.0,27463.0,Gabiro,920.0,Rukaragata,860.0,Gasharu,760.0,Giti,780.0,,0.0,,,9/27/18,,,,,,,,,POINT (419688.0498024586 4757004.564019848),3096.52,5651.7,9165.3,13145.41,17467.75,3185.99,5756.51,9282.22,13335.1,17705.2
006f100000a86FtAAI,1007517,Rwanda,Rwanda - Mugonero - 1007517,Rejected,Social,11/1/18,Western Province,Nyamasheke,Kibingo,,Mugonero,Kiboga,,,Project Assessment - 2018.10.14,-2.19384,29.27192,,http://www.worldpop.org.uk/data/summary?doi=10.5258/SOTON/WP00539,7000.0,28657.0,,0.0,,0.0,,0.0,,0.0,,0.0,,,10/14/18,,,,,,,,,POINT (419015.42533081764 4757421.100966614),3062.0,5661.58,8664.71,12448.94,17567.62,3153.61,5752.22,8864.09,12568.23,17752.3
006f100000a86FuAAI,1007518,Rwanda,Rwanda - Musumba~ Rugano - 1007518,Rejected,Technical,11/13/18,Western Province,Nyamasheke,Nyakabingo,,Musumba~ Rugano,Rugaragara,,,Project Assessment - 2018.9.23,-2.313353,29.214397,,http://www.worldpop.org.uk/data/summary?doi=10.5258/SOTON/WP00539,9475.0,48777.0,Musumba,680.0,Bugarama,530.0,Rugano,597.0,Mugohe,430.0,,0.0,,,9/23/18,,,,,,,,,POINT (412623.86123325536 4744202.671353285),2474.39,6504.98,10047.97,15465.39,20139.8,2552.53,6655.16,10213.07,15781.06,20657.83
006f100000a86FwAAI,1007520,Rwanda,Rwanda - Kubisheke - 1007520,Rejected,Technical,11/10/18,Western Province,Nyamasheke,Macuba,Mutongo~cyimpindu,Kubisheke,Mutovu,,,Project Assessment - 2018.9.23,-2.282545,29.208913,,http://www.worldpop.org.uk/data/summary?doi=10.5258/SOTON/WP00539,8185.0,43930.0,Karamba,540.0,Ryarugamba,568.0,Gitwa,450.0,Buha,560.0,,0.0,,,9/23/18,,,,,,,,,POINT (412011.99635502405 4747608.945023184),1837.46,4115.75,8002.34,14140.08,21535.64,1881.28,4203.92,8174.7,14543.16,21941.61
006f100000a86FxAAI,1007521,Rwanda,Rwanda - Karamba - 1007521,Rejected,Technical,11/12/18,Western Province,Nyamasheke,Mutongo,,Karamba,Ntangara,,,Project Assessment - 2018.9.28,-2.284299,29.196849,,http://www.worldpop.org.uk/data/summary?doi=10.5258/SOTON/WP00539,7347.0,40591.0,Karamba,248.0,Nyabihanga,351.0,Rwamiko,2834.0,,0.0,,0.0,,,9/27/18,,,,,,,,,POINT (410670.2086235611 4747414.251340934),1832.16,4949.47,8628.47,13706.89,18637.54,1881.83,5004.92,8724.51,13924.79,18952.14
006f100000d1f2EAAQ,1014008,Rwanda,Rwanda - Rusambu - 1014008,Rejected,Technical,11/13/18,Western Province,Nyamasheke,Ruharambuga,Kanazi,Rusambu,Gasumo,,,Project Assessment - 2018.10.27,-2.431462,29.018172,,http://www.worldpop.org.uk/data/summary?doi=10.5258/SOTON/WP00539,8630.0,46367.0,Rusambu,650.0,Karambo,812.0,Rucyerereza,542.0,Gasumo,611.0,"Gacuzi, Runyinya",1850.0,,,10/27/18,,,,,,,,,POINT (390806.70956931316 4731128.421892826),2284.77,6134.72,10064.87,14194.15,20469.85,2232.97,6086.89,10255.4,14328.33,20830.79
006f100000d1f2JAAQ,1014009,Rwanda,Rwanda - Ruhabwa - 1014009,Rejected,Technical,11/5/18,Western Province,Nyamasheke,Karengera,Mwezi,Ruhabwa,Ntondwe,Rwanda Full Scale Research - Randomized and Baselined - Long Term Control,,Project Pre-Assessment - 2024.10.21,-2.515645,29.044002,8483.0,http://www.worldpop.org.uk/data/summary?doi=10.5258/SOTON/WP00539,9575.0,49045.0,Nyamugari,1806.0,Muganza,2213.0,Gitwa,2066.0,Rubona,1225.0,Nyagafunzo,1173.0,,0.0,10/21/24,,0.0,,0.0,,0.0,,0.0,POINT (393686.3495161652 4721821.466033991),1604.82,5462.13,10083.39,16617.06,23665.69,1783.74,5542.71,10500.16,17233.16,24637.65
006f100000d1f2JAAQ,1014009,Rwanda,Rwanda - Ruhabwa - 1014009,Rejected,Technical,11/5/18,Western Province,Nyamasheke,Karengera,Mwezi,Ruhabwa,Ntondwe,Rwanda Full Scale Research - Randomized and Baselined - Long Term Control,,Project Assessment - 2018.10.27,-2.515645,29.044002,,http://www.worldpop.org.uk/data/summary?doi=10.5258/SOTON/WP00539,9575.0,49045.0,Ruhabwa,1253.0,"Nyarusange, Gatagara",2331.0,Entire Gasayo cell,5800.0,,0.0,,0.0,,,10/27/18,,,,,,,,,POINT (393686.3495161652 4721821.466033991),1604.82,5462.13,10083.39,16617.06,23665.69,1783.74,5542.71,10500.16,17233.16,24637.65
006f100000d1f2OAAQ,1014010,Rwanda,Rwanda - Bushekeri~ kamina - 1014010,Rejected,,12/31/18,Western Province,Nyamasheke,Bushekeri,Buvungira~mpundu,Bushekeri~ kamina,Kamiranzovu,,,Project Assessment - 2018.10.27,-2.401338,29.092203,,https://api.worldpop.org/v1/services/stats?,5105.12,37793.52,Bushekeri,2100.0,Entire Mpundu cell,4537.0,,0.0,,0.0,,0.0,,,10/27/18,,,,,,,,,POINT (399038.5075987077 4734465.268050409),1850.99,4690.83,7956.8,10267.59,13321.01,1909.41,4700.34,8085.09,10423.06,13587.09
006f100000d1f2TAAQ,1014011,Rwanda,Rwanda - Nyabihunyira - 1014011,Complete,In Service,5/27/22,Western Province,Nyamasheke,Karengera~ nyakabuye,Higiro~ nyabintare,Nyabihunyira,Rubyiro,Rwanda Full Scale Research - Randomized and Baselined - Intervention,,Project Assessment - 2018.10.27,-2.554196,29.043492,,http://www.worldpop.org.uk/data/summary?doi=10.5258/SOTON/WP00539,10488.0,57650.0,Mpinga,948.0,"Muhura, Gitunda",1780.0,Entire cell of Nyabintare,6300.0,"Rubona, Muganza",1560.0,,0.0,,,10/27/18,,,,,,,,,POINT (393632.7765861731 4717558.422427892),1985.53,5915.42,12569.41,21165.65,28572.71,1965.35,5759.35,12461.12,21518.35,28965.11
006f100000d1f3RAAQ,1014021,Rwanda,Rwanda - Ruvunasati - 1014021,Rejected,Technical,12/14/18,Western Province,Nyamasheke,Karengera,Mwezi,Ruvunasati,Nyagahanga,,,Project Pre-Assessment - 2025.1.10,-2.542919,29.035715,4932.0,http://www.worldpop.org.uk/data/summary?doi=10.5258/SOTON/WP00539,11288.0,62252.0,Mukondo,467.0,Nyeshati,861.0,Gihara,1318.0,Gishagara,868.0,Nyagashikura,1418.0,,0.0,1/10/25,,0.0,,0.0,,0.0,,0.0,POINT (392766.9305851571 4718804.799543859),2970.39,6379.19,11569.48,18502.71,28826.75,2850.91,6438.42,11862.92,18863.99,29627.45
006f100000d1f3RAAQ,1014021,Rwanda,Rwanda - Ruvunasati - 1014021,Rejected,Technical,12/14/18,Western Province,Nyamasheke,Karengera,Mwezi,Ruvunasati,Nyagahanga,,,Project Assessment - 2018.10.27,-2.542919,29.035715,,http://www.worldpop.org.uk/data/summary?doi=10.5258/SOTON/WP00539,11288.0,62252.0,Entire mwezi cell,6523.0,Miko cell,6424.0,Gashashi,5784.0,Mukondo,706.0,,0.0,,,10/27/18,,,,,,,,,POINT (392766.9305851571 4718804.799543859),2970.39,6379.19,11569.48,18502.71,28826.75,2850.91,6438.42,11862.92,18863.99,29627.45
006f100000d1h7wAAA,1014112,Rwanda,Rwanda - Bisoro-Makoko - 1014112,Rejected,Vehicular Bridge Required,11/30/18,Western Province,Nyamasheke,Kagano,Mubumbano,Bisoro-Makoko,Kamiranzovu,,,Project Assessment - 2018.10.29,-2.3557,29.11136,,http://www.worldpop.org.uk/data/summary?doi=10.5258/SOTON/WP00539,7828.0,40536.0,Bisoro,1000.0,,0.0,,0.0,,0.0,,0.0,,,10/29/18,,,,,,,,,POINT (401165.995923863 4739513.248117167),1705.4,4974.69,10014.73,16396.97,25986.12,1746.74,5133.61,10125.61,16575.72,26267.22
006f100000d1h8GAAQ,1014113,Rwanda,Rwanda - Murambi- Makoko - 1014113,Rejected,Technical,11/13/18,Western Province,Nyamasheke,Kagano,Mubumbano,Murambi- Makoko,Kamiranzovu,,,Project Assessment - 2018.10.29,-2.34996,29.11603,,http://www.worldpop.org.uk/data/summary?doi=10.5258/SOTON/WP00539,7627.0,43699.0,Makoko,768.0,Kabuyecyeru,1018.0,Kabagabo-Gikomero,1420.0,Murambi_Mpombo,1978.0,Bisoro-Ryarutungura-Gasharu,2293.0,,,10/29/18,,,,,,,,,POINT (401685.02991588006 4740148.297818989),1428.6,4921.04,10032.48,16548.72,24410.22,1471.79,5052.43,10202.01,16778.15,24698.13
006f100000d1h8QAAQ,1014114,Rwanda,Rwanda - Murambi - 1014114,Rejected,Technical,11/30/18,Western Province,Nyamasheke,Kagano,Mubumbano_Gako,Murambi,Nyirabatungura,,,Project Assessment - 2018.10.29,-2.3645,29.1246,,http://www.worldpop.org.uk/data/summary?doi=10.5258/SOTON/WP00539,6233.0,43529.0,Bisoro,1000.0,,0.0,,0.0,,0.0,,0.0,,,10/29/18,,,,,,,,,POINT (402639.2688566245 4738541.093173275),2371.94,4504.14,7867.94,11473.91,16944.0,2407.85,4581.28,8049.56,11630.62,17017.41
006f100000d1h8fAAA,1014116,Rwanda,Rwanda - Gasharu-Makoko - 1014116,Rejected,Vehicular Bridge Required,11/30/18,Western Province,Nyamasheke,Kagano,Mibumbano,Gasharu-Makoko,Kamiranzovu,,,Project Assessment - 2018.10.29,-2.34716,29.11627,,http://www.worldpop.org.uk/data/summary?doi=10.5258/SOTON/WP00539,7619.0,43639.0,Gasharu,743.0,,0.0,,0.0,,0.0,,0.0,,,10/29/18,,,,,,,,,POINT (401711.52908115386 4740457.933889174),1590.76,5059.77,10477.15,16755.08,25025.12,1648.8,5098.35,10748.54,17050.7,25322.58
006f100000d1h94AAA,1014117,Rwanda,Rwanda - Murambi - 1014117,Rejected,Technical,11/15/18,Western Province,Nyamasheke,Rangiro-Cyato,Murambi-Murambi,Murambi,Karundura,,,Project Assessment - 2018.10.29,-2.38842,29.16833,,http://www.worldpop.org.uk/data/summary?doi=10.5258/SOTON/WP00539,5014.0,30037.0,Murambi,1.0,Ryarubasha,0.0,Nyarwungo-Nyakabingo,0.0,Rugeyo,0.0,Susa,0.0,,,10/29/18,,,,,,,,,POINT (407504.8005100051 4735899.085374045),703.33,2517.28,5200.94,8512.73,11732.71,662.79,2553.27,5215.81,8513.79,11888.21
006f100000d1hDLAAY,1014119,Rwanda,Rwanda - Kavumu - 1014119,Complete,In Service,12/12/22,Western Province,Nyamasheke,Rangiro_Kanjongo,Murambi-Susa,Kavumu,Karundura,Rwanda Full Scale Research - Randomized and Baselined - Intervention,,Project Assessment - 2018.10.30,-2.37608,29.16455,,http://www.worldpop.org.uk/data/summary?doi=10.5258/SOTON/WP00539,4678.0,33589.0,Munini,812.0,Murambi,948.0,Bunyenyezi,443.0,Nyarwungo,513.0,Susa,2155.0,,,10/29/18,,,,,,,,,POINT (407083.5462646891 4737263.349772652),816.12,2739.17,4687.03,7900.26,13956.49,724.24,2601.57,4719.02,7911.66,13912.02
006f100000d1hDpAAI,1014120,Rwanda,Rwanda - Gatagara - 1014120,Rejected,Technical,11/11/18,Western Province,Nyamasheke,Rangiro-Bushekeri,Jurwe-Mpumbu,Gatagara,Nyabugonde,,,Project Assessment - 2018.10.29,-2.38897,29.1315,,http://www.worldpop.org.uk/data/summary?doi=10.5258/SOTON/WP00539,5128.0,29296.0,Jurwe,4382.0,Gako,5400.0,Mpumbu,2455.0,,0.0,,0.0,,,10/29/18,,,,,,,,,POINT (403408.4372086787 4735835.7345225485),741.87,1976.88,4246.52,6642.77,10558.58,755.09,2046.49,4394.95,6714.33,10825.4
006f100000d1hE4AAI,1014121,Rwanda,Rwanda - Kazibo - 1014121,Rejected,Technical,11/5/18,Western Province,Nyamasheke,Nyabitekeri,Muyange,Kazibo,Chanel,,,Project Assessment - 2018.10.29,-2.34955,29.04256,,http://www.worldpop.org.uk/data/summary?doi=10.5258/SOTON/WP00539,8180.0,48106.0,Kazibo,210.0,Bukiro,400.0,Nyanje,320.0,Gafunzo,100.0,,0.0,,,10/29/18,,,,,,,,,POINT (393512.9459315196 4740188.250883873),879.26,2168.97,4635.78,8611.76,13520.85,951.48,2304.72,4849.71,9140.46,14103.17
006f100000d1hEEAAY,1014122,Rwanda,Rwanda - Cyamuti - 1014122,Rejected,Technical,11/11/18,Western Province,Nyamasheke,Nyabitekeri,Muyange_Kigabiro,Cyamuti,Mubira,,,Project Assessment - 2018.10.29,-2.33294045,29.02570225,,http://www.worldpop.org.uk/data/summary?doi=10.5258/SOTON/WP00539,11970.0,38360.0,Cyamuti,610.0,Rweru,642.0,Gahabwa,565.0,Buhokoro,540.0,Taba,602.0,,,10/29/18,,,,,,,,,POINT (391636.5610295445 4742023.657405348),3365.96,7082.36,10607.0,15255.23,19703.7,3435.64,7390.6,11083.32,15625.67,20248.72
006f100000d1hEYAAY,1014124,Rwanda,Rwanda - Karuhigi - 1014124,Rejected,Technical,11/10/18,Western Province,Nyamasheke,Shangi,Mugera-Burimba,Karuhigi,Cyogo,,,Project Assessment - 2018.10.29,-2.38012159,29.04157223,,http://www.worldpop.org.uk/data/summary?doi=10.5258/SOTON/WP00539,10525.0,51002.0,Karuhigi,1006.0,Karuhatana_ Karugero,1476.0,Rwonga_Kavu,1012.0,Nyakibingo_ Bweranyange,1278.0,Rubaye_ Nyakagano,1418.0,,,10/29/18,,,,,,,,,POINT (393405.40890000254 4736807.549865215),3157.97,5181.71,7973.42,11534.33,15989.09,3082.16,5278.73,8107.51,11855.29,16265.44
006f100000d1hF7AAI,1014125,Rwanda,Rwanda - Kigenge-Kamayenga - 1014125,Rejected,Technical,11/11/18,Western Province,Nyamasheke,Bushenge,Gasheke,Kigenge-Kamayenga,Nyagahembe,,,Project Assessment - 2018.10.29,-2.43036899,28.98131295,,http://www.worldpop.org.uk/data/summary?doi=10.5258/SOTON/WP00539,11124.0,57150.0,Kigenge_Nyamikingo,420.0,Gikombe-Gitwa,1170.0,Kamucyamo-Gasheke-Rwashyamba,1742.0,Kamayenga,712.0,Bugungu-Kanoga,1071.0,,,10/29/18,,,,,,,,,POINT (386706.940354584 4731246.253265822),2155.3,5088.89,8796.69,13260.74,18384.14,2169.16,5090.07,9064.09,13439.26,18809.02
006f100000d1hFbAAI,1014126,Rwanda,Rwanda - Gitwa - 1014126,Rejected,Technical,11/10/18,Western Province,Nyamasheke,Bushenge-Giheke,Gasheke-Gakomeye,Gitwa,Mushoroza,,,Project Assessment - 2018.10.29,-2.42782026,28.96789415,,http://www.worldpop.org.uk/data/summary?doi=10.5258/SOTON/WP00539,11848.0,58546.0,Gitwa,681.0,Rwamashyamba- Kamucyamu,1600.0,Kigenge- Gikomero,835.0,Gacyamu- Buzi,1243.0,Kagarama-Mubuga,1452.0,,,10/29/18,,,,,,,,,POINT (385214.1953242536 4731526.967195869),2253.72,4828.58,7171.02,12321.23,18946.39,2297.49,4919.22,7326.61,12556.8,19306.78
006f100000d1hGeAAI,1014131,Rwanda,Rwanda - Rujeberi - 1014131,Rejected,Technical,11/13/18,Western Province,Nyamasheke,Kabengera-Nyakabuye,Higiro-Kamanu,Rujeberi,Ntondwe,,,Project Assessment - 2018.10.29,-2.54704093,29.03581174,,http://www.worldpop.org.uk/data/summary?doi=10.5258/SOTON/WP00539,11444.0,61459.0,Rujeberi,712.0,Rukunguri-Mpinga,902.0,Muhora-Gitunda,1003.0,Mukondo-Gasebeya-Nyakagoma,1480.0,Gatare-Nyeshati-Gishagara,1547.0,,,10/29/18,,,,,,,,,POINT (392778.0301797672 4718348.999990713),3184.54,6281.92,11482.37,20181.95,28643.14,3205.97,6200.19,11816.11,20585.79,29036.2
006f100000d1hH3AAI,1014134,Rwanda,Rwanda - Rudehero - 1014134,Rejected,Technical,12/31/18,Western Province,Nyamasheke,Rangiro-Kagano,Jurwe-Gako,Rudehero,Nyabugondo,Rwanda Full Scale Research - Randomized and Baselined - Long Term Control,,Project Assessment - 2018.10.29,-2.37845,29.1393,,http://www.worldpop.org.uk/data/summary?doi=10.5258/SOTON/WP00539,5424.0,34066.0,Jurwe,4382.0,Gako,5400.0,,0.0,,0.0,,0.0,,,10/29/18,,,,,,,,,POINT (404275.2651065703 4736999.557202512),1076.68,2536.39,6010.47,9053.97,12567.91,1059.13,2519.69,6127.88,9056.18,12702.67
006f100000d1hI6AAI,1014137,Rwanda,Rwanda - Wambonye - 1014137,Rejected,Technical,11/14/18,Western Province,Nyamasheke,Rangiro-Kagano,Murambi-Gako,Wambonye,Nyabugonde,,,Project Assessment - 2018.10.29,-2.36102,29.14898,,http://www.worldpop.org.uk/data/summary?doi=10.5258/SOTON/WP00539,6731.0,40625.0,Bunyenyezi,443.0,Munini,812.0,Nyarwungo,611.0,Murambi,948.0,Remera-Rwisovu,1559.0,,,10/29/18,,,,,,,,,POINT (405350.7447430282 4738927.587965059),1642.7,3952.95,7132.29,12405.56,19349.75,1610.95,4020.67,7224.65,12421.24,19512.85
006f100000d1hIkAAI,1014138,Rwanda,Rwanda - Bizenga - 1014138,Prospecting,,12/31/24,Western Province,Nyamasheke,Kanjongo,Kibogora-kigarama,Bizenga,Karundura,Rwanda Full Scale Research - Randomized and Baselined - Intervention,,Project Pre-Assessment - 2024.8.24,-2.33626,29.141459,2262.0,http://www.worldpop.org.uk/data/summary?doi=10.5258/SOTON/WP00539,11130.0,44736.0,Bizenga,570.0,Munini,1225.0,Gatare,467.0,,0.0,,0.0,,0.0,8/24/24,,0.0,,0.0,,0.0,,0.0,POINT (404512.5257273886 4741664.973649117),5133.3,11046.14,16852.17,22966.37,28374.37,5055.88,11181.57,17436.79,23428.39,28930.38
006f100000d1hIkAAI,1014138,Rwanda,Rwanda - Bizenga - 1014138,Prospecting,,12/31/24,Western Province,Nyamasheke,Kanjongo,Kibogora-kigarama,Bizenga,Karundura,Rwanda Full Scale Research - Randomized and Baselined - Intervention,,Project Assessment - 2018.10.29,-2.33626,29.141459,,http://www.worldpop.org.uk/data/summary?doi=10.5258/SOTON/WP00539,11130.0,44736.0,Bizenga,975.0,Munini-Kagarama,1615.0,Gakomeye,1050.0,Gatare-Karehe,1312.0,Karambi-Gisagara,1115.0,,,10/29/18,,,,,,,,,POINT (404512.5257273886 4741664.973649117),5133.3,11046.14,16852.17,22966.37,28374.37,5055.88,11181.57,17436.79,23428.39,28930.38
006f100000d1hMSAAY,1014148,Rwanda,Rwanda - Kabere - 1014148,Rejected,Technical,11/15/18,Western Province,Nyamasheke,Shangi_Bishekeri,Shangi- Karusimbi,Kabere,Gisuma,,,Project Assessment - 2018.10.29,-2.39624002,28.9969806,,http://www.worldpop.org.uk/data/summary?doi=10.5258/SOTON/WP00539,9420.0,50374.0,Kabere,500.0,Taba_ Gasharu,1320.0,Rwumuyaga,853.0,Remera_Gakombe,1269.0,Kigogu,754.0,,,10/29/18,,,,,,,,,POINT (388446.81234042236 4735021.613223708),1241.1,5810.26,10833.03,13546.01,18709.02,1325.93,6036.88,10922.61,13808.27,18979.98
006f100000d1hQ0AAI,1014159,Rwanda,Rwanda - Kabagabo - 1014159,Rejected,Technical,11/30/18,Western Province,Nyamasheke,Kagano,Mubumbano,Kabagabo,Kamirabatwa,,,Project Assessment - 2018.10.29,-2.3441,29.11119,,http://www.worldpop.org.uk/data/summary?doi=10.5258/SOTON/WP00539,7896.0,40938.0,Kabagabo,620.0,,0.0,,0.0,,0.0,,0.0,,,10/29/18,,,,,,,,,POINT (401146.271170444 4740795.9458975),2732.77,5288.71,9300.22,17257.52,25717.78,2732.77,5396.74,9435.0,17586.21,26353.23
006f100000d7b5hAAA,1013558,Rwanda,Rwanda - Kageyo - 1013558,Rejected,Technical,11/14/18,Western Province,Nyamasheke,Karambi,Rushyarara~Gasovu,Kageyo,Mutivuga,,,Project Assessment - 2018.9.23,-2.332639,29.249679,,http://www.worldpop.org.uk/data/summary?doi=10.5258/SOTON/WP00539,8896.0,35876.0,Kageyo,550.0,Mutivuga,980.0,Rurembo,612.0,Bitare,429.0,,0.0,,,9/23/18,,,,,,,,,POINT (416549.3493633972 4742072.253770786),2503.14,5609.65,9256.3,12246.86,14728.04,2561.81,5791.67,9337.65,12293.42,14870.6
006f100000d7b5mAAA,1013559,Rwanda,Rwanda - Ruzibira - 1013559,Rejected,Technical,11/10/18,Western Province,Nyamasheke,Karambi,Rusharara~Gasovu,Ruzibira,Mutovu,,,Project Assessment - 2018.9.23,-2.324086,29.237155,,http://www.worldpop.org.uk/data/summary?doi=10.5258/SOTON/WP00539,10826.0,44856.0,Ruzibira,720.0,Kanombe,470.0,Kabeza,593.0,Rurembo,612.0,,0.0,,,9/23/18,,,,,,,,,POINT (415155.83742984314 4743017.252046828),2286.28,5601.82,10130.96,14808.98,19888.43,2287.41,5801.44,10293.58,15097.63,20372.68
006f100000d7b5rAAA,1013560,Rwanda,Rwanda - Mugohe~Bugarama - 1013560,Rejected,Technical,11/11/18,Western Province,Nyamasheke,Karambi,Kabuga,Mugohe~Bugarama,Rugaragara,,,Project Assessment - 2018.9.23,-2.316496,29.218564,,http://www.worldpop.org.uk/data/summary?doi=10.5258/SOTON/WP00539,9909.0,48916.0,Mugohe,590.0,Rugano,720.0,Kamukiza,753.0,Bugarama,730.0,"Gaseke, Munini",1506.0,,,9/23/18,,,,,,,,,POINT (413087.5426394151 4743855.388886807),2385.64,5844.61,10669.01,15086.74,19981.25,2403.47,5940.01,10842.65,15476.84,20449.05
006f100000d7b5wAAA,1013561,Rwanda,Rwanda - Mubaneri - 1013561,Identified,Requested,12/31/18,Western Province,Nyamasheke,Macuba~karambi,Gatare~Gitwe,Mubaneri,Mutovu,Rwanda Full Scale Research - Randomized but Not Baselined,,Project Assessment - 2018.9.23,-2.293363,29.238419,,http://www.worldpop.org.uk/data/summary?doi=10.5258/SOTON/WP00539,10302.0,51576.0,Gashwi,530.0,Murama,450.0,Rugarama,613.0,Giti,480.0,Kamagesi,504.0,,,9/23/18,,,,,,,,,POINT (415294.6095605267 4746414.5181536935),1447.66,4898.99,9183.9,14966.15,21661.33,1500.36,5038.43,9514.09,15263.82,22162.01
006f100000d7b61AAA,1013562,Rwanda,Rwanda - Bisamba - 1013562,Rejected,Technical,11/10/18,Western Province,Nyamasheke,Karambi,Gasovu,Bisamba,Bitere 1,,,Project Assessment - 2018.9.23,-2.323533,29.254731,,http://www.worldpop.org.uk/data/summary?doi=10.5258/SOTON/WP00539,9718.0,37449.0,Gasamba,595.0,Gikangaga,573.0,Bitare,429.0,Nyarugenge,479.0,,0.0,,,9/23/18,,,,,,,,,POINT (417110.7323136401 4743079.443100121),2510.51,5341.46,8205.36,11529.55,16191.4,2535.61,5358.73,8245.38,11538.84,16406.96
006f100000d7b66AAA,1013563,Rwanda,Rwanda - Peru - 1013563,Rejected,Technical,12/14/18,Western Province,Nyamasheke,Macuba,Gatare,Peru,Kayenzi,Rwanda Full Scale Research - Randomized and Baselined - Long Term Control,,Project Assessment - 2018.9.23,-2.304747,29.219334,,http://www.worldpop.org.uk/data/summary?doi=10.5258/SOTON/WP00539,9260.0,51835.0,Wimana,601.0,Buhoro,531.0,Kayenzi,680.0,Rugarama,613.0,Gashwi,530.0,,,9/23/18,,,,,,,,,POINT (413172.47478576837 4745154.585543096),2966.45,6322.5,10370.75,15153.46,21177.44,2996.0,6453.94,10670.17,15539.47,21678.1
006f100000d7b6BAAQ,1013564,Rwanda,Rwanda - Murambi - 1013564,Rejected,Technical,11/11/18,Western Province,Nyamasheke,Karambi~Macuba,Gasovu~Gatare,Murambi,Mutovu,,,Project Assessment - 2018.9.23,-2.311176,29.239786,,http://www.worldpop.org.uk/data/summary?doi=10.5258/SOTON/WP00539,11268.0,48635.0,Murambi,469.0,Gitwa,561.0,Rubona,720.0,Gaseke,650.0,Ryasagahara,429.0,,,9/23/18,,,,,,,,,POINT (415447.71038627415 4744444.930458673),2341.24,5465.79,9895.68,15885.76,21826.96,2386.84,5593.61,10190.14,16284.69,22330.13
006f100000d7b6GAAQ,1013565,Rwanda,Rwanda - Mubitare - 1013565,Rejected,Technical,11/11/18,Western Province,Nyamasheke,Karambi,Gasovu,Mubitare,Bitare,,,Project Assessment - 2018.9.23,-2.322038,29.247239,,http://www.worldpop.org.uk/data/summary?doi=10.5258/SOTON/WP00539,11210.0,41749.0,Ryanyagahangara,429.0,Gikangaga,573.0,Rurembo,612.0,Bitare,429.0,,0.0,,,9/23/18,,,,,,,,,POINT (416277.3316547865 4743244.310473372),2992.81,5811.55,9640.76,14293.86,19230.91,3035.84,5921.63,9759.45,14481.71,19507.03
006f100000d7b6LAAQ,1013566,Rwanda,Rwanda - Mugasebeya - 1013566,Rejected,Technical,11/11/18,Western Province,Nyamasheke,Kirimbi,Nyarusange,Mugasebeya,Bushakiro,,,Project Assessment - 2018.9.23,-2.251326,29.21786,,http://www.worldpop.org.uk/data/summary?doi=10.5258/SOTON/WP00539,5900.0,37365.0,Nyabinaga,801.0,Kigarama,1259.0,Rubona,720.0,,0.0,,0.0,,,9/23/18,,,,,,,,,POINT (413005.3173907979 4751061.539351682),2898.59,5754.81,8380.73,12242.58,17596.44,2926.16,5824.81,8501.56,12462.65,17868.64
006f100000d7b6QAAQ,1013567,Rwanda,Rwanda - Gacumbi - 1013567,Rejected,Technical,7/2/20,Western Province,Nyamasheke,Kirimbi,Muhororo,Gacumbi,Kirimbi,Rwanda Full Scale Research - Randomized and Baselined - Long Term Control,,Project Assessment - 2018.9.23,-2.26295,29.189909,,https://api.worldpop.org/v1/services/stats?,5835.48,39906.43,Gacumbi,629.0,Kigarama,1259.0,,0.0,,0.0,,0.0,,,9/23/18,,,,,,,,,POINT (409896.93736372446 4749774.506399071),1096.68,2589.32,4929.54,9150.99,12631.13,1096.68,2664.17,5106.26,9288.96,12882.29
006f100000d7b6VAAQ,1013568,Rwanda,Rwanda - Nyakabingo - 1013568,Rejected,Technical,7/2/20,Western Province,Nyamasheke,Kirimbi,Muhororo,Nyakabingo,Kirimbi,Rwanda Full Scale Research - Randomized and Baselined - Long Term Control,,Project Assessment - 2018.9.23,-2.279466,29.199971,,http://www.worldpop.org.uk/data/summary?doi=10.5258/SOTON/WP00539,7662.0,39940.0,Nyakabingo,655.0,Gabiro,643.0,Karamba,540.0,,0.0,,0.0,,,9/23/18,,,,,,,,,POINT (411017.1759997712 4747948.857820306),1632.04,4915.56,8916.64,12803.68,18491.22,1648.69,5088.2,9032.44,12973.34,18763.82
006f100000d7b6aAAA,1013569,Rwanda,Rwanda - Murama - 1013569,Rejected,Technical,11/13/18,Western Province,Nyamasheke,Macuba~ karambi,Gatare~ kagarama,Murama,Mutovu,,,Project Assessment - 2018.9.23,-2.301919,29.242738,,http://www.worldpop.org.uk/data/summary?doi=10.5258/SOTON/WP00539,11042.0,49100.0,Murama,450.0,Gaseke,650.0,Gashwi,530.0,Tetero,539.0,Rubona,720.0,,,9/23/18,,,,,,,,,POINT (415775.5115521274 4745468.6958843935),1778.85,5171.12,9462.71,15192.5,21557.43,1863.22,5438.06,9672.9,15561.15,22016.46
006f100000d7ix5AAA,1013692,Rwanda,Rwanda - Kigandi - 1013692,Complete,In Service,9/21/21,Western Province,Nyamasheke,Macuba ~ kanjongo,Vugangoma,Kigandi,Kigoya,Rwanda Full Scale Research - Randomized and Baselined - Intervention,,Project Assessment - 2018.9.28,-2.326002,29.165331,,http://www.worldpop.org.uk/data/summary?doi=10.5258/SOTON/WP00539,6646.0,41205.0,Kigandi,760.0,Bizi,450.0,Murambi,836.0,Karambi,779.0,,0.0,,,9/27/18,,,,,,,,,POINT (407167.1037021141 4742800.870215635),1829.56,4582.3,8351.71,12764.74,21120.3,1966.16,4828.84,8604.22,13358.01,21469.3
006f100000d7jCAAAY,1013699,Rwanda,Rwanda - Rwamiko~Gitwa - 1013699,Rejected,Technical,11/11/18,Western Province,Nyamasheke,Macuba,Rugali,Rwamiko~Gitwa,Gasuma,,,Project Assessment - 2018.9.28,-2.286079,29.17952,,http://www.worldpop.org.uk/data/summary?doi=10.5258/SOTON/WP00539,6419.0,32391.0,Rwamiko,2834.0,Bitaba,3140.0,Gitwa,2400.0,,0.0,,0.0,,,9/27/18,,,,,,,,,POINT (408742.7868073666 4747216.336784552),2474.72,5899.59,9143.4,12104.72,16019.47,2435.03,5916.33,9279.07,12170.16,16218.66
006f100000d7jCPAAY,1013702,Rwanda,Rwanda - Rumamfu~Mugeyo - 1013702,Rejected,Technical,11/12/18,Western Province,Nyamasheke,Macuba ~ kanjongo,Nyakabingo,Rumamfu~Mugeyo,Kigoya,,,Project Assessment - 2018.9.28,-2.337668,29.186374,,http://www.worldpop.org.uk/data/summary?doi=10.5258/SOTON/WP00539,5086.0,38817.0,Rumamfu,576.0,Mataba,1289.0,Mugeyo,752.0,,0.0,,0.0,,,9/27/18,,,,,,,,,POINT (409508.43690573145 4741512.254251866),1295.38,3287.9,6180.9,9883.79,15269.02,1336.5,3354.28,6270.92,10237.7,15573.46
006f100000d7jCUAAY,1013703,Rwanda,Rwanda - Mutongo - 1013703,Rejected,Technical,11/11/18,Western Province,Nyamasheke,Macuba,Mutongo,Mutongo,Ntangara,,,Project Assessment - 2018.9.28,-2.288204,29.197543,,http://www.worldpop.org.uk/data/summary?doi=10.5258/SOTON/WP00539,6994.0,42447.0,Kanyenkondo,301.0,Karamba,248.0,Nyabihandga,351.0,Rwamiko,2834.0,,0.0,,,9/27/18,,,,,,,,,POINT (410747.64452032966 4746982.495689044),1742.73,4609.15,8493.69,14004.97,19828.79,1853.98,4793.44,8676.29,14169.77,20190.82
006f100000d7jELAAY,1013715,Rwanda,Rwanda - Gitindo - 1013715,Rejected,Technical,11/11/18,Western Province,Nyamasheke,Macuba ~ kanjongo,Vugangoma,Gitindo,Kigoya,,,Project Assessment - 2018.9.28,-2.335284,29.184096,,http://www.worldpop.org.uk/data/summary?doi=10.5258/SOTON/WP00539,4917.0,39895.0,Kigandi,760.0,Wisovu,437.0,Mugeyo,752.0,,0.0,,0.0,,,9/28/18,,,,,,,,,POINT (409254.90731265687 4741775.721206359),1312.01,3306.83,6119.05,9853.44,15749.85,1323.25,3389.61,6224.25,10213.25,16283.14
006f100000d7jEQAAY,1013716,Rwanda,Rwanda - Ruganzu - 1013716,Rejected,Technical,11/13/18,Western Province,Nyamasheke,Kanjongo,Kagoya,Ruganzu,Kigoya,,,Project Assessment - 2018.9.28,-2.319874,29.161228,,http://www.worldpop.org.uk/data/summary?doi=10.5258/SOTON/WP00539,7877.0,41474.0,Ruganzu,720.0,Museke,600.0,Kajumiro,520.0,Murambi,840.0,,0.0,,,9/28/18,,,,,,,,,POINT (406710.32834496524 4743478.215146383),2481.32,5136.89,9442.28,15088.66,23034.15,2533.91,5349.33,9784.19,15686.82,23518.62
006f100000d7jEVAAY,1013717,Rwanda,Rwanda - Nonwe - 1013717,Complete,In Service,12/2/22,Western Province,Nyamasheke,Mahembe,Gisoke,Nonwe,Nyarubandwa,Rwanda Full Scale Research - Randomized and Baselined - Intervention,,Project Assessment - 2018.9.28,-2.224749,29.291024,,http://www.worldpop.org.uk/data/summary?doi=10.5258/SOTON/WP00539,4788.0,24257.0,Kanyoni,357.0,Muramba,547.0,Fumba,594.0,Kivumu,415.0,Giko,220.0,,,9/28/18,,,,,,,,,POINT (421142.1101729479 4754004.409034614),1600.81,3743.6,6321.29,9768.52,13078.92,1598.99,3705.42,6290.69,9826.91,13359.55
006f100000d7jEuAAI,1013721,Rwanda,Rwanda - Mugaseke - 1013721,Complete,In Service,2/15/22,Western Province,Nyamasheke,Mahembe,Gisoke,Mugaseke,Mugonero,Rwanda Full Scale Research - Randomized and Baselined - Intervention,,Project Assessment - 2018.9.28,-2.216938,29.283485,,http://www.worldpop.org.uk/data/summary?doi=10.5258/SOTON/WP00539,6501.0,25249.0,Kanyoni,375.0,Muramba,547.0,Fumba,594.0,Kivumu,415.0,Kamashinge,481.0,,,9/28/18,,,,,,,,,POINT (420303.1010480955 4754867.6941615045),2054.93,4376.79,7538.5,11569.38,15643.62,2037.28,4344.5,7620.61,11735.06,15987.07
006f100000d7jF9AAI,1013722,Rwanda,Rwanda - Gitongo - 1013722,Rejected,Vehicular Bridge Required,11/1/18,Western Province,Nyamasheke,Kanjongo,Kigoya,Gitongo,Nyakagezi,,,Project Assessment - 2018.9.28,-2.312095,29.149186,,http://www.worldpop.org.uk/data/summary?doi=10.5258/SOTON/WP00539,8902.0,38273.0,Kigugu,350.0,Kirambo,680.0,,0.0,,0.0,,0.0,,,9/28/18,,,,,,,,,POINT (405370.3819861823 4744337.5962183345),3884.66,7120.68,12150.64,17303.57,21875.14,3722.42,7167.93,12492.04,17741.1,22379.31
006f100000d88D2AAI,1013878,Rwanda,Rwanda - Rwabagoyi - 1013878,Rejected,Technical,11/12/18,Western Province,Nyamasheke,Shangi~ bushekeri,Mataba,Rwabagoyi,Mwaga,,,Project Assessment - 2018.10.14,-2.414849,29.046601,,http://www.worldpop.org.uk/data/summary?doi=10.5258/SOTON/WP00539,6108.0,43909.0,Rwabagoyi,750.0,Mpishyi,687.0,Rundwe,860.0,Bitare,790.0,,0.0,,,10/14/18,,,,,,,,,POINT (393967.42478894006 4732967.76241687),950.43,3585.24,6152.36,11179.34,15441.27,986.17,3548.92,6278.91,11182.28,15810.47
006f100000d88D7AAI,1013879,Rwanda,Rwanda - Mpishyi - 1013879,Rejected,Technical,11/12/18,Western Province,Nyamasheke,Shangi ~ bushekeri,Mataba,Mpishyi,Mwaga,,,Project Assessment - 2018.10.14,-2.422817,29.043546,,http://www.worldpop.org.uk/data/summary?doi=10.5258/SOTON/WP00539,6389.0,41201.0,Mpishyi,687.0,Rwabagoyi,750.0,Ruzinga,680.0,Gasharu,446.0,Entire shangi sector,0.0,,,10/14/18,,,,,,,,,POINT (393628.2511924129 4732086.417144362),2340.32,4456.01,6595.37,10487.28,16623.04,2367.96,4525.48,6583.34,10777.86,16915.12
006f100000d88DCAAY,1013880,Rwanda,Rwanda - Gakombe - 1013880,Rejected,Vehicular Bridge Required,11/29/18,Western Province,Nyamasheke,Bushenge,Karusimbi,Gakombe,Nyagahembe,,,Project Assessment - 2018.10.14,-2.395291,28.992706,,http://www.worldpop.org.uk/data/summary?doi=10.5258/SOTON/WP00539,9257.0,48729.0,Gakombe,576.0,Gasharu,718.0,Gahongo,328.0,,0.0,,0.0,,,10/14/18,,,,,,,,,POINT (387971.2763666816 4735126.209260997),1419.02,4664.59,10204.48,13089.39,16152.91,1408.96,4796.12,10472.58,13264.6,16441.87
006f100000d88DHAAY,1013881,Rwanda,Rwanda - Rushoka 2 - 1013881,Rejected,Technical,11/15/18,Western Province,Nyamasheke,Gihombo,Kibingo,Rushoka 2,Kirehe,,,Project Assessment - 2018.10.14,-2.213654,29.257268,,http://www.worldpop.org.uk/data/summary?doi=10.5258/SOTON/WP00539,5804.0,31396.0,Rushoka,769.0,Rugaragara,820.0,Karambo,489.0,Entire kirimbi sector,0.0,,0.0,,,10/14/18,,,,,,,,,POINT (417386.6800551347 4755229.383209291),1387.04,3020.07,5833.21,9408.69,14129.43,1414.42,3049.82,6011.25,9664.61,14338.58
006f100000d88DMAAY,1013882,Rwanda,Rwanda - Nyarunyinya~Rwabisindu - 1013882,Rejected,Technical,11/13/18,Western Province,Nyamasheke,Gihombo,Kibingo,Nyarunyinya~Rwabisindu,Gisuma,,,Project Assessment - 2018.10.14,-2.183169,29.262155,,http://www.worldpop.org.uk/data/summary?doi=10.5258/SOTON/WP00539,5367.0,28391.0,Nyarunyinya,745.0,Kigarama,900.0,Gituruka,650.0,Rwabisindu,780.0,Rusuzumiro,690.0,,,10/14/18,,,,,,,,,POINT (417928.62104820285 4758600.504596989),1792.81,4737.09,7346.66,10214.17,13734.69,1991.16,4838.92,7365.85,10344.75,14037.66
006f100000d88DWAAY,1013883,Rwanda,Rwanda - Kizenga 2 - 1013883,Rejected,Technical,11/11/18,Western Province,Nyamasheke,Mahembe,Nyagatare,Kizenga 2,Sumo,,,Project Assessment - 2018.10.14,-2.232363,29.254785,,http://www.worldpop.org.uk/data/summary?doi=10.5258/SOTON/WP00539,4084.0,31645.0,Kizenga,454.0,Gatare,612.0,Kadobogo,465.0,,0.0,,0.0,,,10/14/18,,,,,,,,,POINT (417111.52665453136 4753160.510540612),685.47,1930.0,4133.26,6419.66,9990.42,688.5,1958.19,4216.94,6554.14,10238.85
006f100000d88DbAAI,1013884,Rwanda,Rwanda - Kigarama - 1013884,Rejected,Technical,11/13/18,Western Province,Nyamasheke,Gihombo,Kibingo,Kigarama,Kiboga,,,Project Assessment - 2018.10.14,-2.200863,29.268609,,http://www.worldpop.org.uk/data/summary?doi=10.5258/SOTON/WP00539,7388.0,29082.0,Kigarama,700.0,Rushoka,769.0,Kadobogo,465.0,,0.0,,0.0,,,10/14/18,,,,,,,,,POINT (418647.50179003115 4756644.360936523),2791.46,5632.54,9205.17,12410.82,16288.21,2925.99,5822.95,9344.65,12678.38,16544.92
006f100000d88DgAAI,1013885,Rwanda,Rwanda - Muhororo - 1013885,Rejected,Technical,11/5/18,Western Province,Nyamasheke,Gihombo,Mubuga~ jarama,Muhororo,Gahanga,,,Project Assessment - 2018.10.14,-2.232662,29.218742,,http://www.worldpop.org.uk/data/summary?doi=10.5258/SOTON/WP00539,6721.0,29091.0,Muhororo,500.0,Mubuga,640.0,Kibirizi,580.0,,0.0,,0.0,,,10/14/18,,,,,,,,,POINT (413102.32431796216 4753125.368111077),1869.82,4278.24,7913.03,12797.18,17526.59,1887.93,4368.73,7994.0,12985.56,17838.23
006f100000d88DlAAI,1013886,Rwanda,Rwanda - Karambo - 1013886,Complete,In Service,4/26/23,Western Province,Nyamasheke,Mahembe~ Gihombo,Nyagatare~ kibingo,Karambo,Kiboga,Rwanda Full Scale Research - Randomized and Baselined - Intervention,,Project Assessment - 2018.10.15,-2.221268,29.256019,,http://www.worldpop.org.uk/data/summary?doi=10.5258/SOTON/WP00539,5218.0,31343.0,The whole nyagatare cell,5820.0,Buseso,497.0,Rushoka,769.0,,0.0,,0.0,,,10/14/18,,,,,,,,,POINT (417248.1702479847 4754387.401341003),1180.98,2628.28,4975.16,8192.46,12131.21,1162.69,2692.4,5048.43,8373.52,12394.87
006f100000d88EyAAI,1013887,Rwanda,Rwanda - Kizenga 1 - 1013887,Rejected,Technical,11/15/18,Western Province,Nyamasheke,Mahembe~ Gihombo,Nyagatare,Kizenga 1,Kiboga,,,Project Assessment - 2018.10.14,-2.233859,29.250362,,http://www.worldpop.org.uk/data/summary?doi=10.5258/SOTON/WP00539,4345.0,31961.0,Kizenga,454.0,Kadobogo,465.0,Karambo,489.0,,0.0,,0.0,,,10/14/18,,,,,,,,,POINT (416619.62323863985 4752994.84122368),797.02,2124.64,4041.83,6974.25,10665.02,798.82,2087.88,4044.45,7121.47,10822.29
006f100000d88F3AAI,1013888,Rwanda,Rwanda - Mutusa - 1013888,Rejected,Technical,11/11/18,Western Province,Nyamasheke,Kagano,Rwesero,Mutusa,Kamiranzovu,,,Project Assessment - 2018.10.14,-2.37385,29.095785,,http://www.worldpop.org.uk/data/summary?doi=10.5258/SOTON/WP00539,6527.0,35993.0,Rwesero,1256.0,Nyagashinge,756.0,Gitaba,650.0,Rangiro sector,0.0,,0.0,,,10/14/18,,,,,,,,,POINT (399434.9177823804 4737505.126482944),1960.53,5251.34,9263.3,13168.07,18752.24,1755.45,5410.83,9354.29,13262.14,18940.14
006f100000d88ICAAY,1013889,Rwanda,Rwanda - Rwisovo~Nyarusasa - 1013889,Rejected,Technical,11/16/18,Western Province,Nyamasheke,Kagano~ Kanjongo,Gako~Raro,Rwisovo~Nyarusasa,Karundura,,,Project Assessment - 2018.10.14,-2.34745,29.143437,,http://www.worldpop.org.uk/data/summary?doi=10.5258/SOTON/WP00539,9025.0,44391.0,Rwisovu,500.0,Rushondi,560.0,Nyagisasa,425.0,Baraguma,638.0,,0.0,,,10/14/18,,,,,,,,,POINT (404733.29253880563 4740427.745996977),2820.03,6847.27,13648.89,19229.27,25920.72,2768.83,6909.54,13871.63,19589.2,26666.89
006f100000d88IHAAY,1013890,Rwanda,Rwanda - Nyakabingo - 1013890,Rejected,Technical,11/14/18,Western Province,Nyamasheke,Cyato,Rugali~ Murambi,Nyakabingo,Karundura,,,Project Assessment - 2018.10.14,-2.393212,29.219801,,http://www.worldpop.org.uk/data/summary?doi=10.5258/SOTON/WP00539,7079.0,26801.0,Gakenke,648.0,Rwumba,897.0,Karambo,638.0,Nyakabingo,674.0,Rugarama,479.0,,,10/14/18,,,,,,,,,POINT (413229.87863386096 4735372.563930101),2131.28,5144.6,8431.86,12360.08,16397.65,2179.17,5200.23,8519.53,12599.91,16662.82
006f100000d88IMAAY,1013891,Rwanda,Rwanda - Gasasa~ mutuntu - 1013891,Rejected,Technical,11/15/18,Western Province,Nyamasheke,Cyato,Bisumo,Gasasa~ mutuntu,Nyirantaruka,,,Project Assessment - 2018.10.14,-2.392599,29.239326,,http://www.worldpop.org.uk/data/summary?doi=10.5258/SOTON/WP00539,4958.0,20359.0,Gasasa,425.0,"Tsinduka, Munini",1570.0,Mutuntu,863.0,Kayo,360.0,Rugarama,479.0,,,10/14/18,,,,,,,,,POINT (415401.4508245938 4735441.56578686),2200.84,5253.24,8148.52,10203.35,11671.46,2227.36,5316.72,8226.26,10278.51,11747.02
006f100000d88IRAAY,1013892,Rwanda,Rwanda - Nyirabageni - 1013892,Identified,Requested,12/31/18,Western Province,Nyamasheke,Cyato,Mutongo,Nyirabageni,Karundura,Rwanda Full Scale Research - Randomized but Not Baselined,,Project Assessment - 2018.10.14,-2.401998,29.204765,,http://www.worldpop.org.uk/data/summary?doi=10.5258/SOTON/WP00539,5715.0,30114.0,Yove,2307.0,Bwanama,939.0,Rushahaga,793.0,Half of Murambi cell ( seven villages),7813.0,,0.0,,,10/14/18,,,,,,,,,POINT (411558.101730768 4734400.084410337),1670.34,3694.25,7634.2,11869.37,15581.47,1695.18,3672.24,7849.49,12031.34,15792.25
006f100000d88IWAAY,1013893,Rwanda,Rwanda - Nyamiheha - 1013893,Rejected,Technical,11/13/18,Western Province,Nyamasheke,Mahembe,Nyamiheha,Nyamiheha,Kiboga,,,Project Assessment - 2018.10.14,-2.210267,29.263236,,http://www.worldpop.org.uk/data/summary?doi=10.5258/SOTON/WP00539,6706.0,30492.0,Nyamiheha,620.0,Rushoka,769.0,Karambo,489.0,Rugaragara,820.0,,0.0,,,10/14/18,,,,,,,,,POINT (418050.34557490976 4755604.22859276),1726.07,4267.48,7517.12,11069.97,15388.66,1726.62,4381.89,7707.77,11209.92,15703.79
006f100000d88IbAAI,1013894,Rwanda,Rwanda - Gasihe - 1013894,Complete,In Service,2/23/22,Western Province,Nyamasheke,Kanjongo,Raro,Gasihe,Karundura,Rwanda Full Scale Research - Randomized and Baselined - Intervention,,Project Assessment - 2018.10.15,-2.360876,29.157374,,http://www.worldpop.org.uk/data/summary?doi=10.5258/SOTON/WP00539,6436.0,40192.0,Gasihe,792.0,Rugeyo,530.0,Bunyenyezi,560.0,Munini,880.0,,0.0,,,10/14/18,,,,,,,,,POINT (406284.37191678555 4738944.079572565),1212.93,3883.8,7903.4,11555.05,16237.79,1218.73,3778.77,7938.39,11613.49,16388.61
006f100000d88IgAAI,1013895,Rwanda,Rwanda - Nyagisasa - 1013895,Complete,In Service,10/4/21,Western Province,Nyamasheke,Kanjongo,kibogora~Raro,Nyagisasa,Karundura,Rwanda Full Scale Research - Randomized and Baselined - Intervention,,Project Assessment - 2018.10.15,-2.343073,29.140422,,http://www.worldpop.org.uk/data/summary?doi=10.5258/SOTON/WP00539,9870.0,45812.0,Munini,820.0,Rushondi,780.0,Entire raro cell,5524.0,,0.0,,0.0,,,10/14/18,,,,,,,,,POINT (404397.64268863946 4740911.538266264),4107.51,9455.06,14972.33,20755.43,27004.03,4176.27,9443.43,15211.37,21298.68,27583.18
006f100000d88KNAAY,1013896,Rwanda,Rwanda - Nyarubura - 1013896,Rejected,Technical,11/14/18,Western Province,Nyamasheke,Kanjongo,Susa~Gisumo,Nyarubura,Karundura,,,Project Assessment - 2018.10.14,-2.36254,29.2193,,http://www.worldpop.org.uk/data/summary?doi=10.5258/SOTON/WP00539,3903.0,32960.0,Nyarubura,1180.0,Gatebe,975.0,Ruhengeri,1200.0,"Kanyege, rugote",1159.0,,0.0,,,10/14/18,,,,,,,,,POINT (413172.23879111337 4738764.101757315),1080.04,1915.51,3330.13,5461.68,8757.95,1115.83,1953.4,3335.87,5484.47,8754.91
006f100000d88KcAAI,1013897,Rwanda,Rwanda - Rushoka 1 - 1013897,Rejected,Technical,11/11/18,Western Province,Nyamasheke,Gihombo,Kibingo,Rushoka 1,Rugano,,,Project Assessment - 2018.10.14,-2.208637,29.262007,,http://www.worldpop.org.uk/data/summary?doi=10.5258/SOTON/WP00539,6577.0,30761.0,Rugaragara,820.0,Ruskoka,769.0,Karambo,489.0,kirimbi sector,0.0,,0.0,,,10/14/18,,,,,,,,,POINT (417913.5478270033 4755784.396477257),1825.17,4261.21,7371.51,10757.25,15601.05,1874.14,4352.44,7557.8,10996.76,15935.85
006f100000d88KhAAI,1013898,Rwanda,Rwanda - Gisiza - 1013898,Complete,In Service,1/31/23,Western Province,Nyamasheke,Kanjongo,Raro~ Gako,Gisiza,Karundura,Rwanda Full Scale Research - Randomized and Baselined - Intervention,,Project Assessment - 2018.10.15,-2.353335,29.147336,,http://www.worldpop.org.uk/data/summary?doi=10.5258/SOTON/WP00539,7735.0,42336.0,Gasumo,668.0,Baraguma,560.0,Gasihe,792.0,Rwisovu,500.0,Remera,580.0,,,10/14/18,,,,,,,,,POINT (405167.36765942536 4739777.263139344),2357.27,5066.5,9629.69,16167.84,23625.73,2424.52,5075.68,9723.25,16425.39,24120.29
006f100000d88KmAAI,1013899,Rwanda,Rwanda - Kamatsira - 1013899,Complete,In Service,2/21/22,Western Province,Nyamasheke,Rangiro,Gakenke ~ Murambi,Kamatsira,Nyakibande,Rwanda Full Scale Research - Randomized and Baselined - Intervention,,Project Assessment - 2018.10.15,-2.407594,29.163424,,http://www.worldpop.org.uk/data/summary?doi=10.5258/SOTON/WP00539,4360.0,22115.0,Kamatsira,614.0,Ruhana,730.0,Rwasa,677.0,Rugeyo,508.0,Nyakabingo,692.0,,,10/14/18,,,,,,,,,POINT (406960.4302788207 4733778.551155824),1131.78,2930.33,4134.02,6114.2,8842.5,1141.14,3009.3,4215.4,6176.32,8921.08
006f100000d88KrAAI,1013900,Rwanda,Rwanda - Kumugeti - 1013900,Rejected,Technical,11/14/18,Western Province,Nyamasheke,Rangiro,Murambi,Kumugeti,Nyakibande,,,Project Assessment - 2018.10.14,-2.404371,29.168585,,http://www.worldpop.org.uk/data/summary?doi=10.5258/SOTON/WP00539,5014.0,24330.0,Ryarubasha,500.0,Murambi,900.0,Kamatsira,614.0,Half of Gakenke cell,0.0,,0.0,,,10/14/18,,,,,,,,,POINT (407534.23290128546 4734135.291375944),1242.03,2843.72,4431.19,7073.43,10422.51,1299.61,2908.01,4538.77,7151.56,10568.17
006f100000d88KwAAI,1013901,Rwanda,Rwanda - Gahisi - 1013901,Identified,Identified in Needs Assessment,11/16/18,Western Province,Nyamasheke,Rangiro,Gakenke,Gahisi,Karundura,,,Project Assessment - 2018.10.14,-2.408611,29.188273,,http://www.worldpop.org.uk/data/summary?doi=10.5258/SOTON/WP00539,4969.0,28147.0,Gahisi,859.0,Entire Gakenke cell,0.0,Bigeyo,700.0,,0.0,,0.0,,,10/14/18,,,,,,,,,POINT (409724.2602604171 4733667.765171478),857.59,2755.51,6029.62,9511.36,13059.0,898.25,2718.48,6085.02,9613.35,13243.56
006f100000d88PDAAY,1013902,Rwanda,Rwanda - Gahira 1 - 1013902,Rejected,Technical,11/13/18,Western Province,Nyamasheke,Rangiro,Banda,Gahira 1,Nyirabanda,,,Project Assessment - 2018.10.14,-2.442198,29.203302,,http://www.worldpop.org.uk/data/summary?doi=10.5258/SOTON/WP00539,5095.0,14747.0,Gahira,1231.0,Uwakagano,960.0,Bururi,984.0,Ntamba,1007.0,"Rutiritiri, kizingwa",2850.0,,,10/14/18,,,,,,,,,POINT (411397.99629094696 4729954.837494604),2631.09,4352.93,5750.79,6570.0,7639.3,2737.28,4523.11,5929.13,6777.5,7825.62
006f100000d88PIAAY,1013903,Rwanda,Rwanda - Gahira 2 - 1013903,Rejected,Technical,11/1/18,Western Province,Nyamasheke,Rangiro,Banda,Gahira 2,Nyiratungo,,,Project Assessment - 2018.10.14,-2.442784,29.202178,,http://www.worldpop.org.uk/data/summary?doi=10.5258/SOTON/WP00539,5019.0,14401.0,Gahira,980.0,,0.0,,0.0,,0.0,,0.0,,,10/14/18,,,,,,,,,POINT (411273.02488685097 4729889.965838707),2645.07,4339.53,5653.63,6427.98,7551.64,2833.03,4461.96,5832.42,6604.61,7754.67
006f100000d88TZAAY,1013904,Rwanda,Rwanda - Kabukunzi - 1013904,Rejected,Vehicular Bridge Required,11/29/18,Western Province,Nyamasheke,Nyabitekeri,Mariba,Kabukunzi,Gishugi,,,Project Assessment - 2018.10.15,-2.36555,29.033081,,http://www.worldpop.org.uk/data/summary?doi=10.5258/SOTON/WP00539,12250.0,49211.0,Kamukunzi,741.0,,0.0,,0.0,,0.0,,0.0,,,10/14/18,,,,,,,,,POINT (392459.8142590407 4738418.230606479),1391.0,3970.42,8159.2,13899.02,20196.74,1346.59,3996.17,8427.3,14071.71,20756.95
006f100000d88TeAAI,1013905,Rwanda,Rwanda - Kamabera - 1013905,Rejected,Technical,11/12/18,Western Province,Nyamasheke,Nyabitekeri,Mariba,Kamabera,Gasayo,,,Project Assessment - 2018.10.15,-2.365632,29.008657,,http://www.worldpop.org.uk/data/summary?doi=10.5258/SOTON/WP00539,10097.0,45927.0,Kamabera,391.0,Buhinga,463.0,Gakoma,272.0,Karango,490.0,Nyarusange,496.0,,,10/14/18,,,,,,,,,POINT (389743.1285912094 4738407.246498262),2708.23,5185.63,8585.13,13479.29,17934.21,2769.83,5316.23,8616.61,13557.82,18557.96
006Ns00000XuWF8IAN,1054083,Rwanda,Rwanda - Gatongati - 1054083,Identified,Requested,12/31/25,Southern Province,Nyanza,Cyabakamyi,Karama,Gatongati,Nyakigezi,,,Project Pre-Assessment - 2025.3.17,-2.280719,29.639668,8307.0,,,,Kabere,616.0,Kabeza,735.0,Gatongati,1074.0,Karama,1264.0,Kamabuye,917.0,Nyabyiyoni,384.0,3/17/25,Gahengeri,807.0,Gitega,809.0,Kamonyi,876.0,Nyabisazi,825.0,POINT (459923.3306615035 4747830.015017735),1119.73,2212.75,3653.31,6944.2,10354.57,1084.45,2293.68,3737.62,6948.06,10524.13
006Ns00000ZJzjhIAD,1054205,Rwanda,Rwanda - Cyahafi - 1054205,Identified,Requested,12/31/25,Southern Province,Nyanza,Nyagisozi,Rurangazi,Cyahafi,Mwogo,,,Project Assessment - 2025.4.4,-2.372877,29.680526,4489.0,https://api.worldpop.org/v1/services/stats?,5964.53,36941.93,Kigarama,1240.0,Gashyenzi,864.0,Nyaruvumu,855.0,Nyamagana,826.0,Musongati,704.0,,0.0,4/4/25,,0.0,,0.0,,0.0,,0.0,POINT (464469.97612747 4737641.475184495),1651.9,3024.44,5289.84,8378.17,12427.84,1676.5,3033.85,5378.4,8592.25,12711.03
006f100000a86FiAAI,1007506,Rwanda,Rwanda - Uwarukara - 1007506,Complete,In Service,1/25/19,Southern Province,Nyanza,Nyagisozi-Musange (Nyamagabe District),Gahunga-Jenda (Nyamagabe District),Uwarukara,Rukarara,,,Project Pre-Assessment - 2022.11.4,-2.308729,29.604844,5584.0,http://www.worldpop.org.uk/data/summary?doi=10.5258/SOTON/WP00539,3922.0,23723.0,Uwarukara,696.0,Gatoki,222.0,Okk,2222.0,Okk,2222.0,Okk,222.0,,0.0,11/3/22,,0.0,,0.0,,0.0,,0.0,POINT (456050.94910064497 4744731.999275803),1194.52,2809.08,4710.07,7412.54,9784.27,1202.68,2786.99,4754.94,7637.63,10155.6
006f100000a86FyAAI,1007522,Rwanda,Rwanda - Mweya - 1007522,Rejected,Technical,12/30/24,Southern Province,Nyanza,Cyabakamyi-Nyagisozi,Mweya,Mweya,,Rwanda Full Scale Research - Randomized and Baselined - Long Term Control,,Project Assessment - 2018.8.11,-2.32999,29.64216,,http://www.worldpop.org.uk/data/summary?doi=10.5258/SOTON/WP00539,3502.0,24404.0,Myeya,740.0,Nyaruvumu,856.0,Kami,712.0,Gihira,684.0,,0.0,,,8/11/18,,,,,,,,,POINT (460201.8669294783 4742382.328679753),1394.97,2885.39,5203.57,7972.58,11944.3,1416.99,2969.92,5269.16,8163.53,12242.46
006f100000a86FzAAI,1007523,Rwanda,Rwanda - Nyankunamirwa - 1007523,Rejected,Technical,11/5/18,Southern Province,Nyanza,Mukingo,Kiruri,Nyankunamirwa,,,,Project Assessment - 2018.6.28,-2.28014,29.72578,,http://www.worldpop.org.uk/data/summary?doi=10.5258/SOTON/WP00539,4924.0,33997.0,,0.0,,0.0,,0.0,,0.0,,0.0,,,6/28/18,,,,,,,,,POINT (469500.91009747714 4747896.143494775),1901.53,5075.58,10340.9,16609.96,24293.0,1919.19,5049.31,10389.82,16720.55,24560.44
006f100000a86FzAAI,1007523,Rwanda,Rwanda - Nyankunamirwa - 1007523,Rejected,Technical,11/5/18,Southern Province,Nyanza,Mukingo,Kiruri,Nyankunamirwa,,,,Project Assessment - 2018.8.12,-2.28014,29.72578,,http://www.worldpop.org.uk/data/summary?doi=10.5258/SOTON/WP00539,4924.0,33997.0,Nyankunamirwa,446.0,Kinyinya,250.0,Nkiko,570.0,Murehe,535.0,,0.0,,,8/12/18,,,,,,,,,POINT (469500.91009747714 4747896.143494775),1901.53,5075.58,10340.9,16609.96,24293.0,1919.19,5049.31,10389.82,16720.55,24560.44
006f100000a86G1AAI,1007525,Rwanda,Rwanda - Rugwa - 1007525,Complete,In Service,10/11/18,Southern Province,Nyanza,Cyabakamyi - Rwabicuma,Nyabinyenga - Nyarusange,Rugwa,Makera,,,Project Assessment - 2018.6.28,-2.329779,29.668688,,http://www.worldpop.org.uk/data/summary?doi=10.5258/SOTON/WP00539,4171.0,27093.0,Cyarwa,500.0,Rwamagana,0.0,,0.0,,0.0,,0.0,,,6/28/18,,,,,,,,,POINT (463152.2782637304 4742406.379675272),1466.53,3524.51,6104.59,9724.4,14652.57,1503.24,3598.43,6237.63,9934.04,15132.29
006f100000a86G1AAI,1007525,Rwanda,Rwanda - Rugwa - 1007525,Complete,In Service,10/11/18,Southern Province,Nyanza,Cyabakamyi - Rwabicuma,Nyabinyenga - Nyarusange,Rugwa,Makera,,,Project Assessment - 2018.7.25,-2.329779,29.668688,,http://www.worldpop.org.uk/data/summary?doi=10.5258/SOTON/WP00539,4171.0,27093.0,rwamagana,1235.0,Cyarwa,780.0,,0.0,,0.0,,0.0,,,7/25/18,,,,,,,,,POINT (463152.2782637304 4742406.379675272),1466.53,3524.51,6104.59,9724.4,14652.57,1503.24,3598.43,6237.63,9934.04,15132.29
006f100000a86G3AAI,1007527,Rwanda,Rwanda - Macigati - 1007527,Rejected,Technical,11/11/18,Southern Province,Nyanza,Cyabakamyi,Nyarurama,Macigati,,,,Project Assessment - 2018.6.28,-2.30422,29.65685,,http://www.worldpop.org.uk/data/summary?doi=10.5258/SOTON/WP00539,4440.0,27949.0,,0.0,,0.0,,0.0,,0.0,,0.0,,,6/28/18,,,,,,,,,POINT (461834.984666024 4745232.047191469),1602.5,3549.51,5708.08,8521.97,11951.21,1622.69,3578.5,5787.68,8636.88,12182.42
006f100000a86G3AAI,1007527,Rwanda,Rwanda - Macigati - 1007527,Rejected,Technical,11/11/18,Southern Province,Nyanza,Cyabakamyi,Nyarurama,Macigati,,,,Project Assessment - 2018.8.12,-2.30422,29.65685,,http://www.worldpop.org.uk/data/summary?doi=10.5258/SOTON/WP00539,4440.0,27949.0,Rugote,456.0,Nyakabingo,612.0,Cyirombazi,352.0,Kamyuma,750.0,,0.0,,,8/12/18,,,,,,,,,POINT (461834.984666024 4745232.047191469),1602.5,3549.51,5708.08,8521.97,11951.21,1622.69,3578.5,5787.68,8636.88,12182.42
006f100000a86G4AAI,1007528,Rwanda,Rwanda - Cyarera - 1007528,Complete,In Service,10/14/22,Southern Province,Nyanza,Cyabakamyi-Musange,Karama - Gasagara,Cyarera,Mwogo,Rwanda Full Scale Research - Randomized and Baselined - Intervention,,Project Assessment - 2018.8.12,-2.29248,29.61608,,http://www.worldpop.org.uk/data/summary?doi=10.5258/SOTON/WP00539,4472.0,25472.0,Cyarera,663.0,Gatongati,720.0,Masangano,584.0,,0.0,,0.0,,,8/12/18,,,,,,,,,POINT (457300.14713224967 4746528.952823515),820.66,2408.77,4583.49,7541.23,10250.22,831.58,2469.78,4742.87,7691.88,10502.21
006f100000aA0hfAAC,1007899,Rwanda,Rwanda - Nyaruvumu - 1007899,Rejected,Technical,12/31/18,Southern Province,Nyanza,Nyagisozi,,Nyaruvumu,Mwogo,,,Project Assessment - 2018.12.12,-2.3381,29.6548,,http://www.worldpop.org.uk/data/summary?doi=10.5258/SOTON/WP00539,3724.0,25372.0,,0.0,,0.0,,0.0,,0.0,,0.0,,,12/12/18,,,,,,,,,POINT (461607.895752931 4741485.980362406),1295.77,3599.05,6738.32,9646.88,12608.18,1318.96,3640.09,6848.19,9697.63,12761.71
006f100000cPI5wAAG,1012380,Rwanda,Rwanda - Kadaho - 1012380,Rejected,Social,7/3/18,Southern Province,Nyanza,Cyabakamyi,Rubona-kadano,Kadaho,Nyakigezi,,,Project Assessment - 2018.6.28,-2.266448,29.647273,,http://www.worldpop.org.uk/data/summary?doi=10.5258/SOTON/WP00539,4756.0,34035.0,Kabeza,500.0,Nyabishike,0.0,Nyarutovu,0.0,Kabere,658.0,,0.0,,,6/28/18,,,,,,,,,POINT (460768.79572004173 4749408.127113219),735.58,2082.91,4310.71,7271.65,10515.61,748.45,2168.26,4424.7,7391.56,10747.22
006f100000d6mY6AAI,1012830,Rwanda,Rwanda - Kamushi - 1012830,Complete,In Service,6/2/23,Southern Province,Nyanza,Rwabicuma - Cyabakamyi,Nyarusange - Nyabinyenga,Kamushi,Makera,Rwanda Full Scale Research - Randomized and Baselined - Intervention,,Project Assessment - 2018.8.19,-2.33542,29.67251,,http://www.worldpop.org.uk/data/summary?doi=10.5258/SOTON/WP00539,4178.0,26391.0,Kamushi,842.0,Kamuvunyi B,737.0,Rwamagana,682.0,Rugwa,721.0,Nyabinyenga,726.0,,,8/18/18,,,,,,,,,POINT (463577.50165679725 4741782.771308379),1679.47,3578.89,6351.05,11086.44,15636.02,1697.56,3620.34,6576.1,11321.08,15807.65
006f100000d6mYGAAY,1012831,Rwanda,Rwanda - Gasharu - 1012831,Complete,In Service,5/21/23,Southern Province,Nyanza,Rwabicuma - Cyabakamyi,Cyerezo - Nyabinyenga,Gasharu,Makera,Rwanda Full Scale Research - Randomized and Baselined - Intervention,,Project Assessment - 2018.8.19,-2.31422,29.69336,,http://www.worldpop.org.uk/data/summary?doi=10.5258/SOTON/WP00539,5264.0,27139.0,Gasharu,1255.0,Nyabinyenga,726.0,Bweramana,950.0,Cyikirehe,600.0,,0.0,,,8/18/18,,,,,,,,,POINT (465895.8929325722 4744127.30687183),4033.55,7506.84,11099.51,15892.39,21786.85,3979.26,7660.58,11368.37,16287.53,22334.67
006f100000d6mYLAAY,1012832,Rwanda,Rwanda - Bweramana - 1012832,Rejected,Technical,11/11/18,Southern Province,Nyanza,Rwabicuma,Cyerezo,Bweramana,,,,Project Assessment - 2018.8.18,-2.3098,29.69524,,http://www.worldpop.org.uk/data/summary?doi=10.5258/SOTON/WP00539,5275.0,28051.0,Gasharu,1255.0,Bweramana,950.0,Cyikirehe,600.0,Nyabinyenga,726.0,,0.0,,,8/18/18,,,,,,,,,POINT (466104.8812373958 4744616.056269086),4233.21,7705.11,12621.83,17161.06,21647.28,4221.32,7861.45,12844.28,17610.84,22152.17
006f100000d6mYQAAY,1012833,Rwanda,Rwanda - Karambi - 1012833,Rejected,Technical,11/5/18,Southern Province,Nyanza,Rwabicuma,Nyarusange,Karambi,,,,Project Assessment - 2018.8.18,-2.34876,29.68835,,http://www.worldpop.org.uk/data/summary?doi=10.5258/SOTON/WP00539,3895.0,26866.0,Karambi,536.0,Gakoni,1800.0,Kamuvunyi A,564.0,Kamuvunyi B,737.0,,0.0,,,8/18/18,,,,,,,,,POINT (465339.5267537503 4740308.211754849),2146.15,4522.01,6856.55,9905.17,14600.68,2148.21,4807.34,7163.61,10171.97,14983.36
006f100000d6mYVAAY,1012834,Rwanda,Rwanda - Cyahafi - 1012834,Rejected,Technical,12/14/18,Southern Province,Nyanza,Nyagisozi - Rwabicuma,Kabirizi - Runga,Cyahafi,,Rwanda Full Scale Research - Randomized and Lost,,Project Assessment - 2018.8.18,-2.37584,29.68033,,http://www.worldpop.org.uk/data/summary?doi=10.5258/SOTON/WP00539,4593.0,26427.0,Cyahafi,835.0,Rugarama,540.0,Nyagatovu,750.0,Gashyenzi,762.0,,0.0,,,8/18/18,,,,,,,,,POINT (464448.25365566707 4737313.860572725),1543.21,2836.35,5199.9,8293.69,11940.94,1526.49,2883.94,5253.52,8559.57,12277.35
006f100000d6wQXAAY,1013002,Rwanda,Rwanda - Muturirwa - 1013002,Rejected,Technical,11/14/18,Southern Province,Nyanza,Mukingo,Ngwa - Kiruri,Muturirwa,,,,Project Assessment - 2018.8.26,-2.26129,29.74834,,http://www.worldpop.org.uk/data/summary?doi=10.5258/SOTON/WP00539,6266.0,41987.0,Kidaturwa,470.0,Muturirwa,1223.0,Kagwa,609.0,Kaganza,1421.0,,0.0,,,8/26/18,,,,,,,,,POINT (472009.71560656687 4749980.771323801),2649.37,7811.26,13996.56,21391.42,28787.73,2707.29,8061.18,14433.72,21694.94,29379.22
006f100000d6wQcAAI,1013003,Rwanda,Rwanda - Muhazi - 1013003,Rejected,Technical,11/5/18,Southern Province,Nyanza,Mukingo,Ngwa,Muhazi,,,,Project Assessment - 2018.8.26,-2.27217,29.76871,,http://www.worldpop.org.uk/data/summary?doi=10.5258/SOTON/WP00539,6263.0,51578.0,Karenge,565.0,Kigarama,916.0,Biroro,612.0,,0.0,,0.0,,,8/26/18,,,,,,,,,POINT (474275.52532405354 4748778.191530456),3227.51,7606.59,13303.95,20443.37,29276.54,3338.06,7811.67,13860.26,20899.02,29807.28
006f100000d6wQhAAI,1013004,Rwanda,Rwanda - Rutete - 1013004,Rejected,Technical,11/5/18,Southern Province,Nyanza,Mukingo,Ngwa,Rutete,,,,Project Assessment - 2018.8.26,-2.28832,29.75688,,http://www.worldpop.org.uk/data/summary?doi=10.5258/SOTON/WP00539,6554.0,37945.0,Rutete,913.0,Mwanabiri,720.0,Karenge,565.0,Biroro,612.0,,0.0,,,8/26/18,,,,,,,,,POINT (472960.06595429574 4746992.33507073),3876.64,9703.53,18489.92,25971.3,33732.3,3832.86,9780.52,18778.33,26487.43,34451.91
006f100000d6wQmAAI,1013005,Rwanda,Rwanda - Kinyinya - 1013005,Rejected,Technical,11/5/18,Southern Province,Nyanza,Mukingo,Mpanga- Ngwa,Kinyinya,,,,Project Assessment - 2018.8.26,-2.2864,29.73414,,http://www.worldpop.org.uk/data/summary?doi=10.5258/SOTON/WP00539,5136.0,34133.0,Karambi,260.0,Kinyinya,871.0,Rutete - Gasiza,1521.0,Mubaja,729.0,,0.0,,,8/26/18,,,,,,,,,POINT (470430.8544637388 4747204.1735919155),2954.62,7669.53,12936.3,19028.19,27500.95,2835.76,7695.75,12798.26,19347.58,27836.12
006f100000d6wQwAAI,1013006,Rwanda,Rwanda - Mataba - 1013006,Rejected,Technical,11/5/18,Southern Province,Nyanza,Mukingo,Mpanga - Nkomero,Mataba,,,,Project Assessment - 2018.8.26,-2.28569,29.71634,,http://www.worldpop.org.uk/data/summary?doi=10.5258/SOTON/WP00539,4323.0,32747.0,Mataba,397.0,Kigarama,494.0,Nyarutovu - Kerezo,1544.0,Kinyinya - Nyankunamirwa,1521.0,Gisuma - Nzuki - Kiganda,1497.0,,,8/26/18,,,,,,,,,POINT (468451.0940931428 4747282.296942132),1026.24,3010.3,7308.73,13570.52,22064.37,1100.11,2954.24,7447.37,13544.19,22020.77
006f100000d6wRBAAY,1013007,Rwanda,Rwanda - Kavure - 1013007,Rejected,Technical,11/5/18,Southern Province,Nyanza,Cyabakamyi,Rubona,Kavure,,,,Project Assessment - 2018.8.26,-2.28603,29.67857,,http://www.worldpop.org.uk/data/summary?doi=10.5258/SOTON/WP00539,5019.0,31522.0,Bugarama,396.0,Gahunga,1250.0,Nyankokoma,753.0,,0.0,,0.0,,,8/26/18,,,,,,,,,POINT (464250.2494266124 4747243.819569074),1614.73,3869.93,7822.01,12111.01,16838.61,1714.19,4106.9,8094.43,12476.72,17276.44
006f100000d6wRLAAY,1013008,Rwanda,Rwanda - Ndago - 1013008,Rejected,Technical,11/5/18,Southern Province,Nyanza,Rwabicuma,Nyarusange - Runga,Ndago,,,,Project Assessment - 2018.8.26,-2.35939,29.6848,,http://www.worldpop.org.uk/data/summary?doi=10.5258/SOTON/WP00539,3950.0,26517.0,Kavumu,417.0,Ndago,700.0,Rugarama B,647.0,Kavumu B,542.0,,0.0,,,8/26/18,,,,,,,,,POINT (464944.9714856259 4739132.798473866),1438.88,3258.49,6170.5,9680.47,14479.0,1476.48,3344.36,6407.9,9984.95,14828.43
006f100000d6wRQAAY,1013009,Rwanda,Rwanda - Kubateri - 1013009,Rejected,Technical,11/5/18,Southern Province,Nyanza,Rwabicuma,Runga - Mubuga,Kubateri,,,,Project Assessment - 2018.8.26,-2.39148,29.69369,,http://www.worldpop.org.uk/data/summary?doi=10.5258/SOTON/WP00539,4288.0,26733.0,Kigarama,1020.0,Kadusenyi,1121.0,Kabisine,916.0,Rugarama B,647.0,,0.0,,,8/26/18,,,,,,,,,POINT (465934.4703301964 4735584.933482584),1033.25,2630.33,5447.61,8760.74,12150.87,1064.23,2683.32,5509.2,8913.21,12436.55
006f100000d6wRaAAI,1013010,Rwanda,Rwanda - Kagina - 1013010,Rejected,Technical,11/5/18,Southern Province,Nyanza,Muyira,Nyamure,Kagina,,,,Project Assessment - 2018.8.26,-2.34749,29.79864,,https://api.worldpop.org/v1/services/stats?,7909.48,65591.36,Gatare,1120.0,Nyarugunga,847.0,Cyegera,723.0,Bugarama,902.0,Rugali,694.0,,,8/26/18,,,,,,,,,POINT (477605.5861430959 4740450.880766517),1368.19,3335.13,6738.75,11420.23,16646.5,1354.77,3411.2,6816.66,11715.19,17018.58
006f100000d6wRfAAI,1013011,Rwanda,Rwanda - Kamabuye - 1013011,Complete,In Service,6/13/23,Southern Province,Nyanza,Cyabakamyi - Mukingo,Nyabinyenga - Cyerezo,Kamabuye,Rukukumbo,Rwanda Full Scale Research - Randomized and Baselined - Intervention,,Project Assessment - 2018.8.27,-2.30024,29.6845,,http://www.worldpop.org.uk/data/summary?doi=10.5258/SOTON/WP00539,5105.0,29880.0,Kamabuye,860.0,Taba,766.0,Kimana - Cyikirehe,1734.0,Cyumba,597.0,Nyankokoma,753.0,,,8/26/18,,,,,,,,,POINT (464910.14259501605 4745672.813303224),2820.18,5767.29,9746.93,14640.7,20345.52,2882.88,5877.87,10086.74,15025.71,20906.24
006f100000d6wRkAAI,1013012,Rwanda,Rwanda - Buhaza - 1013012,Rejected,Technical,11/5/18,Southern Province,Nyanza,Muyira,Gati - Nyamiyaga,Buhaza,,,,Project Assessment - 2018.8.26,-2.33834,29.84104,,http://www.worldpop.org.uk/data/summary?doi=10.5258/SOTON/WP00539,3863.0,26267.0,Buhaza,3240.0,Kinyoni,3500.0,Nyarugunga,721.0,Kabuye,512.0,,0.0,,,8/26/18,,,,,,,,,POINT (482321.0351579162 4741463.16243664),1496.71,4952.92,8849.21,13143.8,18469.94,1441.64,4862.23,8983.92,13290.55,18630.0
006f100000d6wRpAAI,1013013,Rwanda,Rwanda - Bigugu - 1013013,Rejected,Technical,11/5/18,Southern Province,Nyanza,Muyira - Kibirizi,Migina - Rwotsa,Bigugu,,,,Project Assessment - 2018.8.26,-2.38034,29.86227,,http://www.worldpop.org.uk/data/summary?doi=10.5258/SOTON/WP00539,3179.0,20971.0,Kinyana,1717.0,Kibirizi,2800.0,Kankima - Gituza,1119.0,Nyarurama,847.0,Saruhembe - Kabuga,1251.0,,,8/26/18,,,,,,,,,POINT (484682.62456968514 4736819.6641993495),1619.82,3278.07,5090.21,8481.95,13472.35,1717.84,3363.66,5196.25,8690.67,13730.08
006f100000d6wRuAAI,1013014,Rwanda,Rwanda - Nyakagende - 1013014,Rejected,Technical,11/5/18,Southern Province,Nyanza,Muyira - Kibirizi,Migina - Rwotsa,Nyakagende,,,,Project Assessment - 2018.8.26,-2.37474,29.86776,,http://www.worldpop.org.uk/data/summary?doi=10.5258/SOTON/WP00539,3137.0,21522.0,Kinyana,1717.0,Kibirizi,2800.0,Kankima - Gituza,1119.0,Nyarurama,847.0,Saruhembe - Kabuga,1251.0,,,8/26/18,,,,,,,,,POINT (485293.1261234893 4737438.890319077),806.56,2149.85,4494.88,9015.04,14419.81,880.87,2185.52,4656.36,9205.71,14537.89
006f100000d6wRzAAI,1013015,Rwanda,Rwanda - Nyamiyaga - 1013015,Rejected,Technical,11/12/18,Southern Province,Nyanza,Rwabicuma,Gacu,Nyamiyaga,,,,Project Assessment - 2018.8.26,-2.34365,29.72707,,http://www.worldpop.org.uk/data/summary?doi=10.5258/SOTON/WP00539,5907.0,47307.0,Nyamiyaga,1463.0,Nyamagana,1556.0,Bisambu - Gisake,1730.0,Nyamivumu - Nyamivumu B,2755.0,,0.0,,,8/26/18,,,,,,,,,POINT (469645.7359450287 4740874.10605818),2033.42,5172.67,10366.5,17127.22,25780.7,2190.86,5274.42,10533.15,17767.86,26751.12
006f100000d766ZAAQ,1013268,Rwanda,Rwanda - Sheni - 1013268,Rejected,Technical,11/5/18,Southern Province,Nyanza,Ntyazo,Cyotamakara,Sheni,,,,Project Assessment - 2018.9.2,-2.40452,29.83705,,http://www.worldpop.org.uk/data/summary?doi=10.5258/SOTON/WP00539,3055.0,21873.0,Nyarutovu,787.0,Karuyumbu,1050.0,Kankima,1275.0,,0.0,,0.0,,,9/2/18,,,,,,,,,POINT (481878.14146757487 4734145.882286293),1192.59,3368.19,7628.08,11390.08,15002.39,1237.27,3405.84,7570.27,11613.03,15045.35
006f100000d766eAAA,1013269,Rwanda,Rwanda - Nyabugugu - 1013269,Rejected,Technical,11/5/18,Southern Province,Nyanza,Muyira,Gati - Nyundo,Nyabugugu,,,,Project Assessment - 2018.9.2,-2.33172,29.88638,,http://www.worldpop.org.uk/data/summary?doi=10.5258/SOTON/WP00539,3998.0,25948.0,Mugari,1267.0,Nyakibungo,852.0,Gihama,935.0,Nzoga,588.0,,0.0,,,9/2/18,,,,,,,,,POINT (487363.53723483405 4742195.593980031),1397.34,3145.8,6249.02,10649.02,16287.45,1423.42,3164.6,6342.98,10936.31,16575.72
006f100000d766jAAA,1013270,Rwanda,Rwanda - Gateme - 1013270,Rejected,Technical,11/5/18,Southern Province,Nyanza,Kibirizi,Cyeru - Mututu,Gateme,Gateme,,,Project Assessment - 2018.9.2,-2.35699,29.93402,,http://www.worldpop.org.uk/data/summary?doi=10.5258/SOTON/WP00539,4501.0,20807.0,Muyobora,748.0,Gicumbi,657.0,Kamatamu,632.0,,0.0,,0.0,,,9/2/18,,,,,,,,,POINT (492662.0445681349 4739401.950503073),1831.73,3587.81,6530.18,9429.13,13053.3,1819.24,3593.22,6541.4,9400.6,13198.87
006f100000d766oAAA,1013271,Rwanda,Rwanda - Kigufi - 1013271,Rejected,Technical,11/5/18,Southern Province,Nyanza,Mukingo - Muyira,Butara - Nyamure,Kigufi,,,,Project Assessment - 2018.9.2,-2.33736,29.8197,,http://www.worldpop.org.uk/data/summary?doi=10.5258/SOTON/WP00539,4687.0,30033.0,Kigufi,547.0,Runyinya,944.0,Gatare,563.0,,0.0,,0.0,,,9/2/18,,,,,,,,,POINT (479947.65508570324 4741571.230050764),1804.45,4790.72,7952.69,13603.21,19350.38,1803.4,4905.41,8070.5,13793.75,19778.69
006f100000d766tAAA,1013272,Rwanda,Rwanda - Nyakagende - 1013272,Rejected,Technical,11/5/18,Southern Province,Nyanza,Busoro,Masangano - Munyinya,Nyakagende,,,,Project Assessment - 2018.9.2,-2.29712,29.93744,,http://www.worldpop.org.uk/data/summary?doi=10.5258/SOTON/WP00539,5718.0,28623.0,Nyarugunga,972.0,Kivugiza,1188.0,Kigali,1124.0,,0.0,,0.0,,,9/2/18,,,,,,,,,POINT (493042.10601998115 4746021.501486327),2226.46,5868.46,9952.06,13344.63,16283.62,2248.8,5979.95,10191.77,13512.94,16593.94
006f100000d766yAAA,1013273,Rwanda,Rwanda - Mamashenge - 1013273,Complete,In Service,12/22/23,Southern Province,Nyanza,Kigoma,Butara - Butansinda,Mamashenge,Bidubi,Rwanda Full Scale Research - Randomized and Baselined - Intervention,,Project Assessment - 2018.9.3,-2.30577,29.79548,,http://www.worldpop.org.uk/data/summary?doi=10.5258/SOTON/WP00539,6150.0,40927.0,Kavumu,1302.0,Mataba,845.0,Ishuru,0.0,kinini,0.0,Gasoro,0.0,Butara,,9/2/18,Nyabusheshi,,karama,,Kayange,,Shusho,,POINT (477253.4742788009 4745063.633077103),1309.4,3756.24,7432.84,12368.65,18469.17,1324.58,3878.15,7519.0,12576.88,18879.8
006f100000d7673AAA,1013274,Rwanda,Rwanda - Marongi - 1013274,Rejected,Technical,6/19/23,Southern Province,Nyanza,Kigoma,Butara - Butansinda,Marongi,Budubi,,,Project Assessment - 2018.9.2,-2.30781,29.81484,,http://www.worldpop.org.uk/data/summary?doi=10.5258/SOTON/WP00539,5759.0,35984.0,Butara,1060.0,Gasharu,1388.0,Marongi,1760.0,Kigoma,1785.0,Kibavu,731.0,,,9/2/18,,,,,,,,,POINT (479406.71287232975 4744838.373851446),1722.53,4690.33,8650.0,13335.37,19427.02,1766.63,4851.89,8797.26,13646.04,19718.42
006f100000d7678AAA,1013275,Rwanda,Rwanda - Bibumba - 1013275,Complete,In Service,6/30/23,Southern Province,Nyanza,Kigoma - Ntongwe,Murinja - Kareba,Bibumba,Rubuyenge,Rwanda Full Scale Research - Randomized and Baselined - Intervention,,Project Assessment - 2018.9.3,-2.2794,29.8712,,http://www.worldpop.org.uk/data/summary?doi=10.5258/SOTON/WP00539,4478.0,29991.0,Burambe,530.0,Muramba,672.0,Nyarukurazo,763.0,Marimba,582.0,Kamakara,605.0,,,9/2/18,,,,,,,,,POINT (485674.739057179 4747980.224935006),1059.46,3290.36,5712.64,8539.65,12016.11,1078.73,3362.14,5908.77,8806.92,12393.65
006f100000d767DAAQ,1013276,Rwanda,Rwanda - Rwanamiza - 1013276,Rejected,Technical,11/5/18,Southern Province,Nyanza,Muyira - Busoro,Gati - Rukingiro,Rwanamiza,Budubi,,,Project Assessment - 2018.9.2,-2.3084,29.88881,,http://www.worldpop.org.uk/data/summary?doi=10.5258/SOTON/WP00539,4397.0,28539.0,Rwabihanga,1987.0,Rwanamiza,1823.0,Kimfizi,981.0,,0.0,,0.0,,,9/2/18,,,,,,,,,POINT (487633.59205807303 4744773.997105323),1142.11,3927.79,6625.14,9972.13,14474.69,1277.99,4038.99,6795.91,10175.27,14985.6
006f100000d767IAAQ,1013277,Rwanda,Rwanda - Seyi - 1013277,Rejected,Technical,11/5/18,Southern Province,Nyanza,Ntyazo - Gikonko,Kagunga - Cyiri,Seyi,,,,Project Assessment - 2018.9.2,-2.45455,29.85668,,http://www.worldpop.org.uk/data/summary?doi=10.5258/SOTON/WP00539,4736.0,29304.0,Rusasa,496.0,Ntebe,542.0,Sanzu,726.0,Murambi,1497.0,,0.0,,,9/2/18,,,,,,,,,POINT (484061.80797125597 4728614.53208736),1719.12,4269.49,7442.14,11135.98,16394.07,1836.3,4313.48,7477.62,11440.64,16725.73
006f100000d767NAAQ,1013278,Rwanda,Rwanda - Ntebe - 1013278,Rejected,Technical,11/14/18,Southern Province,Nyanza,Ntyazo - Gikonko,Kagunga - Cyiri,Ntebe,,,,Project Assessment - 2018.9.2,-2.45118,29.87035,,http://www.worldpop.org.uk/data/summary?doi=10.5258/SOTON/WP00539,4169.0,29107.0,Ntebe,542.0,Rusasa,496.0,Sanzu,726.0,,0.0,,0.0,,,9/2/18,,,,,,,,,POINT (485581.9747734451 4728987.293032293),1738.6,3688.35,6177.6,10108.78,16119.56,1715.92,3728.57,6505.31,10388.7,16529.79
006f100000d767SAAQ,1013279,Rwanda,Rwanda - Cyiri - 1013279,Rejected,Technical,11/11/18,Southern Province,Nyanza,Ntyazo - Gikonko,Kagunga - Cyiri,Cyiri,,,,Project Assessment - 2018.9.2,-2.45403,29.84815,,http://www.worldpop.org.uk/data/summary?doi=10.5258/SOTON/WP00539,4814.0,28474.0,Samuduha,440.0,Rusasa,496.0,Kimigunga - Kamabuye,1105.0,Sanzu,726.0,Murambi,1497.0,,,9/2/18,,,,,,,,,POINT (483113.2032859642 4728671.921576949),2614.69,4626.01,7058.79,10998.47,17281.99,2603.77,4691.84,7171.12,11177.36,17718.99
0063Z00000huHAMQA2,1021789,Rwanda,Rwanda - Kamenge - 1021789,Rejected,Technical,11/14/19,Kigali,Nyarugenge,Kanyinya,Nzove - Kamenge,Kamenge,Nyabugogo,,,Project Assessment - 2019.11.14,-1.947858,30.00694444,100.0,https://api.worldpop.org/v1/services/stats?,30929.52,229077.12,Kamenge,100.0,,0.0,,0.0,,0.0,,0.0,,0.0,11/14/19,,0.0,,0.0,,0.0,,0.0,POINT (500772.530563799 4784637.716009648),6775.33,15023.8,24824.12,36406.88,50185.8,7112.96,15011.36,24967.95,36608.34,50999.44
0063Z00000plEZkQAM,1037177,Rwanda,Rwanda - Rubete - 1037177,Complete,In Service,5/13/22,Kigali,Nyarugenge,"Mageragere, Kigarama, Nyamirambo","Nyarufunzo, Nyarurama, Rugarama",Rubete,Nyagakonyi,,,Project Pre-Assessment - 2021.7.21,-2.00275,30.048861,3937.0,https://api.worldpop.org/v1/services/stats?,45858.86,281089.38,Nyarufunzo,385.0,Rubete,2496.0,kiberinka,1056.0,Rebero,0.0,,0.0,,0.0,7/21/21,,0.0,,0.0,,0.0,,0.0,POINT (505435.338415422 4778568.52801228),10303.0,24493.07,45030.12,66869.43,88912.03,10617.71,23929.62,45242.46,67433.85,89341.56
0063Z00000plEZkQAM,1037177,Rwanda,Rwanda - Rubete - 1037177,Complete,In Service,5/13/22,Kigali,Nyarugenge,"Mageragere, Kigarama, Nyamirambo","Nyarufunzo, Nyarurama, Rugarama",Rubete,Nyagakonyi,,,PAVA - Rubete - 1037177 - 2023-07-21,-2.00275,30.048861,0.0,https://api.worldpop.org/v1/services/stats?,45858.86,281089.38,,0.0,,0.0,,0.0,,0.0,,0.0,,0.0,7/21/23,,0.0,,0.0,,0.0,,0.0,POINT (505435.338415422 4778568.52801228),10303.0,24493.07,45030.12,66869.43,88912.03,10617.71,23929.62,45242.46,67433.85,89341.56
0063Z0000103wAPQAY,1045925,Rwanda,Rwanda - Nyarurenzi - 1045925,Identified,Requested,12/31/24,Kigali,Nyarugenge,Mageragera,Nyarurenzi,Nyarurenzi,Gauge,,,Project Assessment - 2023.5.16,-2.049401,30.048612,5718.0,https://api.worldpop.org/v1/services/stats?,6183.8,48340.91,Mpanga,1300.0,Nyabirondo,886.0,Iterambere,1429.0,Ayabaramba,1280.0,Gikuyu,823.0,,0.0,5/16/23,,0.0,,0.0,,0.0,,0.0,POINT (505407.4847229967 4773410.577528866),2221.22,3951.31,6151.15,9000.78,13716.38,2248.68,3930.93,6172.44,9181.93,13995.27
0063Z0000103wBHQAY,1045924,Rwanda,Rwanda - Nyarubande - 1045924,Identified,Requested,3/31/25,Kigali,Nyarugenge,Mageragera,Ntungamo,Nyarubande,Nyabarongo,,,Project Assessment - 2023.5.16,-2.063839,29.996718,8970.0,https://api.worldpop.org/v1/services/stats?,6726.08,39256.89,Nyarubande,2200.0,Nyabintare,1650.0,Rubungo,1480.0,Gateko,1950.0,Gashari,1690.0,,0.0,5/16/23,,0.0,,0.0,,0.0,,0.0,POINT (499634.92135253927 4771814.326795561),814.36,1747.83,3404.75,5869.96,9479.64,767.48,1719.03,3434.0,6006.4,9706.91
0063Z0000103wCKQAY,1045926,Rwanda,Rwanda - NYARUFUNZO - 1045926,Identified,Requested,6/30/25,Kigali,Nyarugenge,Mageragere,Nyarufunzo,NYARUFUNZO,Rainwater,,,Project Assessment - 2023.5.16,-2.012329,30.043182,8002.0,https://api.worldpop.org/v1/services/stats?,20218.25,206464.98,Akabungo,1620.0,Nyarufuzo,1832.0,Gasharu,1540.0,Karukora,1670.0,Musave,1340.0,,0.0,5/16/23,,0.0,,0.0,,0.0,,0.0,POINT (504803.5736261092 4777509.44732359),5519.36,11304.67,19679.5,31911.4,53253.69,5738.04,11521.58,19914.94,31980.06,53498.79
0063Z0000103wCKQAY,1045926,Rwanda,Rwanda - NYARUFUNZO - 1045926,Identified,Requested,6/30/25,Kigali,Nyarugenge,Mageragere,Nyarufunzo,NYARUFUNZO,Rainwater,,,Project Pre-Assessment - 2023.7.20,-2.012329,30.043182,1670.0,https://api.worldpop.org/v1/services/stats?,20218.25,206464.98,Karukora,1670.0,Gashari,0.0,Nyarufunzo,0.0,Kabungo,0.0,Rubeti,0.0,,0.0,7/20/23,,0.0,,0.0,,0.0,,0.0,POINT (504803.5736261092 4777509.44732359),5519.36,11304.67,19679.5,31911.4,53253.69,5738.04,11521.58,19914.94,31980.06,53498.79
0063Z0000105bAWQAY,1047207,Rwanda,Rwanda - Nyarufunzo - 1047207,Rejected,Technical,12/31/23,Kigali,Nyarugenge,Maberabere,,Nyarufunzo,Rain water,,,Project Pre-Assessment - 2023.5.16,-2.020869,30.043259,6826.0,https://api.worldpop.org/v1/services/stats?,11505.64,147214.34,Akamashinge,1511.0,Maya,1431.0,Nyarufunzo,1832.0,Musave,950.0,Rugendabari,1102.0,,0.0,5/16/23,,0.0,,0.0,,0.0,,0.0,POINT (504812.1140356905 4776565.225200797),2800.75,6700.71,11197.9,20342.05,31303.42,2977.89,6975.17,11435.46,20589.76,31440.28
0063Z0000105bAWQAY,1047207,Rwanda,Rwanda - Nyarufunzo - 1047207,Rejected,Technical,12/31/23,Kigali,Nyarugenge,Maberabere,,Nyarufunzo,Rain water,,,Project Assessment - 2023.7.22,-2.020869,30.043259,980.0,https://api.worldpop.org/v1/services/stats?,11505.64,147214.34,Nyarufumzo,980.0,,0.0,,0.0,,0.0,,0.0,,0.0,7/22/23,,0.0,,0.0,,0.0,,0.0,POINT (504812.1140356905 4776565.225200797),2800.75,6700.71,11197.9,20342.05,31303.42,2977.89,6975.17,11435.46,20589.76,31440.28
0063Z0000105cbBQAQ,1047233,Rwanda,Rwanda - Nyarufunzo - 1047233,Identified,,6/30/25,Kigali,Nyarugenge,Mageragera,Nyarufunzo,Nyarufunzo,Rain water,,,Project Assessment - 2023.7.24,-2.0012,30.04305,8002.0,https://api.worldpop.org/v1/services/stats?,12402.33,52907.25,Gasharu,1540.0,Musave,1340.0,Akabungo,1620.0,Karukora,1670.0,Nyarufunzo,1832.0,,0.0,7/24/23,,0.0,,0.0,,0.0,,0.0,POINT (504788.922293898 4778739.921268969),10893.34,23618.73,43927.91,66553.18,92278.44,10833.89,23260.32,43768.2,66857.3,92502.64
006Ns00000DDhVtIAL,1051142,Rwanda,Rwanda - Nyarufunzo - 1051142,Under Construction,,6/30/25,Kigali,Nyarugenge,Mageragere,Nyarufunzo,Nyarufunzo,Rainwater,,,Project Pre-Assessment - 2024.4.17,-2.01546,30.038,8714.0,https://api.worldpop.org/v1/services/stats?,14517.39,163407.28,Nyarufunzo,1832.0,Akabungo,1620.0,Rubeti,1681.0,Maya,1431.0,Nyarurama,2150.0,,0.0,4/17/24,,0.0,,0.0,,0.0,,0.0,POINT (504227.1188335261 4777163.283857605),3864.56,8612.12,15943.24,24772.09,36102.03,4052.99,8643.44,15991.27,25083.12,36165.44
006f100000a86G6AAI,1007530,Rwanda,Rwanda - Gatare - 1007530,Complete,In Service,11/15/18,Kigali,Nyarugenge,Gatsata-Kanyinya,Gasiza-Gatare,Gatare,Yanza,,Rwanda Catchment Survey Sites - Not Randomized,Project Assessment - 2018.6.11,-1.94142,30.034608,,http://www.worldpop.org.uk/data/summary?doi=10.5258/SOTON/WP00539,59847.0,388610.0,Rubonobono,1504.0,Gasiza,1200.0,,0.0,,0.0,,0.0,,,6/11/18,,,,,,,,,POINT (503849.9635158623 4785349.492440832),15788.23,36273.56,81037.66,136645.7,197542.69,16213.01,36394.81,81449.74,138509.42,199743.69
006f100000eekV1AAI,1014238,Rwanda,Rwanda - Iterambere - 1014238,Rejected,Technical,11/28/18,Kigali,Nyarugenge,Gitega,Akabahizi,Iterambere,Ruhurura,,,Project Pre-Assessment - 2018.11.11,-1.94381,30.05001,,http://www.worldpop.org.uk/data/summary?doi=10.5258/SOTON/WP00539,158169.0,490638.0,Umucyo,712.0,,0.0,,0.0,,0.0,,0.0,,,11/11/18,,,,,,,,,POINT (505563.3500242211 4785085.200335768),47084.39,95431.09,150086.86,203065.8,261313.2,47441.31,96254.31,151604.88,206391.67,266040.84
006f100000eekV6AAI,1014239,Rwanda,Rwanda - Akatabaro - 1014239,Rejected,Vehicular Bridge Required,11/30/18,Kigali,Nyarugenge,Nyamirambo,Mumena,Akatabaro,Akababoyi,,,Project Pre-Assessment - 2018.11.11,-1.985294,30.056113,,http://www.worldpop.org.uk/data/summary?doi=10.5258/SOTON/WP00539,92351.0,422011.0,Akatabaro,1240.0,Kamabuye,2100.0,,0.0,,0.0,,0.0,,,11/11/18,,,,,,,,,POINT (506242.12295868085 4780498.5181195475),27679.77,57644.96,100694.3,147289.03,192510.67,28189.69,57933.02,101391.49,149047.97,195009.39
006f100000eekVLAAY,1014242,Rwanda,Rwanda - Itsinzi - 1014242,Rejected,Technical,11/17/18,Kigali,Nyarugenge,Nyarugenge,Gitega-Itsinzi,Itsinzi,Mpazi,,,Project Assessment - 2018.11.11,-1.96302,30.05622,,http://www.worldpop.org.uk/data/summary?doi=10.5258/SOTON/WP00539,192202.0,539477.0,Itsinzi,576.0,Ubumwe,523.0,Kabuguru 1,725.0,,0.0,,0.0,,,11/11/18,,,,,,,,,POINT (506254.1091022194 4782961.233379591),45067.74,91563.5,142056.69,193754.23,251500.16,45750.9,92467.84,143953.66,196740.53,255074.62
006f100000eekWsAAI,1014254,Rwanda,Rwanda - Ubumwe - 1014254,Rejected,Technical,11/17/18,Kigali,Nyarugenge,Gitega,Gacyamo,Ubumwe,Mpazi,,,Project Assessment - 2018.11.11,-1.966149,30.05606,,http://www.worldpop.org.uk/data/summary?doi=10.5258/SOTON/WP00539,193056.0,534532.0,Itsinzi,573.0,Ubumwe,523.0,Kabuguru 1,725.0,,0.0,,0.0,,,11/11/18,,,,,,,,,POINT (506236.29853363906 4782615.277417615),42212.58,88352.82,137629.78,197805.42,249488.98,43052.97,89003.56,140521.81,200135.53,252936.94
006f100000eekX2AAI,1014256,Rwanda,Rwanda - Mpazi Wasac - 1014256,Rejected,Technical,11/17/18,Kigali,Nyarugenge,Gitega,Akabeza-Mpazi,Mpazi Wasac,Mpazi,,,Project Assessment - 2018.11.11,-1.95435,30.054,,http://www.worldpop.org.uk/data/summary?doi=10.5258/SOTON/WP00539,206639.0,528256.0,Mpazi (Kabeza),247.0,Mpazi(katabaro),622.0,,0.0,,0.0,,0.0,,,11/11/18,,,,,,,,,POINT (506007.17935477133 4783919.836292213),62262.71,101246.67,140362.16,185877.53,251651.25,62768.64,101847.38,142608.34,187860.39,255879.41
006f100000eekX7AAI,1014257,Rwanda,Rwanda - Ituze - 1014257,Rejected,Technical,12/19/18,Kigali,Nyarugenge,Gitega,Akabeza,Ituze,Ruhurura,,,Project Assessment - 2018.11.11,-1.95322,30.0552,,http://www.worldpop.org.uk/data/summary?doi=10.5258/SOTON/WP00539,207606.0,532213.0,Ituze,494.0,Ubumwe,524.0,,0.0,,0.0,,0.0,,,11/11/18,,,,,,,,,POINT (506140.67637410545 4784044.769907149),55815.93,97899.86,140779.94,186922.66,256969.38,56300.41,99354.32,142776.48,190672.94,260726.5
006f100000eekXCAAY,1014258,Rwanda,Rwanda - Ubukorikori - 1014258,Rejected,Technical,11/30/18,Kigali,Nyarugenge,Gitega,Kora,Ubukorikori,Ruhurura,,,Project Assessment - 2018.11.11,-1.94934,30.05571,,http://www.worldpop.org.uk/data/summary?doi=10.5258/SOTON/WP00539,190281.0,529670.0,Kora,688.0,Ubukorikori,523.0,,0.0,,0.0,,0.0,,,11/11/18,,,,,,,,,POINT (506197.4251046729 4784473.758520893),47142.8,98124.12,138516.84,196027.56,266152.28,47234.42,99707.76,141205.47,197715.5,270707.06
006f100000eekXHAAY,1014259,Rwanda,Rwanda - Rugano - 1014259,Rejected,Technical,11/17/18,Kigali,Nyarugenge,Gitega,Kora,Rugano,Mpazi,,,Project Assessment - 2018.11.11,-1.94354,30.05083,,http://www.worldpop.org.uk/data/summary?doi=10.5258/SOTON/WP00539,160429.0,492769.0,Rugano,562.0,Kimisagara,50000.0,Rugali,749.0,Mpazi,628.0,,0.0,,,11/11/18,,,,,,,,,POINT (505654.57164256746 4785115.050038533),46468.76,95234.69,151609.5,206661.34,264556.44,46507.45,95657.31,152899.19,208624.12,269414.25
006f100000eekXWAAY,1014261,Rwanda,Rwanda - Rugari - 1014261,Rejected,Technical,11/17/18,Kigali,Nyarugenge,Gitega,Kora,Rugari,Mpazi,,,Project Assessment - 2018.11.11,-1.9517,30.05254,,http://www.worldpop.org.uk/data/summary?doi=10.5258/SOTON/WP00539,191953.0,519749.0,Rugari,749.0,Mpazi,628.0,Kimisagara,50000.0,,0.0,,0.0,,,11/11/18,,,,,,,,,POINT (505844.77213422814 4784212.837511574),66062.27,103426.2,138934.48,189665.34,254521.12,66214.64,104485.81,141762.47,192701.64,258362.2
006f100000eekXbAAI,1014262,Rwanda,Rwanda - Ku kibuga - 1014262,Rejected,Technical,11/17/18,Kigali,Nyarugenge,Gitega,Kora,Ku kibuga,Mpazi,,,Project Assessment - 2018.11.11,-1.95291,30.0532,,http://www.worldpop.org.uk/data/summary?doi=10.5258/SOTON/WP00539,198721.0,524017.0,Mpazi,628.0,Kimisagara,50000.0,,0.0,,0.0,,0.0,,,11/11/18,,,,,,,,,POINT (505918.18911887176 4784079.052092905),64847.12,102590.77,139859.27,187985.91,253372.44,64772.14,103324.47,142698.75,190045.89,257408.64
006f100000eekXgAAI,1014263,Rwanda,Rwanda - Iterambere - 1014263,Rejected,Technical,11/17/18,Kigali,Nyarugenge,Gitega,Akabahizi,Iterambere,Ruhurura,,,Project Assessment - 2018.11.11,-1.94544,30.05341,,http://www.worldpop.org.uk/data/summary?doi=10.5258/SOTON/WP00539,172079.0,511928.0,Iterambere,510.0,Nyenyeri,652.0,,0.0,,0.0,,0.0,,,11/11/18,,,,,,,,,POINT (505941.5765852064 4784904.968548642),49326.28,92378.73,149983.47,204752.31,268877.03,49945.12,93687.41,151510.16,207901.06,272753.78
006f100000eekXlAAI,1014264,Rwanda,Rwanda - Nyabirondo - 1014264,Rejected,Technical,12/31/18,Kigali,Nyarugenge,Mageragere,Nyarurenzi,Nyabirondo,Nyabarongo,Rwanda Full Scale Research - Randomized and Baselined - Long Term Control,,Project Pre-Assessment - 2023.5.16,2.054166,30.0475,5098.0,http://www.worldpop.org.uk/data/summary?doi=10.5258/SOTON/WP00539,3958.0,21395.0,Gikuyu,823.0,Nyabirondo,886.0,Mpanga,1300.0,Iterambere,1429.0,Runzenze,660.0,,0.0,5/16/23,,0.0,,0.0,,0.0,,0.0,POINT (505283.77278808097 5227116.259459685),,65.16,223.36,290.31,341.29,,101.48,223.36,290.31,341.29
006f100000eekXlAAI,1014264,Rwanda,Rwanda - Nyabirondo - 1014264,Rejected,Technical,12/31/18,Kigali,Nyarugenge,Mageragere,Nyarurenzi,Nyabirondo,Nyabarongo,Rwanda Full Scale Research - Randomized and Baselined - Long Term Control,,Project Assessment - 2018.11.11,2.054166,30.0475,,http://www.worldpop.org.uk/data/summary?doi=10.5258/SOTON/WP00539,3958.0,21395.0,Nyabirondo,400.0,Runzenze,2508.0,Ntungama,2964.0,,0.0,,0.0,,,11/11/18,,,,,,,,,POINT (505283.77278808097 5227116.259459685),,65.16,223.36,290.31,341.29,,101.48,223.36,290.31,341.29
006f100000eekXqAAI,1014265,Rwanda,Rwanda - Mpanga - 1014265,Rejected,Technical,12/31/18,Kigali,Nyarugenge,Mageragere,Runzenze,Mpanga,Nyabarongo,Rwanda Full Scale Research - Randomized and Baselined - Long Term Control,,Project Assessment - 2018.11.11,-2.0638,30.0279,,http://www.worldpop.org.uk/data/summary?doi=10.5258/SOTON/WP00539,3469.0,18139.0,Runzenze,2500.0,Ntungama,2964.0,Kibungo,6749.0,,0.0,,0.0,,,11/11/18,,,,,,,,,POINT (503103.5024104054 4771818.61198215),1379.52,2225.31,3966.5,6613.73,9311.87,1368.43,2203.91,4019.66,6689.32,9360.2
006f100000eekXvAAI,1014266,Rwanda,Rwanda - Rubungo - 1014266,Rejected,Technical,11/30/18,Kigali,Nyarugenge,Mageragere,Ntungamo,Rubungo,Nyabarongo,,,Project Assessment - 2018.11.11,-2.072995,30.016687,,http://www.worldpop.org.uk/data/summary?doi=10.5258/SOTON/WP00539,2758.0,17744.0,Ntungamo,2964.0,Kibungo (Kagoma),6749.0,,0.0,,0.0,,0.0,,,11/11/18,,,,,,,,,POINT (501856.1951700902 4770801.987324613),203.86,1420.58,3217.12,5812.84,8530.17,164.17,1392.91,3167.94,5796.93,8576.83
006f100000eekYFAAY,1014267,Rwanda,Rwanda - Nyarubuye - 1014267,Rejected,Technical,12/31/18,Kigali,Nyarugenge,Mageragere,Kivumu,Nyarubuye,Nyabarongo,Rwanda Full Scale Research - Randomized and Baselined - Long Term Control,,Project Assessment - 2018.11.11,-2.04925,29.98573,,http://www.worldpop.org.uk/data/summary?doi=10.5258/SOTON/WP00539,3372.0,23850.0,Nyarubuye,520.0,Rugarika (Kamonyi),0.0,Ntungama,2964.0,,0.0,,0.0,,,11/11/18,,,,,,,,,POINT (498412.6387367301 4773427.347755496),883.8,2215.64,4324.83,7255.64,10722.82,917.18,2276.3,4413.79,7493.23,10895.19
006f100000eekYPAAY,1014268,Rwanda,Rwanda - Karukina - 1014268,Rejected,Technical,12/31/18,Kigali,Nyarugenge,Mageragere,Kankuba,Karukina,Nyabarongo,Rwanda Full Scale Research - Randomized and Baselined - Long Term Control,,Project Assessment - 2018.6.11,-2.018067,30.008065,,http://www.worldpop.org.uk/data/summary?doi=10.5258/SOTON/WP00539,3180.0,28298.0,Masaka,6290.0,,0.0,,0.0,,0.0,,0.0,,,6/11/18,,,,,,,,,POINT (500897.14886150934 4776875.089038055),524.86,1339.76,4858.66,10238.12,15040.68,599.37,1357.23,4806.44,10284.51,14939.48
006f100000eekYPAAY,1014268,Rwanda,Rwanda - Karukina - 1014268,Rejected,Technical,12/31/18,Kigali,Nyarugenge,Mageragere,Kankuba,Karukina,Nyabarongo,Rwanda Full Scale Research - Randomized and Baselined - Long Term Control,,Project Assessment - 2018.11.11,-2.018067,30.008065,,http://www.worldpop.org.uk/data/summary?doi=10.5258/SOTON/WP00539,3180.0,28298.0,Kankuba,3180.0,Masaka (Rugarika),0.0,,0.0,,0.0,,0.0,,,11/11/18,,,,,,,,,POINT (500897.14886150934 4776875.089038055),524.86,1339.76,4858.66,10238.12,15040.68,599.37,1357.23,4806.44,10284.51,14939.48
006f100000eekYUAAY,1014269,Rwanda,Rwanda - Nyarusange - 1014269,Complete,In Service,3/4/21,Kigali,Nyarugenge,Kanyinya,Taba,Nyarusange,Yanze,Rwanda Full Scale Research - Randomized and Baselined - Intervention,Catchment Survey Program,Project Assessment - 2018.11.11,-1.89484,29.99693,,http://www.worldpop.org.uk/data/summary?doi=10.5258/SOTON/WP00539,5785.0,38130.0,Taba,3829.0,Muko,549.0,,0.0,,0.0,,0.0,,,11/11/18,,,,,,,,,POINT (499658.4689397679 4790499.624182629),3671.99,7548.91,14377.38,26192.87,33216.55,3802.71,7689.72,15041.36,26659.11,33549.23
006f100000eekYeAAI,1014270,Rwanda,Rwanda - Nyakirambi - 1014270,Complete,In Service,6/20/23,Kigali,Nyarugenge,Kanyinya,Nyamweru,Nyakirambi,Yanzi,,,Project Assessment - 2018.11.11,-1.91659,30.01887,,http://www.worldpop.org.uk/data/summary?doi=10.5258/SOTON/WP00539,6721.0,133379.0,Mataba,670.0,Nyakarambi,550.0,,0.0,,0.0,,0.0,,,11/11/18,,,,,,,,,POINT (502099.2216167807 4788094.836219087),1444.52,6698.68,11845.83,21133.32,52536.97,1481.65,7061.65,12022.02,21896.13,53654.02
006f100000eekYjAAI,1014271,Rwanda,Rwanda - Kwa Makuza - 1014271,Rejected,Technical,11/17/18,Kigali,Nyarugenge,Nyamirambo,Mumena,Kwa Makuza,Ruhurura,,,Project Assessment - 2018.11.11,-1.982414,30.056395,,http://www.worldpop.org.uk/data/summary?doi=10.5258/SOTON/WP00539,120686.0,454331.0,Akatabaro,1240.0,Mumena,1820.0,,0.0,,0.0,,0.0,,,11/11/18,,,,,,,,,POINT (506273.5040658407 4780816.943108288),28862.86,62985.4,112393.65,158163.91,206702.25,28728.38,63798.34,113376.33,160404.27,208579.16
006f100000eekYoAAI,1014272,Rwanda,Rwanda - Mu Bitare - 1014272,Rejected,Technical,11/16/18,Kigali,Nyarugenge,Kanyinya,Nzove,Mu Bitare,Nyabugogo,,,Project Assessment - 2018.6.11,-1.947431,30.025484,,http://www.worldpop.org.uk/data/summary?doi=10.5258/SOTON/WP00539,19776.0,339262.0,,0.0,,0.0,,0.0,,0.0,,0.0,,,6/11/18,,,,,,,,,POINT (502834.95493479515 4784684.907217972),11151.52,23060.51,44112.68,76134.61,124361.85,11186.48,23444.64,44614.9,77456.53,125866.92
006f100000eekYoAAI,1014272,Rwanda,Rwanda - Mu Bitare - 1014272,Rejected,Technical,11/16/18,Kigali,Nyarugenge,Kanyinya,Nzove,Mu Bitare,Nyabugogo,,,Project Assessment - 2018.11.11,-1.947431,30.025484,,http://www.worldpop.org.uk/data/summary?doi=10.5258/SOTON/WP00539,19776.0,339262.0,Rutagara 1,3360.0,Rutagara 2,2530.0,Kinyoni,2753.0,,0.0,,0.0,,,11/11/18,,,,,,,,,POINT (502834.95493479515 4784684.907217972),11151.52,23060.51,44112.68,76134.61,124361.85,11186.48,23444.64,44614.9,77456.53,125866.92
006f100000efEemAAE,1014553,Rwanda,Rwanda - Amajyambere - 1014553,Rejected,Technical,11/30/18,Kigali,Nyarugenge,Nyarugenge,Agatare,Amajyambere,Rwampara,,,Project Assessment - 2018.11.29,-1.970697,30.067016,,http://www.worldpop.org.uk/data/summary?doi=10.5258/SOTON/WP00539,174345.0,567089.0,Amajyambere,1450.0,Imena,1653.0,Twishorezo,1245.0,,0.0,,0.0,,,11/29/18,,,,,,,,,POINT (507455.06026970776 4782112.384686205),27508.79,58044.62,100368.02,167468.94,240027.06,28399.02,58884.46,101148.19,169448.16,243702.11
006f100000efEfpAAE,1014565,Rwanda,Rwanda - Rwampara-Imena - 1014565,Rejected,Technical,12/2/18,Kigali,Nyarugenge,Nyarugenge,Rwampara,Rwampara-Imena,Rwampara,,,Project Pre-Assessment - 2023.7.22,-1.971779,30.063,8063.0,http://www.worldpop.org.uk/data/summary?doi=10.5258/SOTON/WP00539,185261.0,551636.0,Imena,1755.0,Gatare,3200.0,Kabutare,804.0,Rwampara,1500.0,Ubumenyi,804.0,,0.0,7/22/23,,0.0,,0.0,,0.0,,0.0,POINT (507008.3037074409 4781992.771220917),27983.64,66843.97,116055.93,179560.84,245123.38,28131.35,67736.09,117224.51,182037.67,248598.12
006f100000efEfpAAE,1014565,Rwanda,Rwanda - Rwampara-Imena - 1014565,Rejected,Technical,12/2/18,Kigali,Nyarugenge,Nyarugenge,Rwampara,Rwampara-Imena,Rwampara,,,Project Assessment - 2018.11.29,-1.971779,30.063,,http://www.worldpop.org.uk/data/summary?doi=10.5258/SOTON/WP00539,185261.0,551636.0,Rwampara,1015.0,Imena,1653.0,Twishorezo,1245.0,,0.0,,0.0,,,11/29/18,,,,,,,,,POINT (507008.3037074409 4781992.771220917),27983.64,66843.97,116055.93,179560.84,245123.38,28131.35,67736.09,117224.51,182037.67,248598.12
006f100000efEfzAAE,1014567,Rwanda,Rwanda - Cercle sportif - 1014567,Rejected,Technical,12/2/18,Kigali,Nyarugenge,Nyarugenge,Kiyovu,Cercle sportif,Wetland of Rwampara,,,Project Assessment - 2018.11.29,-1.965138,30.071417,,http://www.worldpop.org.uk/data/summary?doi=10.5258/SOTON/WP00539,160896.0,595678.0,Cercle sportif,1800.0,Bwiza,1245.0,,0.0,,0.0,,0.0,,,11/29/18,,,,,,,,,POINT (507944.667227096 4782726.993036078),18607.39,41241.76,83112.99,148839.61,235048.62,19054.56,41771.36,83917.45,150307.41,239612.42
0063Z00000hv15YQAQ,1021923,Rwanda,Rwanda - Uwinyana - 1021923,Identified,Requested,12/31/19,Southern Province,Nyaruguru,Ruheru,Uwinyana -Ruganza,Uwinyana,Nshili,,,Project Assessment - 2019.11.26,,,400.0,,,,Uwinyana,150.0,Ruganza,250.0,,0.0,,0.0,,0.0,,0.0,11/26/19,,0.0,,0.0,,0.0,,0.0,POINT (Infinity Infinity),,,,,,,,,,
0063Z00000hv17UQAQ,1021924,Rwanda,Rwanda - Uwinyana - 1021924,Rejected,Technical,12/31/19,Southern Province,Nyaruguru,Ruheru,Gitita - remera,Uwinyana,Nshili,,,Project Assessment - 2019.11.26,-2.76129167,29.47527778,695.0,https://api.worldpop.org/v1/services/stats?,10798.94,59268.26,Ruganza,150.0,Nyacyonga,100.0,Uwinyana,200.0,Mutumba,150.0,Gitwa,95.0,,0.0,11/26/19,,0.0,,0.0,,0.0,,0.0,POINT (441660.5749465157 4694687.4639224345),3112.32,6196.12,10687.58,16183.48,23841.02,3272.07,6254.27,10809.16,16731.41,24185.6
006Ns00000LnOQ9IAN,1052554,Rwanda,Rwanda - Gihemvu - 1052554,Complete,In Service,11/8/24,Southern Province,Nyaruguru,Muganza,Muganza,Gihemvu,Giswi,,,Project Pre-Assessment - 2024.8.24,-2.692458,29.485398,5329.0,https://api.worldpop.org/v1/services/stats?,4077.11,31891.25,Rambyanyana,2500.0,Nyabirondo,872.0,Rugarama,757.0,Gihemvu,1200.0,,0.0,,0.0,8/24/24,,0.0,,0.0,,0.0,,0.0,POINT (442782.53501037223 4702298.908300827),603.83,2474.6,4339.47,6748.63,9274.63,608.42,2557.04,4382.78,6804.95,9425.92
006Ns00000XGRm4IAH,1053979,Rwanda,Rwanda - Mutovu Rebuild - 1053979,Identified,Requested,12/31/25,Southern Province,Nyaruguru,Muganza,Muganza,Mutovu Rebuild,Giswi,,,Project Assessment - 2025.3.7,-2.681442,29.480808,4887.0,,,,Mukongoro,1013.0,Mutovu,1186.0,Murambya,1070.0,Sekera,812.0,Bitaba,806.0,,0.0,3/7/25,,0.0,,0.0,,0.0,,0.0,POINT (442271.6516256658 4703516.733424072),1012.67,2437.19,4464.55,7106.62,9801.2,1023.94,2485.93,4471.57,7204.39,10089.37
006f100000ZQRq7AAH,RW109,Rwanda,Rwanda - Cyumba - RW109,Complete,In Service,12/1/15,Southern Province,Nyaruguru,Ngoma,,Cyumba,Migina,,,Project Pre-Assessment - 2022.11.4,-2.792859,29.699364,4419.0,http://www.worldpop.org.uk/data/summary?doi=10.5258/SOTON/WP00539,5498.0,28924.0,Akabuye,798.0,Ryakanyamiganda,732.0,Bihembe,1190.0,Rushubi,953.0,Cyumba,746.0,,0.0,11/4/22,,0.0,,0.0,,0.0,,0.0,POINT (466576.02805471764 4691205.793074021),1268.03,2932.54,5706.46,8922.04,13551.88,1276.0,2967.3,5859.8,9095.06,13865.92
006f100000Zs7KqAAJ,RW127,Rwanda,Rwanda - Kucyaruseke - RW127,Complete,In Service,2/9/18,Southern Province,Nyaruguru,Ngarurira,Gitega,Kucyaruseke,Rwerere,,,Project Assessment - 2017.9.5,-2.711764,29.557267,,http://www.worldpop.org.uk/data/summary?doi=10.5258/SOTON/WP00539,4923.0,24239.0,,,,,,,,,,,,0.0,9/5/17,,0.0,,0.0,,0.0,,0.0,POINT (450774.44109256414 4700167.3994421745),714.37,2382.55,5019.14,8388.79,11384.34,679.52,2418.08,5144.09,8637.61,11689.07
006f100000a86G8AAI,1007532,Rwanda,Rwanda - Uwinteko - 1007532,Rejected,Technical,11/29/18,Southern Province,Nyaruguru,Busanze,Shyororo(Uwinteko-Bukingo),Uwinteko,Nshili,Rwanda Full Scale Research - Randomized and Lost,,Project Assessment - 2018.9.28,-2.761531,29.494368,,http://www.worldpop.org.uk/data/summary?doi=10.5258/SOTON/WP00539,4532.0,29142.0,Uwinteko,1149.0,Bukinga,915.0,Mutumba,876.0,Rutabo,1281.0,,0.0,,,9/27/18,,,,,,,,,POINT (443783.1225336541 4694661.920616235),1103.91,2832.77,5976.4,9765.35,14972.69,1117.66,2963.73,6283.68,9932.84,15262.14
006f100000a86GAAAY,1007534,Rwanda,Rwanda - Cyivugiza - 1007534,Rejected,Technical,11/29/18,Southern Province,Nyaruguru,Ruheru,,Cyivugiza,Mudasomwa,,,Project Assessment - 2018.10.10,-2.7791667,29.464333,,http://www.worldpop.org.uk/data/summary?doi=10.5258/SOTON/WP00539,5036.0,25383.0,,0.0,,0.0,,0.0,,0.0,,0.0,,,10/10/18,,,,,,,,,POINT (440444.57536519837 4692710.467667559),2741.11,6902.65,12333.78,19829.41,29024.66,2941.7,7048.95,12575.69,19969.79,29493.48
006f100000a86GBAAY,1007535,Rwanda,Rwanda - Rukarakara - 1007535,Complete,In Service,3/28/19,Southern Province,Nyaruguru,Ruheru,Rukarakara- Cyivugiza,Rukarakara,Mudasomwa,2019 Rwanda Research Pilot - Bridge Sites,,Project Assessment - 2018.10.10,-2.7761,29.464528,,http://www.worldpop.org.uk/data/summary?doi=10.5258/SOTON/WP00539,5470.0,26260.0,Remera cell,4563.0,Ruyenzi cell,5085.0,Rugote,808.0,Yanza,827.0,,0.0,,,10/10/18,,,,,,,,,POINT (440466.1025110384 4693049.564549777),2878.41,7091.35,11872.63,19373.72,27765.15,2956.01,7191.91,12050.15,19807.66,28340.48
006f100000a86GCAAY,1007536,Rwanda,Rwanda - Bihembe - 1007536,Rejected,Technical,11/11/18,Southern Province,Nyaruguru,Nyabimata,Bihembe,Bihembe,Nyirabisusa,,,Project Assessment - 2018.9.28,-2.69544,29.45618,,http://www.worldpop.org.uk/data/summary?doi=10.5258/SOTON/WP00539,5225.0,30638.0,Kabere,3150.0,Gihemvu,3244.0,,0.0,,0.0,,0.0,,,9/28/18,,,,,,,,,POINT (439533.9017684917 4701967.776952293),1291.55,2897.11,5188.51,8420.02,13291.93,1301.13,2861.07,5186.06,8426.85,13278.73
006f100000a86GDAAY,1007537,Rwanda,Rwanda - Nyacyondo - 1007537,Rejected,Local Investment,12/31/18,Southern Province,Nyaruguru,Mata,Nyamabuye,Nyacyondo,Nyiramurongi,,,Project Assessment - 2018.9.26,-2.62023,29.542442,,http://www.worldpop.org.uk/data/summary?doi=10.5258/SOTON/WP00539,2403.0,20418.0,Nyacyondo,972.0,Mataba,1026.0,Rimbanya,1205.0,Ruhunga,906.0,,0.0,,,9/26/18,,,,,,,,,POINT (449122.31970029935 4710287.623741601),735.72,1545.78,3078.01,5665.4,9143.44,735.72,1559.84,3107.91,5724.71,9269.01
006f100000a86GEAAY,1007538,Rwanda,Rwanda - Nyabimata - 1007538,Identified,Identified in Needs Assessment,12/31/18,Southern Province,Nyaruguru,Nyabimata,Nyabimata,Nyabimata,Rwerere,Rwanda Full Scale Research - Randomized but Not Baselined,,Project Assessment - 2018.9.28,-2.69445,29.45532,,http://www.worldpop.org.uk/data/summary?doi=10.5258/SOTON/WP00539,5405.0,30705.0,Nyabimata,804.0,Gihemvu,3244.0,Tangabo,750.0,Bwerere,817.0,Gituntu,750.0,,,9/28/18,,,,,,,,,POINT (439438.22852657054 4702077.199208667),1216.24,3240.78,5275.4,8569.53,13829.09,1221.73,3168.98,5335.72,8675.41,13819.55
006f100000a86GFAAY,1007539,Rwanda,Rwanda - Kabere - 1007539,Complete,In Service,5/22/19,Southern Province,Nyaruguru,Nyabimata,Nyabimata-Kabere,Kabere,Rwerere,2019 Rwanda Research Pilot - Bridge Sites,,Project Assessment - 2018.9.28,-2.697944,29.446917,,http://www.worldpop.org.uk/data/summary?doi=10.5258/SOTON/WP00539,5411.0,29511.0,Kabere,3214.0,Bwerere,817.0,Mutobwe,0.0,Nyabimata,804.0,Gituntu-Tangabo,1500.0,,,9/28/18,,,,,,,,,POINT (438504.0640013963 4701690.443912417),1536.7,3281.41,6637.06,10905.38,14666.15,1521.76,3270.56,6597.98,11048.63,14937.71
006f100000a86GGAAY,1007540,Rwanda,Rwanda - Gihango - 1007540,Rejected,Technical,11/5/18,Southern Province,Nyaruguru,Rusenge,Mariba-Mubuga (Gihango-Murambi),Gihango,Akavuguto,Rwanda Full Scale Research - Randomized and Lost,,Project Assessment - 2018.9.26,-2.67791,29.59175,,http://www.worldpop.org.uk/data/summary?doi=10.5258/SOTON/WP00539,4019.0,27274.0,Ginango,718.0,Murambi,1343.0,Nyamugari,961.0,Rasaniro,709.0,Kabuye,715.0,,,9/26/18,,,,,,,,,POINT (454607.26982168993 4703911.932078903),666.0,2244.83,3934.25,6874.11,11136.57,588.87,2304.08,4076.91,7033.52,11300.74
006f100000a86GHAAY,1007541,Rwanda,Rwanda - Cyuna - 1007541,Rejected,Technical,11/5/18,Southern Province,Nyaruguru,Rusenge,Cyuna,Cyuna,Akavuguto,,,Project Assessment - 2018.9.16,-2.706995,29.59134667,,http://www.worldpop.org.uk/data/summary?doi=10.5258/SOTON/WP00539,5346.0,26401.0,Uwamuhizi,1050.0,Agasharu,869.0,Cyuna,1236.0,Gitara,1431.0,Remera,1243.0,,,9/16/18,,,,,,,,,POINT (454563.5008491955 4700696.032694195),1433.52,3493.68,6674.87,9578.21,13137.04,1417.23,3355.24,6573.54,9701.2,13307.13
006f100000a86GIAAY,1007542,Rwanda,Rwanda - Gakaranka - 1007542,Rejected,Technical,11/14/18,Southern Province,Nyaruguru,Ruheru,Uwumusebeya(Gakaranka-Rugote),Gakaranka,Ikidubugu,,,Project Assessment - 2018.10.10,-2.77593,29.4562,,http://www.worldpop.org.uk/data/summary?doi=10.5258/SOTON/WP00539,5023.0,24390.0,Gakaranka,979.0,Rugote,808.0,Mubuga,1207.0,Ruyenzi,994.0,Zirambi,854.0,,,10/10/18,,,,,,,,,POINT (439540.15730996965 4693067.939196468),3342.08,7650.33,12918.37,20333.85,28208.66,3078.03,7740.46,13267.8,20948.31,29161.41
006f100000a86GJAAY,1007543,Rwanda,Rwanda - Kirwa - 1007543,Rejected,Technical,11/13/18,Southern Province,Nyaruguru,Ruheru,Remera(Kirwa-Kivugiza),Kirwa,Mudasomwa,,,Project Assessment - 2018.10.10,-2.798933,29.4761,,http://www.worldpop.org.uk/data/summary?doi=10.5258/SOTON/WP00539,3482.0,20034.0,Remera,4563.0,,0.0,,0.0,,0.0,,0.0,,,10/10/18,,,,,,,,,POINT (441753.8391023104 4690525.484980449),3083.23,7068.9,11890.51,17806.77,23524.33,3315.11,7264.07,11953.31,17998.54,23977.45
006f100000a86GKAAY,1007544,Rwanda,Rwanda - Runyani - 1007544,Complete,In Service,3/12/20,Southern Province,Nyaruguru,Ngera,Yaramba,Runyani,Agatobwe,Rwanda Full Scale Research - Randomized and Lost,,Project Assessment - 2018.10.30,-2.71578,29.67607,,http://www.worldpop.org.uk/data/summary?doi=10.5258/SOTON/WP00539,4164.0,30983.0,Runyami,1200.0,Musumba,975.0,Yaramba,1333.0,Kirwa,1157.0,Mbogo,756.0,,,10/29/18,,,,,,,,,POINT (463983.91632968304 4699727.541713355),1159.63,2066.4,3827.97,6735.67,10429.25,1179.71,2087.84,3858.09,6924.06,10672.02
006f100000a86GLAAY,1007545,Rwanda,Rwanda - Samiyonge - 1007545,Rejected,Technical,11/12/18,Southern Province,Nyaruguru,Nyabimata,Nyabimata-Samiyonge,Samiyonge,Mihunda,,,Project Assessment - 2018.9.28,-2.67962,29.46244,,http://www.worldpop.org.uk/data/summary?doi=10.5258/SOTON/WP00539,7065.0,30098.0,Murambi,872.0,Tangabo,826.0,Mazimeru,624.0,Bigugu,547.0,Nyabimata,3250.0,,,9/28/18,,,,,,,,,POINT (440229.1878508934 4703717.311757643),815.89,3461.56,6152.44,9622.94,14061.32,842.94,3516.9,6299.81,9625.18,14254.68
006f100000a86GMAAY,1007546,Rwanda,Rwanda - Urwishinzo - 1007546,Rejected,Vehicular Bridge Required,11/28/18,Southern Province,Nyaruguru,Ruheru,,Urwishinzo,Urwishinzo,,,Project Assessment - 2018.10.10,-2.7803056,29.4508056,,http://www.worldpop.org.uk/data/summary?doi=10.5258/SOTON/WP00539,4350.0,21603.0,,0.0,,0.0,,0.0,,0.0,,0.0,,,10/10/18,,,,,,,,,POINT (438940.612806587 4692583.848032308),2800.62,7287.15,13549.92,20110.16,26518.44,2928.2,7407.45,14103.52,20896.55,27463.35
006f100000a86GNAAY,1007547,Rwanda,Rwanda - Karanka - 1007547,Rejected,Technical,11/5/18,Southern Province,Nyaruguru,Muganza,Rukore(Karanka-Uwinzira),Karanka,Migendo,,,Project Assessment - 2018.9.27,-2.66297667,29.44955667,,http://www.worldpop.org.uk/data/summary?doi=10.5258/SOTON/WP00539,7835.0,28031.0,Karanka,1003.0,Mazimeru,716.0,Migendo,617.0,Cyurukore,711.0,Nyagisenyi,396.0,,,9/26/18,,,,,,,,,POINT (438795.8343372235 4705556.9412516635),2939.88,5845.17,9006.11,12265.77,15625.73,3067.28,5989.17,9303.31,12633.23,16223.25
006f100000a86GOAAY,1007548,Rwanda,Rwanda - Migendo - 1007548,Identified,Identified in Needs Assessment,12/31/18,Southern Province,Nyaruguru,Muganza,Uwakiza-Samiyonga(Migendo-Mazimeru),Migendo,Migendo,,,Project Assessment - 2018.9.27,-2.667,29.4581,,http://www.worldpop.org.uk/data/summary?doi=10.5258/SOTON/WP00539,7263.0,29238.0,Migendo,617.0,Mazimeru,716.0,Murambi,726.0,Kigwene,911.0,Sekera,741.0,,,9/26/18,,,,,,,,,POINT (439745.99722487497 4705112.500079988),1767.6,3966.18,7572.51,11741.14,15117.27,1844.56,3982.93,7675.98,11928.2,15629.16
006f100000a86GPAAY,1007549,Rwanda,Rwanda - Bitare - 1007549,Rejected,Technical,12/31/19,Southern Province,Nyaruguru,Ngera-Rusenge,Bitare,Bitare,U,Rwanda Full Scale Research - Randomized and Lost,,Project Assessment - 2019.4.26,-2.68734,29.65577,0.0,http://www.worldpop.org.uk/data/summary?doi=10.5258/SOTON/WP00539,4566.0,29513.0,,0.0,,0.0,,0.0,,0.0,,0.0,,0.0,4/26/19,,0.0,,0.0,,0.0,,0.0,POINT (461725.9485417591 4702871.463097889),1107.67,2410.49,4728.73,7355.59,11305.29,1117.83,2438.72,4849.92,7543.75,11604.37
006f100000a86GPAAY,1007549,Rwanda,Rwanda - Bitare - 1007549,Rejected,Technical,12/31/19,Southern Province,Nyaruguru,Ngera-Rusenge,Bitare,Bitare,U,Rwanda Full Scale Research - Randomized and Lost,,Project Assessment - 2018.10.29,-2.68734,29.65577,,http://www.worldpop.org.uk/data/summary?doi=10.5258/SOTON/WP00539,4566.0,29513.0,,0.0,,0.0,,0.0,,0.0,,0.0,,,10/29/18,,,,,,,,,POINT (461725.9485417591 4702871.463097889),1107.67,2410.49,4728.73,7355.59,11305.29,1117.83,2438.72,4849.92,7543.75,11604.37
006f100000a86GQAAY,1007550,Rwanda,Rwanda - Sheke - 1007550,Rejected,Technical,11/13/18,Southern Province,Nyaruguru,Ngera,Bitare,Sheke,Agatobwe,,,Project Assessment - 2018.10.29,-2.67224,29.65063,,http://www.worldpop.org.uk/data/summary?doi=10.5258/SOTON/WP00539,4896.0,29626.0,Bitare,2515.0,Rusenge,2240.0,,0.0,,0.0,,0.0,,,10/29/18,,,,,,,,,POINT (461153.96208268637 4704540.873262531),997.53,3275.63,5477.47,9374.4,11958.12,1074.99,3347.54,5612.81,9527.71,12184.31
006f100000a86GRAAY,1007551,Rwanda,Rwanda - Remera - 1007551,Rejected,Technical,11/5/18,Southern Province,Nyaruguru,Rusenge,Cyuna,Remera,Akavuguto,,,Project Assessment - 2018.9.16,-2.70332833,29.58839667,,http://www.worldpop.org.uk/data/summary?doi=10.5258/SOTON/WP00539,5412.0,26084.0,Remera,1243.0,Agasharu,869.0,Cyuna,1236.0,Uwamuhizi,1050.0,,0.0,,,9/16/18,,,,,,,,,POINT (454235.35927077883 4701101.340194315),1407.57,3225.12,6469.99,9718.13,13603.13,1303.43,3092.2,6533.97,9865.8,13844.53
006f100000a86GSAAY,1007552,Rwanda,Rwanda - Coko - 1007552,Rejected,Technical,11/13/18,Southern Province,Nyaruguru,Cyahinda-Rusenge,Coko-Cyuna( Gitara- Uwamuhizi),Coko,Akavuguto,,,Project Assessment - 2018.9.16,-2.713945,29.594535,,http://www.worldpop.org.uk/data/summary?doi=10.5258/SOTON/WP00539,0.0,0.0,Agasharu,869.0,Gitara,1431.0,Uwamuhizi,1050.0,Cyuna,1236.0,,0.0,,,9/16/18,,,,,,,,,POINT (454918.2613953626 4699927.700736539),1618.97,3558.51,6426.72,9595.93,12981.04,1656.17,3483.49,6401.37,9773.81,13130.0
006f100000a86GTAAY,1007553,Rwanda,Rwanda - Gitara - 1007553,Rejected,Technical,11/11/18,Southern Province,Nyaruguru,Cyahinda,Coko,Gitara,Akavuguto,,,Project Assessment - 2018.9.16,-2.71768,29.59726333,,http://www.worldpop.org.uk/data/summary?doi=10.5258/SOTON/WP00539,5021.0,26850.0,Gitara,1431.0,Ryamarembo,781.0,Ruko,1059.0,Coko,1085.0,Uwamuhizi,1050.0,,,9/16/18,,,,,,,,,POINT (455221.7540922479 4699514.8288889285),1412.39,3228.65,6534.45,9380.27,13103.97,1528.64,3262.5,6555.58,9600.8,13242.16
006f100000a86GUAAY,1007554,Rwanda,Rwanda - Gitara - 1007554,Rejected,Technical,12/14/18,Southern Province,Nyaruguru,Cyahinda,Coko,Gitara,Akavuguto,Rwanda Full Scale Research - Randomized and Lost,,Project Assessment - 2018.9.16,-2.721561,29.596655,,http://www.worldpop.org.uk/data/summary?doi=10.5258/SOTON/WP00539,4882.0,27685.0,Gitara,1431.0,Ryamarembo,781.0,Ruko,1059.0,Coko,1085.0,Uwamuhizi,1050.0,,,9/16/18,,,,,,,,,POINT (455154.2591858695 4699085.6901211785),1193.86,2977.93,6272.72,9142.84,13393.53,1198.65,3074.72,6513.52,9392.7,13567.12
006f100000a86GVAAY,1007555,Rwanda,Rwanda - Rwishwa - 1007555,Rejected,Technical,11/14/18,Southern Province,Nyaruguru,Muganza,Rukore(Rwishywa-Nyagisenyi),Rwishwa,Migendo,,,Project Assessment - 2018.9.27,-2.651346,29.43843,,http://www.worldpop.org.uk/data/summary?doi=10.5258/SOTON/WP00539,5597.0,25375.0,Rwishywa,871.0,Nyagisenyi,396.0,Remera,1032.0,Kanazi,458.0,,0.0,,,9/26/18,,,,,,,,,POINT (437558.0287049522 4706842.39739355),2842.19,4771.6,6710.33,8841.11,11789.22,2943.76,4950.17,7036.59,9225.06,12266.47
006f100000a86GWAAY,1007556,Rwanda,Rwanda - Munanira - 1007556,Identified,,4/18/23,Southern Province,Nyaruguru,Munini,,Munanira,Akanyaru,Rwanda Full Scale Research - Randomized and Baselined - Intervention,,Project Assessment - 2018.10.29,-2.735612,29.566853,,http://www.worldpop.org.uk/data/summary?doi=10.5258/SOTON/WP00539,3672.0,29038.0,Munanira,450.0,Kimena,325.0,Rubona,362.0,,0.0,,0.0,,,10/29/18,,,,,,,,,POINT (451841.23464088043 4697530.937952049),552.41,1815.09,4049.53,6374.68,9455.61,615.25,1869.47,4147.67,6598.77,9686.06
006f100000a86GXAAY,1007557,Rwanda,Rwanda - Murambi - 1007557,Identified,Identified in Needs Assessment,12/31/18,Southern Province,Nyaruguru,Nyabimata,Nyabimata,Murambi,Rwerere,Rwanda Full Scale Research - Randomized but Not Baselined,,Project Assessment - 2018.9.28,-2.68572,29.47124,,http://www.worldpop.org.uk/data/summary?doi=10.5258/SOTON/WP00539,5401.0,28544.0,Murambi,872.0,Mutovu,980.0,Bihembe,920.0,Rugarama,652.0,Kabere,958.0,,,9/28/18,,,,,,,,,POINT (441207.9713406707 4703043.258194659),691.6,2138.33,3951.71,7423.48,11052.33,668.33,2149.67,4038.52,7469.83,11143.51
006f100000a86GYAAY,1007558,Rwanda,Rwanda - Uwamuhizi - 1007558,Rejected,Local Investment,12/31/18,Southern Province,Nyaruguru,Cyahinda-Rusenge,Coko,Uwamuhizi,Akavuguto,,,Project Assessment - 2018.9.16,-2.71525,29.5959167,0.0,http://www.worldpop.org.uk/data/summary?doi=10.5258/SOTON/WP00539,5137.0,26529.0,,0.0,,0.0,,0.0,,0.0,,0.0,,,9/16/18,,,,,,,,,POINT (455071.93684736406 4699783.460280577),1637.04,3419.56,6343.91,9720.84,12801.08,1628.23,3405.88,6378.5,9842.77,13035.27
006f100000a86GZAAY,1007559,Rwanda,Rwanda - Ngarurira - 1007559,Rejected,Technical,11/11/18,Southern Province,Nyaruguru,Munini_Kibeho,Ngaruriye,Ngarurira,Akanyaru,,,Project Assessment - 2018.9.28,-2.6965833,29.5401111,,http://www.worldpop.org.uk/data/summary?doi=10.5258/SOTON/WP00539,3093.0,20597.0,Nyarushishi,2350.0,Ngarurira,2165.0,,0.0,,0.0,,0.0,,,9/28/18,,,,,,,,,POINT (448866.27516335197 4701845.20731165),212.65,1233.83,2975.19,5062.2,6683.35,223.25,1359.46,3059.94,5160.73,6897.33
006f100000a86GaAAI,1007560,Rwanda,Rwanda - Uwumusebeya - 1007560,Rejected,Technical,11/29/18,Southern Province,Nyaruguru,Ruheru,,Uwumusebeya,IKidubugu,,,Project Assessment - 2018.10.10,-2.7785278,29.44775,,http://www.worldpop.org.uk/data/summary?doi=10.5258/SOTON/WP00539,4202.0,21313.0,,0.0,,0.0,,0.0,,0.0,,0.0,,,10/10/18,,,,,,,,,POINT (438600.7890651071 4692780.262710871),2712.43,7308.22,13504.83,18937.31,24905.94,2850.08,7501.8,13954.18,19516.73,25619.71
006f100000a86GbAAI,1007561,Rwanda,Rwanda - Mutovu - 1007561,Rejected,Technical,11/30/18,Southern Province,Nyaruguru,Nyabimata-Muganza,Gihemvu,Mutovu,Migendo,,,Project Assessment - 2018.9.28,-2.6860833,29.4780833,,http://www.worldpop.org.uk/data/summary?doi=10.5258/SOTON/WP00539,4499.0,25830.0,,0.0,,0.0,,0.0,,0.0,,0.0,,,9/28/18,,,,,,,,,POINT (441968.9059499304 4703003.4149442455),625.78,2072.93,4280.04,6907.97,10154.63,647.99,2052.65,4316.32,6994.43,10317.22
006f100000a86GcAAI,1007562,Rwanda,Rwanda - Nyagisenyi - 1007562,Identified,Identified in Needs Assessment,12/31/18,Southern Province,Nyaruguru,Muganza,Rukore(Nyagisenyi-Rwishywa),Nyagisenyi,Migendo,Rwanda Full Scale Research - Randomized but Not Baselined,,Project Assessment - 2018.9.27,-2.654561,29.439786,,http://www.worldpop.org.uk/data/summary?doi=10.5258/SOTON/WP00539,6021.0,26013.0,Nyagisenyi,396.0,Rwishywa,871.0,Remera,1032.0,Kanazi,458.0,,0.0,,,9/26/18,,,,,,,,,POINT (437708.9704755885 4706486.980247645),2965.58,5358.48,7367.22,9660.85,12337.16,3103.51,5459.64,7750.16,10130.58,12800.93
006f100000a86GdAAI,1007563,Rwanda,Rwanda - Agatare - 1007563,Complete,In Service,6/17/20,Southern Province,Nyaruguru,Munini-Kibeho,Ngarurira,Agatare,Akanyaru,Rwanda Full Scale Research - Randomized and Lost,,Project Assessment - 2018.9.28,-2.69808,29.54557,,http://www.worldpop.org.uk/data/summary?doi=10.5258/SOTON/WP00539,3523.0,21749.0,Nyarushishi,2350.0,Ngarurira,2165.0,,0.0,,0.0,,0.0,,,9/28/18,,,,,,,,,POINT (449473.3091651225 4701679.946298369),627.82,1334.8,3009.47,5531.41,8183.91,724.2,1364.42,3080.18,5673.88,8507.09
006f100000a86GeAAI,1007564,Rwanda,Rwanda - Businde - 1007564,Rejected,Vehicular Bridge Required,11/29/18,Southern Province,Nyaruguru,Kivu,,Businde,Giswi,,,Project Assessment - 2018.9.27,-2.6974722,29.4909444,0.0,http://www.worldpop.org.uk/data/summary?doi=10.5258/SOTON/WP00539,4139.0,21914.0,,0.0,,0.0,,0.0,,0.0,,0.0,,,9/26/18,,,,,,,,,POINT (443399.4749987207 4701744.746769134),636.08,2411.64,4887.14,6356.52,8491.76,620.02,2416.21,4870.18,6373.05,8560.92
006f100000a86GfAAI,1007565,Rwanda,Rwanda - Agasaka - 1007565,Rejected,Technical,11/29/18,Southern Province,Nyaruguru,Ngoma,,Agasaka,Agatobwe,,,Project Assessment - 2018.10.10,-2.77066667,29.66886,,http://www.worldpop.org.uk/data/summary?doi=10.5258/SOTON/WP00539,5875.0,30924.0,,0.0,,0.0,,0.0,,0.0,,0.0,,,10/10/18,,,,,,,,,POINT (463183.94391942065 4693658.636536557),1200.57,4077.41,7789.74,12331.86,16532.22,1232.5,4119.63,7855.19,12340.95,16858.27
006f100000a86GgAAI,1007566,Rwanda,Rwanda - Mutobwe - 1007566,Rejected,Technical,11/10/18,Southern Province,Nyaruguru,Nyabimata,Ruhinga,Mutobwe,Bahwera,,,Project Assessment - 2018.9.28,-2.69631,29.43436,,http://www.worldpop.org.uk/data/summary?doi=10.5258/SOTON/WP00539,5230.0,25827.0,Mutobwe,1207.0,Cyumuzi,980.0,,0.0,,0.0,,0.0,,,9/28/18,,,,,,,,,POINT (437107.7532177638 4701870.475415132),2082.9,4777.62,7232.16,10088.28,12797.02,2112.66,4807.76,7436.05,10274.78,12995.13
006f100000a86GiAAI,1007568,Rwanda,Rwanda - Rugote - 1007568,Rejected,Vehicular Bridge Required,11/28/18,Southern Province,Nyaruguru,Ruheru,,Rugote,Ikidubugu,,,Project Assessment - 2018.10.10,-2.7800833,29.451,,http://www.worldpop.org.uk/data/summary?doi=10.5258/SOTON/WP00539,4392.0,21704.0,,0.0,,0.0,,0.0,,0.0,,0.0,,,10/10/18,,,,,,,,,POINT (438962.21542095323 4692608.437994941),2840.77,7233.39,13580.08,20162.73,26544.12,2888.82,7421.16,14112.83,20902.54,27584.16
006f100000a86GkAAI,1007570,Rwanda,Rwanda - Gasugi - 1007570,Identified,,5/1/25,Southern Province,Nyaruguru,Nyabimata,Ruhinga,Gasugi,Rwerere,Rwanda Full Scale Research - Randomized and Baselined - Intervention,,Project Assessment - 2018.9.28,-2.69743,29.43339,,http://www.worldpop.org.uk/data/summary?doi=10.5258/SOTON/WP00539,5064.0,25238.0,Gasugi,1202.0,Cyumuzi,980.0,Ruhinga,750.0,Ndaro,524.0,Mutobwe-Tangabo,1957.0,,,9/28/18,,,,,,,,,POINT (436999.95519101457 4701746.585654135),2107.17,4545.86,6948.19,9590.68,12142.58,2098.69,4632.46,7146.51,9753.93,12360.97
006f100000a86GlAAI,1007571,Rwanda,Rwanda - Gituramigina - 1007571,Rejected,Technical,11/11/18,Southern Province,Nyaruguru,Ngera-Ngoma,Yaramba-Kibangu,Gituramigina,Akayanza,,,Project Assessment - 2018.10.29,-2.7438056,29.6708056,,http://www.worldpop.org.uk/data/summary?doi=10.5258/SOTON/WP00539,5725.0,34365.0,Yaramba,2145.0,Kibangu,1725.0,,0.0,,0.0,,0.0,,,10/29/18,,,,,,,,,POINT (463399.43673493667 4696628.661273231),1210.76,3920.0,7277.48,10896.93,15408.88,1221.44,4006.34,7438.14,10970.31,15800.36
006f100000a86GmAAI,1007572,Rwanda,Rwanda - Gisoro - 1007572,Complete,In Service,5/22/20,Southern Province,Nyaruguru,Busanze-Cyahinda,Nteko-Muhambara(Gisoro-Busanza),Gisoro,Akanyaru,Rwanda Full Scale Research - Randomized and Lost,,Project Assessment - 2018.10.10,-2.7891,29.56721,,http://www.worldpop.org.uk/data/summary?doi=10.5258/SOTON/WP00539,4399.0,27013.0,Nteko cell,5746.0,Kirarangombe cell,6581.0,Nkakwa cell,5073.0,,0.0,,0.0,,,10/10/18,,,,,,,,,POINT (451883.0808657338 4691616.839841834),815.91,1954.75,4345.91,7104.62,11143.46,845.12,2016.64,4393.54,7292.09,11321.23
006f100000a86GnAAI,1007573,Rwanda,Rwanda - Tugogo - 1007573,Rejected,Technical,11/15/18,Southern Province,Nyaruguru,Ruramba_Kitabi,Tugogo_Ruhanga,Tugogo,Mwogo,,,Project Assessment - 2018.10.29,-2.56058,29.49439,,http://www.worldpop.org.uk/data/summary?doi=10.5258/SOTON/WP00539,5411.0,33124.0,Gabiro,2340.0,Uwingogo,1545.0,,0.0,,0.0,,0.0,,,10/29/18,,,,,,,,,POINT (443776.4651245463 4716881.05929142),847.93,2283.42,5239.0,8981.48,12889.54,883.58,2282.58,5410.42,9095.76,13051.44
006f100000a86GoAAI,1007574,Rwanda,Rwanda - Uwurusugi - 1007574,Rejected,Technical,11/12/18,Southern Province,Nyaruguru,Nyabimata,Kabere,Uwurusugi,Rwerere,,,Project Assessment - 2018.9.28,-2.70144,29.43844,,http://www.worldpop.org.uk/data/summary?doi=10.5258/SOTON/WP00539,4823.0,26661.0,Kabere,3150.0,Ruhinga,750.0,,0.0,,0.0,,0.0,,,9/28/18,,,,,,,,,POINT (437561.67569264176 4701303.456103629),1617.31,3770.47,7292.46,10296.65,13463.46,1572.63,3715.49,7286.27,10402.21,13708.56
006f100000a86GpAAI,1007575,Rwanda,Rwanda - Ryarugarama - 1007575,Rejected,Vehicular Bridge Required,11/29/18,Southern Province,Nyaruguru,Ngoma,,Ryarugarama,Agatobwe,,,Project Assessment - 2018.10.10,-2.7814444,29.6633611,,http://www.worldpop.org.uk/data/summary?doi=10.5258/SOTON/WP00539,4523.0,27264.0,,0.0,,0.0,,0.0,,0.0,,0.0,,,10/10/18,,,,,,,,,POINT (462572.9098135433 4692466.795121942),2081.43,4079.1,7275.65,10450.3,15972.68,2106.41,4239.23,7399.2,10750.68,16221.95
006f100000a86GrAAI,1007577,Rwanda,Rwanda - Rusuzumiro - 1007577,Rejected,Technical,11/29/18,Southern Province,Nyaruguru,Kivu,,Rusuzumiro,Giswi,,,Project Assessment - 2018.9.26,-2.6483056,29.4811389,,http://www.worldpop.org.uk/data/summary?doi=10.5258/SOTON/WP00539,2666.0,26357.0,,0.0,,0.0,,0.0,,0.0,,0.0,,,9/26/18,,,,,,,,,POINT (442306.90231697937 4707180.646168515),373.84,1310.16,2622.05,4523.42,7845.48,332.39,1285.38,2632.7,4602.74,8021.89
006f100000a86GsAAI,1007578,Rwanda,Rwanda - Rimbamya - 1007578,Rejected,Vehicular Bridge Required,12/9/18,Southern Province,Nyaruguru,Gorwe,Rimbanya,Rimbamya,Akanyaru,,,Project Assessment - 2018.12.9,-2.6378056,29.5095,,http://www.worldpop.org.uk/data/summary?doi=10.5258/SOTON/WP00539,2346.0,18540.0,,0.0,,0.0,,0.0,,0.0,,0.0,,,12/9/18,,,,,,,,,POINT (445460.04509511415 4708342.910919512),469.26,962.9,1890.94,3752.34,6774.35,450.28,966.96,1928.99,3797.32,6828.65
006f100000a86GtAAI,1007579,Rwanda,Rwanda - Businde - 1007579,Rejected,Technical,10/31/18,Southern Province,Nyaruguru,Kivu,Cyanyirankora-Kivu(Rusuzumiro-Businde),Businde,Giswi,,,Project Assessment - 2018.9.27,-2.636655,29.47937167,,http://www.worldpop.org.uk/data/summary?doi=10.5258/SOTON/WP00539,3781.0,26379.0,Businde,990.0,Cyanyirankora,500.0,Ruganza,1152.0,Rusuzumiro,1550.0,Rugerero,1131.0,,,9/26/18,,,,,,,,,POINT (442109.85574364255 4708468.772441421),922.95,2167.21,3874.83,6163.41,9385.19,888.33,2169.83,3967.76,6268.34,9517.48
006f100000a86GuAAI,1007580,Rwanda,Rwanda - Ryakanyamiganda - 1007580,Complete,In Service,5/30/20,Southern Province,Nyaruguru,Ngoma,Nyamirama(Ryakanyamiganda),Ryakanyamiganda,Ngarane,Rwanda Full Scale Research - Randomized and Lost,,Project Assessment - 2018.10.10,2.79415,29.6986,,http://www.worldpop.org.uk/data/summary?doi=10.5258/SOTON/WP00539,5261.0,28112.0,Ryakanyamiganda,1000.0,Akabuye,915.0,Sare,582.0,Rwamiko,771.0,Bihembe,1027.0,,,10/10/18,,,,,,,,,POINT (466491.1242234282 5308936.971168459),,,,,,,,,,
006f100000a86GwAAI,1007582,Rwanda,Rwanda - Ruyenzi - 1007582,Identified,,3/13/25,Southern Province,Nyaruguru,Ruheru-Nyabimata,Ruyenzi-Kabere(Ruyenzi-Uwigisura),Ruyenzi,Nshili,Rwanda Full Scale Research - Randomized and Baselined - Intervention,,Project Assessment - 2018.10.10,-2.755722,29.454917,,https://api.worldpop.org/v1/services/stats?,11490.48,55738.58,Ruyenzi,1197.0,Ruvuru,765.0,Tambananga,1087.0,Gakaranka,1027.0,Yanza,827.0,,,10/10/18,,,,,,,,,POINT (439396.48291659926 4695302.2886275435),2908.49,7877.85,15837.89,21970.43,28668.13,3049.04,8198.71,16341.63,22425.79,29575.3
006f100000a86GxAAI,1007583,Rwanda,Rwanda - Akatera - 1007583,Rejected,Technical,11/5/18,Southern Province,Nyaruguru,Kigembe - Ngeri,Rusagara - Ngeri,Akatera,Migina,,,Project Assessment - 2018.10.8,-2.71667,29.73864,,http://www.worldpop.org.uk/data/summary?doi=10.5258/SOTON/WP00539,6524.0,40724.0,Akatera,806.0,Kigarama,624.0,Nyarukurazo - Nyarunyinya,1336.0,Gasharu - Gatare (Gatovu Cell ),1295.0,Gisozi - Kinteko,1267.0,,,10/7/18,,,,,,,,,POINT (470940.8230271757 4699630.820833575),851.5,2831.61,5201.79,8316.73,12158.56,872.79,2917.98,5275.35,8615.38,12578.3
006f100000a86GyAAI,1007584,Rwanda,Rwanda - Mashetsa - 1007584,Rejected,Technical,11/5/18,Southern Province,Nyaruguru,Mata,Nyamabuye-Mbasa( Rwinanka-Kinazi),Mashetsa,Akavuguto,,,Project Assessment - 2018.9.26,-2.614243,29.571836,,http://www.worldpop.org.uk/data/summary?doi=10.5258/SOTON/WP00539,2098.0,17979.0,Rwinanka,864.0,Kinazi,826.0,Rwimbogo,1264.0,Migina,1116.0,,0.0,,,9/26/18,,,,,,,,,POINT (452390.5917923159 4710950.753081567),369.63,999.92,1839.86,3431.07,7513.75,380.2,995.84,1856.04,3428.85,7486.82
006f100000a86H3AAI,1007589,Rwanda,Rwanda - Muyira - 1007589,Rejected,Technical,11/5/18,Southern Province,Nyaruguru,Nyabimata,Kabere_Nyamishungeru,Muyira,Gatare,,,Project Assessment - 2018.9.28,-2.7211111,29.4486389,,http://www.worldpop.org.uk/data/summary?doi=10.5258/SOTON/WP00539,4807.0,28193.0,Muyira,970.0,Nyirarunazi,776.0,,0.0,,0.0,,0.0,,,9/28/18,,,,,,,,,POINT (438696.68908112403 4699128.925287155),1829.02,4131.51,6441.0,11450.66,16489.43,1844.78,4205.77,6726.61,11800.58,17125.7
006f100000a86H4AAI,1007590,Rwanda,Rwanda - Ruganza - 1007590,Complete,In Service,3/20/20,Southern Province,Nyaruguru,Kivu,Cyanyirankora,Ruganza,Basubiza,Rwanda Full Scale Research - Randomized and Lost,,Project Assessment - 2018.9.27,-2.63522167,29.45740167,,http://www.worldpop.org.uk/data/summary?doi=10.5258/SOTON/WP00539,4659.0,27660.0,Ruganza,1152.0,Gakuta,1031.0,,0.0,,0.0,,0.0,,,9/26/18,,,,,,,,,POINT (439666.8082223154 4708626.213752598),1174.31,2715.06,5028.4,9312.36,14373.91,1145.17,2855.66,5233.92,9480.9,14669.13
006f100000a86H5AAI,1007591,Rwanda,Rwanda - Cyumuzi - 1007591,Rejected,Vehicular Bridge Required,11/28/18,Southern Province,Nyaruguru,Nyabimata,Ruhinga,Cyumuzi,Rwerere,,,Project Assessment - 2018.9.28,-2.69811,29.42603,,http://www.worldpop.org.uk/data/summary?doi=10.5258/SOTON/WP00539,4445.0,21646.0,,0.0,,0.0,,0.0,,0.0,,0.0,,,9/28/18,,,,,,,,,POINT (436181.6221425544 4701671.013854491),2081.82,3574.29,5314.44,7243.36,9781.73,2167.01,3611.62,5426.77,7381.71,10043.48
006f100000a86H6AAI,1007592,Rwanda,Rwanda - Ndatemwa - 1007592,Rejected,Technical,11/5/18,Southern Province,Nyaruguru,Busanze,Nteko-Runyombyi(Ndatemwa-Shwima),Ndatemwa,Simbuka,,,Project Assessment - 2018.9.28,-2.78607,29.53833,,http://www.worldpop.org.uk/data/summary?doi=10.5258/SOTON/WP00539,5505.0,29201.0,Ndatemwa,1206.0,Nteko,1006.0,Gisoro,773.0,Kabavomo,906.0,Nyarusange,1170.0,,,9/27/18,,,,,,,,,POINT (448672.04864015925 4691950.645656798),1402.77,3766.88,6025.66,9578.49,13907.7,1433.59,3903.94,6111.64,9589.45,14106.49
006f100000a86H8AAI,1007594,Rwanda,Rwanda - Ruhinga - 1007594,Rejected,Vehicular Bridge Required,11/28/18,Southern Province,Nyaruguru,Nyabimata,Ruhinga,Ruhinga,Rwerere,,,Project Assessment - 2018.9.28,-2.69618,29.42616,,http://www.worldpop.org.uk/data/summary?doi=10.5258/SOTON/WP00539,4527.0,21960.0,,0.0,,0.0,,0.0,,0.0,,0.0,,,9/28/18,,,,,,,,,POINT (436195.9764438963 4701884.423154041),1783.49,3678.39,5364.11,7262.31,9957.95,1861.98,3699.85,5502.44,7425.42,10169.69
006f100000a86H9AAI,1007595,Rwanda,Rwanda - Muyira - 1007595,Rejected,Technical,11/30/18,Southern Province,Nyaruguru,Nyabimata,Mishungero,Muyira,Agatare,,,Project Assessment - 2018.9.28,-2.7221,29.43916,,http://www.worldpop.org.uk/data/summary?doi=10.5258/SOTON/WP00539,3797.0,25531.0,,0.0,,0.0,,0.0,,0.0,,0.0,,,9/28/18,,,,,,,,,POINT (437642.791054856 4699019.09594395),1525.17,3375.25,5146.53,8698.65,13513.62,1614.76,3487.71,5411.83,9115.78,13922.63
006f100000a86HBAAY,1007597,Rwanda,Rwanda - Gaseso - 1007597,Rejected,Technical,11/29/18,Southern Province,Nyaruguru,Kivu,,Gaseso,Basubira,,,Project Assessment - 2018.9.26,-2.62936,29.4521944,,http://www.worldpop.org.uk/data/summary?doi=10.5258/SOTON/WP00539,4805.0,25711.0,Ggg,555.0,,0.0,,0.0,,0.0,,0.0,,,9/26/18,,,,,,,,,POINT (439087.4935102527 4709274.088944305),1243.81,3085.89,6603.2,11184.95,14794.8,1211.58,3245.58,6681.04,11424.18,15105.83
006f100000a86HCAAY,1007598,Rwanda,Rwanda - Sheke - 1007598,Rejected,Technical,11/29/18,Southern Province,Nyaruguru,Kibeho-Muganza,,Sheke,Akanyaru,,,Project Assessment - 2018.10.10,-2.68053167,29.51431667,,http://www.worldpop.org.uk/data/summary?doi=10.5258/SOTON/WP00539,1779.0,16089.0,,0.0,,0.0,,0.0,,0.0,,0.0,,,10/10/18,,,,,,,,,POINT (445997.4938918503 4703618.916851567),170.39,753.7,2220.76,4147.85,6391.65,181.64,771.95,2366.5,4291.86,6591.41
006f100000a86HDAAY,1007599,Rwanda,Rwanda - Bugizi - 1007599,Identified,Identified in Needs Assessment,12/31/18,Southern Province,Nyaruguru,Ruramba-Tare,Ruramba-Buhoro,Bugizi,Mwogo,Rwanda Full Scale Research - Randomized but Not Baselined,,Project Assessment - 2018.10.29,-2.53305556,29.53638889,,http://www.worldpop.org.uk/data/summary?doi=10.5258/SOTON/WP00539,4366.0,29633.0,Bugizi,853.0,Karambi,985.0,Gitovu,873.0,Kirwa-Nyabwoma,1114.0,Muhembe,964.0,,,10/29/18,,,,,,,,,POINT (448445.72957434156 4719926.175033239),754.46,1678.06,3521.47,6286.69,8525.85,788.14,1716.04,3672.47,6372.02,8808.01
006f100000asEzNAAU,1009311,Rwanda,Rwanda - Ruharazi - 1009311,Complete,In Service,4/3/19,Southern Province,Nyaruguru,Nyagisozi,Nkakwa - Mwoya,Ruharazi,Nyagishayo,2019 Rwanda Research Pilot - Bridge Sites,Catchment Survey Program,Project Assessment - 2018.9.27,-2.77676167,29.62627167,,http://www.worldpop.org.uk/data/summary?doi=10.5258/SOTON/WP00539,7393.0,32447.0,Mwoya,1016.0,Nkakwa,864.0,Bwerankori,1020.0,Agatovu,1142.0,Kaduha,917.0,,,9/26/18,,,,,,,,,POINT (458449.13411808875 4692983.315596859),1635.08,5215.18,9043.98,13325.85,17389.19,1650.31,5237.89,9157.14,13586.75,17784.12
006f100000asF27AAE,1009313,Rwanda,Rwanda - Runyombya - 1009313,Identified,Identified in Needs Assessment,12/31/18,Southern Province,Nyaruguru,Busanze,Mirindi-Gabiro,Runyombya,Nshili,Rwanda Full Scale Research - Randomized but Not Baselined,,Project Assessment - 2018.9.28,-2.77142,29.529766,,http://www.worldpop.org.uk/data/summary?doi=10.5258/SOTON/WP00539,5513.0,28664.0,Murambi,667.0,Runyami,1641.0,Uwinteko,1149.0,Mirindi,973.0,Gabiro,1149.0,,,9/27/18,,,,,,,,,POINT (447719.2470155985 4693570.113308945),1195.45,3625.01,6008.21,8677.45,11685.55,1200.77,3588.1,6058.04,8806.32,11801.05
006f100000asFErAAM,1009317,Rwanda,Rwanda - Bukinga - 1009317,Cancelled,Technical,12/31/18,Southern Province,Nyaruguru,Ruheru,,Bukinga,Nshili,,,Project Assessment - 2018.10.10,-2.760833,29.488056,,http://www.worldpop.org.uk/data/summary?doi=10.5258/SOTON/WP00539,5455.0,29518.0,,0.0,,0.0,,0.0,,0.0,,0.0,,,10/10/18,,,,,,,,,POINT (443081.2936689598 4694738.798369459),1851.9,4726.1,7821.94,11521.63,16781.92,1865.73,4816.85,7881.96,11953.05,17257.79
006f100000bge1qAAA,1010404,Rwanda,Rwanda - Mukuge - 1010404,Rejected,Vehicular Bridge Required,11/30/18,Southern Province,Nyaruguru,Ngera,Mukuge,Mukuge,Akagera,,,Project Assessment - 2018.10.29,-2.682028,29.703194,,http://www.worldpop.org.uk/data/summary?doi=10.5258/SOTON/WP00539,5380.0,34878.0,,0.0,,0.0,,0.0,,0.0,,0.0,,,10/29/18,,,,,,,,,POINT (466998.81009819196 4703460.17878724),1229.64,4046.34,6565.01,9634.84,13474.65,1281.55,4202.49,6805.68,9884.85,13870.98
006f100000bge3IAAQ,1010405,Rwanda,Rwanda - Mbuye - 1010405,Rejected,Vehicular Bridge Required,11/29/18,Southern Province,Nyaruguru,,,Mbuye,Migina,,,Project Assessment - 2018.10.10,-2.751556,29.717861,,http://www.worldpop.org.uk/data/summary?doi=10.5258/SOTON/WP00539,7024.0,40505.0,,0.0,,0.0,,0.0,,0.0,,0.0,,,10/10/18,,,,,,,,,POINT (468631.4086352049 4695773.058032211),1392.3,4135.03,7084.29,12451.65,17439.0,1380.63,4244.36,7281.77,12570.81,17975.83
006f100000d1h8aAAA,1014115,Rwanda,Rwanda - Rubindi - 1014115,Rejected,Vehicular Bridge Required,11/30/18,Southern Province,Nyaruguru,Nyabimata,Mishungero,Rubindi,Nyamfubyi,,,Project Assessment - 2018.10.29,-2.73352,29.44932,,http://www.worldpop.org.uk/data/summary?doi=10.5258/SOTON/WP00539,5699.0,27711.0,Rubindi,500.0,Ruhigi,600.0,,0.0,,0.0,,0.0,,,10/29/18,,,,,,,,,POINT (438773.04730243026 4697756.89724146),3142.37,7027.02,10941.08,15033.71,20689.33,3292.17,7363.66,11549.08,15843.92,21453.71
006f100000d1hGAAAY,1014129,Rwanda,Rwanda - Bukoro - 1014129,Complete,In Service,10/10/24,Southern Province,Nyaruguru,Ruramba_Kivu,Gabiro_Kivu,Bukoro,Akanyaru,Rwanda Full Scale Research - Randomized and Baselined - Intervention,,Project Assessment - 2018.9.27,-2.61261667,29.50868667,,http://www.worldpop.org.uk/data/summary?doi=10.5258/SOTON/WP00539,4426.0,24033.0,Kavumu,865.0,Gabiro,816.0,Kimina,904.0,Uwisaga,1370.0,Rusuzumiro,1550.0,,,9/26/18,,,,,,,,,POINT (445368.5127120298 4711128.005749474),410.1,2105.72,4364.33,7139.09,9227.57,421.5,2154.63,4478.38,7269.06,9456.79
006f100000d1hGAAAY,1014129,Rwanda,Rwanda - Bukoro - 1014129,Complete,In Service,10/10/24,Southern Province,Nyaruguru,Ruramba_Kivu,Gabiro_Kivu,Bukoro,Akanyaru,Rwanda Full Scale Research - Randomized and Baselined - Intervention,,Project Assessment - 2018.10.29,-2.61261667,29.50868667,,http://www.worldpop.org.uk/data/summary?doi=10.5258/SOTON/WP00539,4426.0,24033.0,Bukoro,2375.0,Ryamuhumbi,657.0,Kansi,602.0,Gorwe,725.0,Kivu,0.0,,,10/29/18,,,,,,,,,POINT (445368.5127120298 4711128.005749474),410.1,2105.72,4364.33,7139.09,9227.57,421.5,2154.63,4478.38,7269.06,9456.79
006f100000d1hN1AAI,1014149,Rwanda,Rwanda - Rugarama - 1014149,Identified,Requested,12/31/18,Southern Province,Nyaruguru,Nyabimata-Ruheru,Gihemvu-Ruheru,Rugarama,Agatare,Rwanda Full Scale Research - Randomized but Not Baselined,,Project Assessment - 2018.10.29,-2.71276,29.46918,,http://www.worldpop.org.uk/data/summary?doi=10.5258/SOTON/WP00539,4135.0,29837.0,Gihemvu,2580.0,Ruheru,1250.0,,0.0,,0.0,,0.0,,,10/29/18,,,,,,,,,POINT (440980.22097640095 4700053.334340837),1007.6,2820.6,4998.91,8030.98,11158.44,956.97,2820.86,5054.57,8145.11,11361.83
006f100000d1hNQAAY,1014150,Rwanda,Rwanda - Gihemvu - 1014150,Identified,,3/29/25,Southern Province,Nyaruguru,Nyabimata_Muganza,Gihemvu-Muganza,Gihemvu,Giswi,Rwanda Full Scale Research - Randomized and Baselined - Intervention,,Project Assessment - 2018.10.30,-2.6999,29.49195,,http://www.worldpop.org.uk/data/summary?doi=10.5258/SOTON/WP00539,3979.0,21850.0,Gihemvu,2115.0,Muganza,1854.0,Rambyanyana,2000.0,Nyabirondo,872.0,Rugarama,757.0,,,10/29/18,,,,,,,,,POINT (443511.3999786603 4701476.351542776),502.72,2270.87,4452.1,6253.3,8666.02,509.9,2143.91,4478.18,6263.06,8722.83
006f100000d1hOEAAY,1014152,Rwanda,Rwanda - Kansi - 1014152,Rejected,Technical,12/31/18,Southern Province,Nyaruguru,Ruramba,Gabiro,Kansi,Igisuma,Rwanda Full Scale Research - Randomized and Lost,,Project Assessment - 2018.10.29,-2.60126,29.52739,,http://www.worldpop.org.uk/data/summary?doi=10.5258/SOTON/WP00539,4222.0,23305.0,Kansi,602.0,Kageyo,718.0,Bukoro,2375.0,Ryamuhumbi-Nyamirambo,1457.0,Nyarugano,1522.0,,,10/29/18,,,,,,,,,POINT (447447.80284599314 4712384.502121603),808.23,2053.58,4260.92,8365.92,11406.4,808.23,2127.28,4345.33,8516.49,11532.31
006f100000d1hPvAAI,1014158,Rwanda,Rwanda - Buhunge - 1014158,Identified,Requested,12/31/18,Southern Province,Nyaruguru,Ngera-Ngoma,Yaramba-Bubangu,Buhunge,Agatobwe,Rwanda Full Scale Research - Randomized but Not Baselined,,Project Assessment - 2018.10.29,-2.74006,29.67281,,http://www.worldpop.org.uk/data/summary?doi=10.5258/SOTON/WP00539,5325.0,33804.0,Yaramba,1915.0,Bubangu,2045.0,,0.0,,0.0,,0.0,,,10/29/18,,,,,,,,,POINT (463622.1796703229 4697042.864255812),1192.4,3352.42,6335.81,10179.56,15027.9,1205.78,3421.05,6465.96,10376.6,15262.67
006f100000d7Q8FAAU,1013482,Rwanda,Rwanda - Rubona - 1013482,Rejected,Technical,11/16/18,Southern Province,Nyaruguru,Cyahinda-Muninin,Coko-Rubona,Rubona,Nyabigugu,,,Project Assessment - 2018.9.16,-2.73310167,29.57745167,,http://www.worldpop.org.uk/data/summary?doi=10.5258/SOTON/WP00539,3843.0,30476.0,Coko,1129.0,Rubona,340.0,Akagera,824.0,Ruseke,600.0,Gitara,1740.0,,,9/16/18,,,,,,,,,POINT (453019.5550561139 4697808.922015356),1302.41,2281.03,4041.62,7537.67,10320.51,1364.19,2438.28,4090.24,7664.12,10616.3
006f100000d7Q8KAAU,1013483,Rwanda,Rwanda - Rutega - 1013483,Rejected,Technical,11/12/18,Southern Province,Nyaruguru,Cyahinda,Coko-Cyahind(coko-Rutega),Rutega,Akavuguto,,,Project Assessment - 2018.9.16,-2.735675,29.59105333,,http://www.worldpop.org.uk/data/summary?doi=10.5258/SOTON/WP00539,3786.0,30696.0,Rutega,967.0,Coko,1129.0,Gitara,1740.0,Ruseke,600.0,Rubona,340.0,,,9/16/18,,,,,,,,,POINT (454531.9596431415 4697524.9158703685),988.51,2630.19,5309.4,8257.79,12463.15,1035.6,2734.11,5370.18,8359.93,12638.76
006f100000d7hDyAAI,1013612,Rwanda,Rwanda - Runono - 1013612,Rejected,Technical,11/16/18,Southern Province,Nyaruguru,Mata,Mata-Runono,Runono,Gisuma,,,Project Assessment - 2018.9.26,-2.56125667,29.56492833,,http://www.worldpop.org.uk/data/summary?doi=10.5258/SOTON/WP00539,3484.0,23924.0,Runono,2240.0,Mata,1952.0,,0.0,,0.0,,0.0,,,9/26/18,,,,,,,,,POINT (451620.4747806962 4716809.117604439),1672.6,2787.33,4064.89,6398.12,8523.86,1672.92,2850.18,4246.46,6402.5,8621.05
006f100000d7hE3AAI,1013613,Rwanda,Rwanda - Kintama - 1013613,Rejected,Technical,11/14/18,Southern Province,Nyaruguru,Kivu,Gahurizo,Kintama,Basubira,,,Project Assessment - 2018.9.26,-2.62757667,29.43474,,http://www.worldpop.org.uk/data/summary?doi=10.5258/SOTON/WP00539,3708.0,19726.0,Kintare,1004.0,Kintama,957.0,Gakuta,1031.0,Rwishywa,786.0,,0.0,,,9/26/18,,,,,,,,,POINT (437146.52362351585 4709470.4085525125),1600.87,2984.11,4539.73,6477.34,9509.01,1619.22,3127.4,4653.54,6764.54,9718.09
006f100000d7hE8AAI,1013614,Rwanda,Rwanda - Ryabidandi - 1013614,Rejected,Technical,11/12/18,Southern Province,Nyaruguru,Nyagisozi,Nyagisozi(Ryabidandi-Nyamiyaga),Ryabidandi,Igisenyi,,,Project Assessment - 2018.9.26,-2.74995333,29.62531333,,http://www.worldpop.org.uk/data/summary?doi=10.5258/SOTON/WP00539,6697.0,36654.0,Ryabidandi,987.0,Nyamiyaga,1007.0,Muriza,1318.0,Uwimfizi,824.0,Nyagishayo,658.0,,,9/26/18,,,,,,,,,POINT (458341.6504573169 4695947.430926909),1162.66,4195.98,7261.83,11618.03,15991.09,1215.97,4378.9,7509.66,11854.67,16340.47
006f100000d7jImAAI,1013736,Rwanda,Rwanda - Rwaninka - 1013736,Identified,,3/20/25,Southern Province,Nyaruguru,Munini-Ruheru,Ntwali-Gite,Rwaninka,Giswi,Rwanda Full Scale Research - Randomized and Baselined - Intervention,,Project Assessment - 2018.9.28,-2.733162,29.520608,,http://www.worldpop.org.uk/data/summary?doi=10.5258/SOTON/WP00539,2414.0,21290.0,Rwaninka,904.0,Ntwali,817.0,Busanze,721.0,Gahotora,1138.0,,0.0,,,9/28/18,,,,,,,,,POINT (446699.3347497212 4697799.8792378185),450.89,1131.65,2643.02,4403.8,8309.84,475.17,1155.24,2669.91,4530.65,8399.43
006f100000d80kGAAQ,1013846,Rwanda,Rwanda - Ndatemwa - 1013846,Rejected,Technical,11/12/18,Southern Province,Nyaruguru,Busanze,Nteko(Ndatemwa-Kabavomo),Ndatemwa,Umwaro,,,Project Assessment - 2018.10.10,-2.799865,29.55367,,http://www.worldpop.org.uk/data/summary?doi=10.5258/SOTON/WP00539,4504.0,24323.0,Ndatemwa,1206.0,Nteko,1006.0,Nyarusange,1170.0,Kabavomo,906.0,,0.0,,,10/10/18,,,,,,,,,POINT (450378.14673636376 4690426.000220596),1362.86,3491.85,5646.56,8777.76,12611.18,1362.86,3592.52,5698.32,8919.45,12875.79
006Ns00000TL5qPIAT,1053617,Rwanda,Rwanda - Gateko - 1053617,Identified,Requested,12/31/25,Western Province,Rubavu,Nyamyumba,Gateko,Gateko,There is a gauge,,,Project Pre-Assessment - 2025.1.6,-1.760948,29.290017,2573.0,https://api.worldpop.org/v1/services/stats?,13603.61,82307.66,Bushagi,402.0,Bujenje,427.0,Buvano,487.0,Kiguri,850.0,Gateko,407.0,,0.0,1/6/25,,0.0,,0.0,,0.0,,0.0,POINT (421007.99796824995 4805288.266128238),5435.26,10340.18,15622.78,22177.05,34076.09,5494.61,10515.46,15689.6,22883.39,34635.56
006f100000a86HEAAY,1007600,Rwanda,Rwanda - Gashasho - 1007600,Complete,In Service,12/14/22,Western Province,Rubavu,Kanama,Karambo/ndongoshoru,Gashasho,Ndongoshori,Rwanda Full Scale Research - Randomized and Baselined - Intervention,,Project Assessment - 2018.8.17,-1.71333,29.3925,,http://www.worldpop.org.uk/data/summary?doi=10.5258/SOTON/WP00539,7461.0,38268.0,Ndongoshoru,513.0,Gashasho,500.0,,0.0,,0.0,,0.0,,,8/17/18,,,,,,,,,POINT (432408.9277700328 4810557.440216802),2742.33,5980.89,9598.68,13039.85,16791.4,2860.06,6044.24,9688.77,13248.88,16998.15
006f100000a86HFAAY,1007601,Rwanda,Rwanda - Mucyondo - 1007601,Rejected,Technical,11/16/18,Western Province,Rubavu,Kanama,Mukondo/nkora,Mucyondo,Sebeya,,,Project Pre-Assessment - 2018.8.31,-1.70902,29.35808,0.0,http://www.worldpop.org.uk/data/summary?doi=10.5258/SOTON/WP00539,16607.0,67322.0,,0.0,,0.0,,0.0,,0.0,,0.0,,,8/31/18,,,,,,,,,POINT (428579.00716041285 4811032.753482379),8103.81,17135.53,28824.87,43184.99,56426.22,8021.96,17127.93,28883.98,43524.38,56908.71
006f100000a86HFAAY,1007601,Rwanda,Rwanda - Mucyondo - 1007601,Rejected,Technical,11/16/18,Western Province,Rubavu,Kanama,Mukondo/nkora,Mucyondo,Sebeya,,,Project Assessment - 2018.10.28,-1.70902,29.35808,,http://www.worldpop.org.uk/data/summary?doi=10.5258/SOTON/WP00539,16607.0,67322.0,Kanama,32906.0,Nyundo,32254.0,Nyabirasi,0.0,,0.0,,0.0,,,10/28/18,,,,,,,,,POINT (428579.00716041285 4811032.753482379),8103.81,17135.53,28824.87,43184.99,56426.22,8021.96,17127.93,28883.98,43524.38,56908.71
006f100000a86HHAAY,1007603,Rwanda,Rwanda - Gasenyi - 1007603,Rejected,Technical,12/31/18,Western Province,Rubavu,Nyundo,Nyundo,Gasenyi,Sebeya,Rwanda Full Scale Research - Randomized and Lost,,Project Assessment - 2018.8.11,-1.699166,29.336944,,http://www.worldpop.org.uk/data/summary?doi=10.5258/SOTON/WP00539,18934.0,72822.0,Gasenyi,796.0,Rumbati,186.0,Muhira,750.0,,0.0,,0.0,,,8/11/18,,,,,,,,,POINT (426226.90493878216 4812121.527671981),9983.75,26640.4,41047.42,54355.53,66746.08,10358.39,27064.6,41341.77,54905.0,67264.47
006f100000a86HIAAY,1007604,Rwanda,Rwanda - Muriba - 1007604,Rejected,Technical,12/31/18,Western Province,Rubavu,Kanama,Muvebwa-yungwe,Muriba,,,,Project Assessment - 2018.8.11,-1.7091666,29.3777,,http://www.worldpop.org.uk/data/summary?doi=10.5258/SOTON/WP00539,9399.0,55271.0,Muvembwe,450.0,Yungwe,350.0,,0.0,,0.0,,0.0,,,8/11/18,,,,,,,,,POINT (430762.05099600565 4811017.2621150445),3002.4,6470.15,12848.87,18565.07,26920.48,3001.26,6621.38,12951.03,18707.59,27037.94
006f100000a86HJAAY,1007605,Rwanda,Rwanda - Ruraje - 1007605,Identified,Requested,12/19/18,Western Province,Rubavu,Kanama,Karambo/kinyambogo-kamuhoza/nyanjondora,Ruraje,,,,Project Assessment - 2018.8.11,-1.70833,29.379722,,http://www.worldpop.org.uk/data/summary?doi=10.5258/SOTON/WP00539,8965.0,53468.0,Kinyambogo,450.0,Nyanjondori,250.0,,0.0,,0.0,,0.0,,,8/11/18,,,,,,,,,POINT (430987.0004654269 4811109.838342883),2937.04,6331.32,12264.47,17184.53,24940.93,2990.84,6472.53,12271.12,17190.43,24955.63
006f100000aSNCPAA4,1009064,Rwanda,Rwanda - Minigo - 1009064,Complete,In Service,6/28/18,Western Province,Rubavu,"Rugerero,","Kabilizi, Rugerero,",Minigo,SEBEYA,,,Project Pre-Assessment - 2022.11.5,-1.692061,29.294813,5084.0,http://www.worldpop.org.uk/data/summary?doi=10.5258/SOTON/WP00539,13232.0,133018.0,Nyamyiri,1340.0,Amahoro,1400.0,Nkama,800.0,Rambura,844.0,Rukukumbo,700.0,,0.0,11/4/22,,0.0,,0.0,,0.0,,0.0,POINT (421538.7986489276 4812905.4862581715),16917.33,25669.61,37502.28,51725.43,70829.17,16971.46,25660.85,37990.95,52674.99,71583.22
006f100000aSNCPAA4,1009064,Rwanda,Rwanda - Minigo - 1009064,Complete,In Service,6/28/18,Western Province,Rubavu,"Rugerero,","Kabilizi, Rugerero,",Minigo,SEBEYA,,,Project Assessment - 2017.9.27,-1.692061,29.294813,,http://www.worldpop.org.uk/data/summary?doi=10.5258/SOTON/WP00539,13232.0,133018.0,Nyamwiri,1105.0,Nkama,1072.0,Terimbere,,Ruhangiro,485.0,Rukukumbo,720.0,Mahoro,1100.0,9/27/17,Gakoro,,Gisa,0.0,Kaniga,0.0,,0.0,POINT (421538.7986489276 4812905.4862581715),16917.33,25669.61,37502.28,51725.43,70829.17,16971.46,25660.85,37990.95,52674.99,71583.22
006f100000aSNCSAA4,1009067,Rwanda,Rwanda - Rukore - 1009067,Complete,In Service,7/27/18,Western Province,Rubavu,Nyundo,,Rukore,Sebeya,,,Project Pre-Assessment - 2022.11.5,-1.746947,29.370776,2086.0,http://www.worldpop.org.uk/data/summary?doi=10.5258/SOTON/WP00539,9346.0,48898.0,Ndamiye,471.0,Mwali,400.0,Rukore,365.0,Gatare,500.0,Busuti,350.0,,0.0,11/4/22,,0.0,,0.0,,0.0,,0.0,POINT (429993.02982846694 4806839.59724223),3067.53,6595.91,10248.71,16109.72,22642.04,3041.92,6723.93,10447.03,16156.99,22949.85
006f100000aSNCSAA4,1009067,Rwanda,Rwanda - Rukore - 1009067,Complete,In Service,7/27/18,Western Province,Rubavu,Nyundo,,Rukore,Sebeya,,,Project Assessment - 2017.9.27,-1.746947,29.370776,3886.0,http://www.worldpop.org.uk/data/summary?doi=10.5258/SOTON/WP00539,9346.0,48898.0,Gatare,900.0,Bukanda,716.0,Busuku,372.0,Busuti,517.0,Togwe,728.0,Rukore,0.0,9/27/17,Rwandobo,653.0,,0.0,,0.0,,0.0,POINT (429993.02982846694 4806839.59724223),3067.53,6595.91,10248.71,16109.72,22642.04,3041.92,6723.93,10447.03,16156.99,22949.85
006f100000aSNCTAA4,1009068,Rwanda,Rwanda - Kazabe - 1009068,Complete,In Service,12/7/18,Western Province,Rubavu,Nyundo,Kigarama & Musabike,Kazabe,SEBEYA,,,Project Pre-Assessment - 2022.11.5,-1.723631,29.366515,2313.0,http://www.worldpop.org.uk/data/summary?doi=10.5258/SOTON/WP00539,9871.0,66683.0,Kazabe,450.0,Busesa,416.0,Gatuntu,600.0,Kagano,520.0,Nyakibande,327.0,,0.0,11/4/22,,0.0,,0.0,,0.0,,0.0,POINT (429518.07175647095 4809417.512060326),1904.33,6074.71,11719.35,19819.38,32327.26,2009.79,6082.79,11805.46,19972.23,32710.99
006f100000aSNCTAA4,1009068,Rwanda,Rwanda - Kazabe - 1009068,Complete,In Service,12/7/18,Western Province,Rubavu,Nyundo,Kigarama & Musabike,Kazabe,SEBEYA,,,Project Assessment - 2017.9.30,-1.723631,29.366515,,http://www.worldpop.org.uk/data/summary?doi=10.5258/SOTON/WP00539,9871.0,66683.0,Kazabe,1200.0,Kagano,1300.0,Nyakibande,700.0,Kaje,900.0,Busesa,487.0,,,9/29/17,,,,,,,,,POINT (429518.07175647095 4809417.512060326),1904.33,6074.71,11719.35,19819.38,32327.26,2009.79,6082.79,11805.46,19972.23,32710.99
006f100000aSNCUAA4,1009069,Rwanda,Rwanda - Ndindiye - 1009069,Rejected,Social,9/4/17,Western Province,Rubavu,Nyundo,,Ndindiye,SEBEYA,,,Project Assessment - 2017.9.29,,,,,,,,,,,,,,,,,,0.0,9/29/17,,0.0,,0.0,,0.0,,0.0,POINT (Infinity Infinity),,,,,,,,,,
006f100000aSNCWAA4,1009071,Rwanda,Rwanda - Nombe - 1009071,Rejected,Vehicular Bridge Required,12/9/18,Western Province,Rubavu,Terimbere,,Nombe,Sebeya,,,Project Assessment - 2017.9.30,-1.7056,29.30982,,http://www.worldpop.org.uk/data/summary?doi=10.5258/SOTON/WP00539,12835.0,98107.0,,,,,,,,,,,,0.0,9/29/17,,0.0,,0.0,,0.0,,0.0,POINT (423209.13875349046 4811409.048900111),6036.58,14361.61,24022.37,37926.82,55791.2,6066.28,14627.43,24308.77,38396.71,56799.85
006f100000aSNCWAA4,1009071,Rwanda,Rwanda - Nombe - 1009071,Rejected,Vehicular Bridge Required,12/9/18,Western Province,Rubavu,Terimbere,,Nombe,Sebeya,,,Project Assessment - 2017.9.29,-1.7056,29.30982,,http://www.worldpop.org.uk/data/summary?doi=10.5258/SOTON/WP00539,12835.0,98107.0,,,,,,,,,,,,0.0,9/29/17,,0.0,,0.0,,0.0,,0.0,POINT (423209.13875349046 4811409.048900111),6036.58,14361.61,24022.37,37926.82,55791.2,6066.28,14627.43,24308.77,38396.71,56799.85
006f100000aSNCWAA4,1009071,Rwanda,Rwanda - Nombe - 1009071,Rejected,Vehicular Bridge Required,12/9/18,Western Province,Rubavu,Terimbere,,Nombe,Sebeya,,,Project Assessment - 2018.12.10,-1.7056,29.30982,,http://www.worldpop.org.uk/data/summary?doi=10.5258/SOTON/WP00539,12835.0,98107.0,,0.0,,0.0,,0.0,,0.0,,0.0,,,12/9/18,,,,,,,,,POINT (423209.13875349046 4811409.048900111),6036.58,14361.61,24022.37,37926.82,55791.2,6066.28,14627.43,24308.77,38396.71,56799.85
006f100000d1dvfAAA,1014004,Rwanda,Rwanda - Pfunda - 1014004,Rejected,Technical,11/15/18,Western Province,Rubavu,Nyundo-rugerero,Terimbere/nombe,Pfunda,Pfunda,,,Project Assessment - 2018.10.26,-1.70533,29.30478,,http://www.worldpop.org.uk/data/summary?doi=10.5258/SOTON/WP00539,13628.0,109945.0,Nombe,650.0,Rugerero,0.0,Kaburizi,0.0,Nyundo,0.0,,0.0,,,10/26/18,,,,,,,,,POINT (422648.33953885373 4811438.701637434),4540.87,14214.1,25545.25,41201.43,58802.43,4785.58,14377.17,25961.7,42036.4,59550.71
006f100000d1dz1AAA,1014005,Rwanda,Rwanda - Kiziguro - 1014005,Rejected,Social,10/30/18,Western Province,Rubavu,Nyundo,Nyundo/kizuguro,Kiziguro,Sebeya,,,Project Assessment - 2018.10.26,-1.70002,29.34484,,http://www.worldpop.org.uk/data/summary?doi=10.5258/SOTON/WP00539,19557.0,70198.0,Kiziguro,856.0,Mahoko,650.0,,0.0,,0.0,,0.0,,,10/26/18,,,,,,,,,POINT (427105.5023166981 4812027.399338817),20853.55,33159.02,43886.94,54609.72,65113.15,21058.07,33456.65,44132.02,54915.95,65497.73
006f100000d1e0iAAA,1014006,Rwanda,Rwanda - Mucyuzi - 1014006,Identified,,9/24/22,Western Province,Rubavu,Nyundo,Terimbere/rambura,Mucyuzi,Sebeya,Rwanda Full Scale Research - Randomized and Baselined - Intervention,,Project Assessment - 2018.10.26,-1.69435,29.30102,,http://www.worldpop.org.uk/data/summary?doi=10.5258/SOTON/WP00539,12674.0,123084.0,Rambura,857.0,Nyundo,0.0,Rugerero,0.0,,0.0,,0.0,,,10/26/18,,,,,,,,,POINT (422229.53374042554 4812652.635808456),12317.53,23244.13,34780.95,49693.65,65246.48,12407.46,23480.12,35210.77,50032.23,66093.7
006f100000d1e9pAAA,1014007,Rwanda,Rwanda - Kayanza - 1014007,Rejected,Social,12/31/18,Western Province,Rubavu,Nyundo,Nyundo/kayanza,Kayanza,Sebeya,Rwanda Full Scale Research - Randomized and Lost,,Project Assessment - 2018.10.26,-1.70278,29.33445,,http://www.worldpop.org.uk/data/summary?doi=10.5258/SOTON/WP00539,18457.0,74401.0,Kayanza,560.0,,0.0,,0.0,,0.0,,0.0,,,10/26/18,,,,,,,,,POINT (425949.5421863048 4811721.826165715),8132.59,19473.97,37119.46,52478.72,66601.34,8305.13,19691.13,37364.02,53289.55,67201.22
006f100000d1fNgAAI,1014040,Rwanda,Rwanda - Nyakibande1 - 1014040,Rejected,Technical,10/30/18,Western Province,Rubavu,Nyakiriba,Gikombe/nyakibande,Nyakibande1,Nyabisazi,,,Project Assessment - 2018.10.28,-1.67323,29.36088,,http://www.worldpop.org.uk/data/summary?doi=10.5258/SOTON/WP00539,7563.0,65641.0,Nyakibanda,1200.0,Rugerero,0.0,,0.0,,0.0,,0.0,,,10/28/18,,,,,,,,,POINT (428889.2496402142 4814990.196978763),3470.01,7721.97,13926.88,22414.11,36473.41,3526.18,7628.25,13910.57,22224.95,36406.85
006f100000d1fNlAAI,1014041,Rwanda,Rwanda - Nyakibande2 - 1014041,Rejected,Social,10/30/18,Western Province,Rubavu,Nyakiriba,Gikombe/nyakibande,Nyakibande2,Nyabisazi,,,Project Assessment - 2018.10.28,-1.67428,29.36004,,http://www.worldpop.org.uk/data/summary?doi=10.5258/SOTON/WP00539,7671.0,65593.0,Rugerero,1500.0,Nyakibande,650.0,,0.0,,0.0,,0.0,,,10/28/18,,,,,,,,,POINT (428795.82224524877 4814874.066862711),3677.91,7890.65,14987.2,24360.91,39371.5,3751.63,7859.06,14942.53,24328.88,39360.95
006f100000d1fNqAAI,1014042,Rwanda,Rwanda - Nyakibande3 - 1014042,Rejected,Social,12/31/18,Western Province,Rubavu,Nyakiriba,Gikombe/nyakibande,Nyakibande3,Nyabisazi,Rwanda Full Scale Research - Randomized and Lost,,Project Assessment - 2018.10.28,-1.676,29.35857,,http://www.worldpop.org.uk/data/summary?doi=10.5258/SOTON/WP00539,8049.0,65667.0,Nyakibande,1200.0,Rugerero,860.0,,0.0,,0.0,,0.0,,,10/28/18,,,,,,,,,POINT (428632.3203093298 4814683.8310762765),4458.18,9096.93,16911.73,28299.06,43536.21,4512.16,8822.64,17128.85,28475.23,43744.06
006f100000d1fNvAAI,1014043,Rwanda,Rwanda - Kanyahene - 1014043,Rejected,Technical,12/14/18,Western Province,Rubavu,Nyundo,Gatovu/kanyahene,Kanyahene,Nyangirimbiri,Rwanda Full Scale Research - Randomized and Lost,,Project Assessment - 2018.10.28,-1.72928,29.3348,,http://www.worldpop.org.uk/data/summary?doi=10.5258/SOTON/WP00539,11174.0,82919.0,Kanyahene,680.0,Cyima,0.0,Ruhango,0.0,Mukondo cell,0.0,Kamugarura school and GS MUKONDO,0.0,,,10/28/18,,,,,,,,,POINT (425989.5044342056 4808791.689482931),3313.95,7213.68,12327.54,21228.0,29292.38,3293.57,7309.82,12649.44,21682.2,29835.61
006f100000d1fOAAAY,1014045,Rwanda,Rwanda - Rwamikungu2 - 1014045,Rejected,Technical,11/12/18,Western Province,Rubavu,Kanzenze,Nyamikongi/rwamikungu,Rwamikungu2,Mizingo,,,Project Assessment - 2018.10.28,-1.63268,29.39084,,http://www.worldpop.org.uk/data/summary?doi=10.5258/SOTON/WP00539,16782.0,68628.0,Rwamikungu,1200.0,Kivugiza,860.0,,0.0,,0.0,,0.0,,,10/28/18,,,,,,,,,POINT (432221.45938595827 4819474.888008661),2754.86,9229.93,18212.87,25037.41,31784.4,2823.94,9270.85,18675.51,25272.5,32267.16
006f100000d1fOAAAY,1014045,Rwanda,Rwanda - Rwamikungu2 - 1014045,Rejected,Technical,11/12/18,Western Province,Rubavu,Kanzenze,Nyamikongi/rwamikungu,Rwamikungu2,Mizingo,,,Project Assessment - 2018.10.28,-1.63268,29.39084,,http://www.worldpop.org.uk/data/summary?doi=10.5258/SOTON/WP00539,16782.0,68628.0,Rwamikungu,1200.0,Mizingo,960.0,,0.0,,0.0,,0.0,,,10/28/18,,,,,,,,,POINT (432221.45938595827 4819474.888008661),2754.86,9229.93,18212.87,25037.41,31784.4,2823.94,9270.85,18675.51,25272.5,32267.16
006f100000d1fOKAAY,1014046,Rwanda,Rwanda - Basesa - 1014046,Rejected,Technical,11/14/18,Western Province,Rubavu,Nyundo,Kigarama/busesa,Basesa,Kanyamagashu,,,Project Assessment - 2018.10.28,-1.73024,29.36502,,http://www.worldpop.org.uk/data/summary?doi=10.5258/SOTON/WP00539,10103.0,66809.0,Busesa,680.0,Kazabe,760.0,,0.0,,0.0,,0.0,,,10/28/18,,,,,,,,,POINT (429351.9743806917 4808686.692603282),2347.74,5449.48,10676.38,17812.44,28346.12,2416.76,5498.3,10643.4,17979.29,28546.54
006f100000d1fQLAAY,1014058,Rwanda,Rwanda - Marero - 1014058,Rejected,Technical,11/12/18,Western Province,Rubavu,Kanzenze,Nyamirango/marero,Marero,Mizingo,,,Project Assessment - 2018.10.28,-1.64072,29.39906,,http://www.worldpop.org.uk/data/summary?doi=10.5258/SOTON/WP00539,19546.0,64842.0,Mizingo,1113.0,Marero,635.0,,0.0,,0.0,,0.0,,,10/28/18,,,,,,,,,POINT (433136.3627141692 4818586.17850843),5752.03,9738.52,14489.51,21103.61,26769.58,5658.1,9925.88,14546.3,21190.59,27126.04
006f100000d1fSgAAI,1014063,Rwanda,Rwanda - Rwantobo - 1014063,Rejected,Technical,12/31/18,Western Province,Rubavu,Nyundo,Kigarama/rwantobo,Rwantobo,Sebeya,,,Project Assessment - 2018.10.28,-1.74047,29.37229,,http://www.worldpop.org.uk/data/summary?doi=10.5258/SOTON/WP00539,9411.0,52296.0,Gacaca,690.0,Rwantobo,860.0,,0.0,,0.0,,0.0,,,10/28/18,,,,,,,,,POINT (430161.24430964026 4807555.821385118),2392.61,5541.51,10363.86,15781.31,21914.02,2461.44,5630.28,10552.72,16154.14,22293.79
006f100000d6kvJAAQ,1012811,Rwanda,Rwanda - Mushepari - 1012811,Complete,In Service,11/1/22,Western Province,Rubavu,Rugerero,Rwaza/gateko-rwaza/mushoko,Mushepari,Sebeya,Rwanda Full Scale Research - Randomized and Baselined - Intervention,,Project Assessment - 2018.8.17,-1.696388,29.273055,,http://www.worldpop.org.uk/data/summary?doi=10.5258/SOTON/WP00539,50328.0,126768.0,Gateko,900.0,Mushoko,1000.0,,0.0,,0.0,,0.0,,,8/17/18,,,,,,,,,POINT (419117.9897904136 4812426.142849749),14726.57,31898.58,56547.0,82274.44,117664.68,15171.73,33186.24,58175.5,83478.23,121127.34
0063Z00000zxe7uQAA,1047864,Rwanda,Rwanda - Rurumanza - 1047864,Complete,In Service,5/3/24,Southern Province,Ruhango,Mbuye,Gisanga,Rurumanza,Rurumanza,,,Project Assessment - 2023.8.24,-2.147997,29.833538,3012.0,https://api.worldpop.org/v1/services/stats?,7653.43,49353.28,Gishari,700.0,Cyinyambo,600.0,Karama,800.0,Kangoma,912.0,,0.0,,0.0,8/24/23,,0.0,,0.0,,0.0,,0.0,POINT (481484.2939501045 4762508.413530721),2102.0,4207.01,6717.72,10716.06,16445.47,2027.69,4233.93,6814.49,10669.58,16619.83
0063Z00000zxe7zQAA,1047865,Rwanda,Rwanda - Ruhondo - 1047865,Identified,Requested,5/31/24,Southern Province,Ruhango,Mwendo,Saruheshyi,Ruhondo,Ruhondo,,,Project Assessment - 2023.8.24,-2.189971,29.713103,2067.0,https://api.worldpop.org/v1/services/stats?,5551.04,41186.86,Gasharu,480.0,Ruhondo,595.0,Mukingi,356.0,Nyagitongwe,429.0,Nyagakombe,207.0,,0.0,8/24/23,,0.0,,0.0,,0.0,,0.0,POINT (468088.9999101898 4757865.521372561),1044.55,1993.09,4432.42,7843.38,12347.49,1047.06,2045.18,4459.69,7938.82,12571.97
0063Z00000zxe7zQAA,1047865,Rwanda,Rwanda - Ruhondo - 1047865,Identified,Requested,5/31/24,Southern Province,Ruhango,Mwendo,Saruheshyi,Ruhondo,Ruhondo,,,Project Pre-Assessment - 2018.8.24,-2.189971,29.713103,,https://api.worldpop.org/v1/services/stats?,5551.04,41186.86,,0.0,,0.0,,0.0,,0.0,,0.0,,,8/24/18,,,,,,,,,POINT (468088.9999101898 4757865.521372561),1044.55,1993.09,4432.42,7843.38,12347.49,1047.06,2045.18,4459.69,7938.82,12571.97
0063Z00000zxe84QAA,1047866,Rwanda,Rwanda - Nyagashanga - 1047866,Complete,In Service,5/23/24,Southern Province,Ruhango,Byimana,Kirengeri,Nyagashanga,Rurumanza,,,Project Assessment - 2023.8.24,-2.14494,29.77813,2350.0,https://api.worldpop.org/v1/services/stats?,6964.35,57919.09,Masaka,528.0,Gatoki,800.0,Gahengeri,0.0,Nyamirambo,0.0,Matsinsi,1022.0,,0.0,8/24/23,,0.0,,0.0,,0.0,,0.0,POINT (475321.14015897526 4762845.629775948),1835.8,3979.35,7966.58,12924.8,19869.46,1821.22,4018.66,7953.97,13007.56,20000.72
0063Z00000zxe84QAA,1047866,Rwanda,Rwanda - Nyagashanga - 1047866,Complete,In Service,5/23/24,Southern Province,Ruhango,Byimana,Kirengeri,Nyagashanga,Rurumanza,,,Project Assessment - 2018.8.17,-2.14494,29.77813,,https://api.worldpop.org/v1/services/stats?,6964.35,57919.09,,0.0,,0.0,,0.0,,0.0,,0.0,,,8/17/18,,,,,,,,,POINT (475321.14015897526 4762845.629775948),1835.8,3979.35,7966.58,12924.8,19869.46,1821.22,4018.66,7953.97,13007.56,20000.72
0063Z0000103TpxQAE,1045786,Rwanda,Rwanda - Nyaruseke - 1045786,Identified,Requested,5/30/25,Southern Province,Ruhango,Kinihira,Gitinda,Nyaruseke,Kiryango,,,Project Assessment - 2023.5.8,-2.144264,29.63826,1950.0,https://api.worldpop.org/v1/services/stats?,5433.15,35704.29,Kabasanzu,550.0,Gasiza,500.0,Nyarusange,400.0,Ryakabunga,300.0,Nyaruvumu,200.0,,0.0,5/8/23,,0.0,,0.0,,0.0,,0.0,POINT (459763.0512467353 4762917.407399261),1468.91,2887.94,5118.7,8482.12,13027.73,1450.42,3001.56,5260.49,8653.96,13345.15
0063Z0000103Tq7QAE,1045788,Rwanda,Rwanda - Cyunyu - 1045788,Identified,,6/28/24,Southern Province,Ruhango,Kinihira,Kirwa,Cyunyu,Cyunyu,,,Project Assessment - 2023.5.8,-2.200593,29.63962,2550.0,https://api.worldpop.org/v1/services/stats?,4700.97,41998.42,Kabareshya,650.0,Muyange,600.0,Sunzu,500.0,Cyunyu,400.0,Kabakamba,400.0,,0.0,5/8/23,,0.0,,0.0,,0.0,,0.0,POINT (459915.8133200604 4756689.31399872),1051.39,2504.66,4949.66,7728.25,12383.53,1083.17,2527.62,5126.2,7959.61,12742.01
0063Z0000103TqCQAU,1045789,Rwanda,Rwanda - Kiryango - 1045789,Identified,Requested,5/23/25,Southern Province,Ruhango,Kinihira,Rukina,Kiryango,Kiryango,,,Project Pre-Assessment - 2023.8.7,-2.179304,29.675791,2200.0,https://api.worldpop.org/v1/services/stats?,7150.76,39553.43,Nyamira,1500.0,Munini,700.0,Dusenyi,0.0,Nyarubumbiro,0.0,Nyamigina,0.0,,0.0,8/6/23,,0.0,,0.0,,0.0,,0.0,POINT (463938.5617895141 4759044.089629401),1060.49,3034.9,6678.66,10277.86,14244.26,1142.39,3124.22,6909.27,10452.2,14685.2
0063Z0000103TqCQAU,1045789,Rwanda,Rwanda - Kiryango - 1045789,Identified,Requested,5/23/25,Southern Province,Ruhango,Kinihira,Rukina,Kiryango,Kiryango,,,Project Assessment - 2023.5.8,-2.179304,29.675791,2550.0,https://api.worldpop.org/v1/services/stats?,7150.76,39553.43,Nyamigina,600.0,Buhoro,500.0,Kabacuzi,600.0,Nyarubumbiro,400.0,Dusenyi,450.0,,0.0,5/8/23,,0.0,,0.0,,0.0,,0.0,POINT (463938.5617895141 4759044.089629401),1060.49,3034.9,6678.66,10277.86,14244.26,1142.39,3124.22,6909.27,10452.2,14685.2
0063Z0000103TqMQAU,1045791,Rwanda,Rwanda - Kumweya - 1045791,Identified,Requested,12/31/24,Southern Province,Ruhango,Kinihira,Bweramvura,Kumweya,Kiryango,,,Project Assessment - 2023.5.8,2.139167,29.635833,3768.0,https://api.worldpop.org/v1/services/stats?,53.34,356.98,Gahororo,2368.0,Kabasanzu,500.0,Rugarura,400.0,Kiganira,300.0,Nyabibugu,200.0,,0.0,5/8/23,,0.0,,0.0,,0.0,,0.0,POINT (459492.9544529405 5236519.0965325255),,,,16.97,16.97,,,,16.97,16.97
0063Z000011T5m0QAC,1047434,Rwanda,Rwanda - Gahororo - 1047434,Identified,Requested,12/31/24,Southern Province,Ruhango,Kinihira,Bweramvura,Gahororo,Kiryangwe,,,Project Assessment - 2023.8.7,-2.139201,29.635901,2774.0,https://api.worldpop.org/v1/services/stats?,5697.86,36357.72,Kabadende,680.0,Bugarura,800.0,Gahororo,674.0,Nyabivumu,620.0,,0.0,,0.0,8/6/23,,0.0,,0.0,,0.0,,0.0,POINT (459500.51922696526 4763477.145983609),1225.5,2785.75,5184.91,8391.69,13504.05,1259.19,2815.53,5337.23,8547.1,13817.35
0063Z000011T5m0QAC,1047434,Rwanda,Rwanda - Gahororo - 1047434,Identified,Requested,12/31/24,Southern Province,Ruhango,Kinihira,Bweramvura,Gahororo,Kiryangwe,,,Project Pre-Assessment - 2023.5.8,-2.139201,29.635901,2368.0,https://api.worldpop.org/v1/services/stats?,5697.86,36357.72,Gahororo,2368.0,,0.0,,0.0,,0.0,,0.0,,0.0,5/8/23,,0.0,,0.0,,0.0,,0.0,POINT (459500.51922696526 4763477.145983609),1225.5,2785.75,5184.91,8391.69,13504.05,1259.19,2815.53,5337.23,8547.1,13817.35
0063Z000011T5mUQAS,1047436,Rwanda,Rwanda - Gisiza - 1047436,Identified,Requested,12/31/25,Southern Province,Ruhango,Kinihira,Muyunzwe,Gisiza,Kiryango,,,Project Assessment - 2023.8.7,2.154722,29.646111,3660.0,https://api.worldpop.org/v1/services/stats?,5046.27,35118.49,Gasiza,837.0,Nyarutovu,1083.0,Kabasanzu,720.0,Nyaruvumu,478.0,Nyarutovu,542.0,,0.0,8/6/23,,0.0,,0.0,,0.0,,0.0,POINT (460636.6103338014 5238238.697156609),,,,,,,,,,
0063Z000011T5mUQAS,1047436,Rwanda,Rwanda - Gisiza - 1047436,Identified,Requested,12/31/25,Southern Province,Ruhango,Kinihira,Muyunzwe,Gisiza,Kiryango,,,Project Pre-Assessment - 2023.5.8,2.154722,29.646111,2300.0,https://api.worldpop.org/v1/services/stats?,5046.27,35118.49,Kabasanzu,600.0,Gasiza,700.0,Nyarutovu,500.0,Nyaruvumu,300.0,Ruhuha,200.0,,0.0,5/8/23,,0.0,,0.0,,0.0,,0.0,POINT (460636.6103338014 5238238.697156609),,,,,,,,,,
006Ns00000XGVo2IAH,1053980,Rwanda,Rwanda - Kabacuzi - 1053980,Identified,Requested,12/31/25,Southern Province,Ruhango,Kinihira,Kabacuzi,Kabacuzi,Kiryango,,,Project Assessment - 2025.3.7,-2.179668,29.675816,9489.0,,,,Kabacuzi,1702.0,Rusenyi,2112.0,Munini,1751.0,Kabirizi,1812.0,Kabuga,2112.0,,0.0,3/7/25,,0.0,,0.0,,0.0,,0.0,POINT (463941.3512041003 4759003.843985075),1109.8,3092.17,6726.14,10249.3,14334.76,1127.79,3166.59,6864.55,10470.28,14720.47
006f100000a86HKAAY,1007606,Rwanda,Rwanda - Nyamigina 2 - 1007606,Rejected,Technical,12/12/18,Southern Province,Ruhango,Kinihira - Mwendo,Rukina - Gafunzo,Nyamigina 2,Kiryango,,,Project Assessment - 2018.12.12,-2.17262,30.6741,,http://www.worldpop.org.uk/data/summary?doi=10.5258/SOTON/WP00539,2094.0,14053.0,Kabacuzi,740.0,Nyarubumbiro,604.0,Nyamigina,582.0,Buhoro,510.0,,0.0,,,12/12/18,,,,,,,,,POINT (574981.1242038014 4759770.262382368),422.63,1911.88,4498.06,6609.36,9597.79,455.68,1842.79,4586.71,6699.85,9839.4
006f100000a86HLAAY,1007607,Rwanda,Rwanda - Nyangandika - 1007607,Rejected,Technical,11/5/18,Southern Province,Ruhango,Ruhango,Buhoro - Kizibere,Nyangandika,,,,Project Assessment - 2018.8.4,-2.18495,29.80927,,http://www.worldpop.org.uk/data/summary?doi=10.5258/SOTON/WP00539,6206.0,39623.0,Nyangandika,567.0,Bunyeshywa,500.0,,0.0,,0.0,,0.0,,,8/4/18,,,,,,,,,POINT (478785.4490043532 4758422.374194706),1529.79,3730.61,7756.71,11503.0,16013.41,1531.3,3831.09,7884.86,11750.18,16410.48
006f100000a86HNAAY,1007609,Rwanda,Rwanda - Gasyogogo - 1007609,Complete,In Service,6/27/19,Southern Province,Ruhango,Kinihira,Muyunzwe,Gasyogogo,Kiryango,2019 Rwanda Research Pilot - Bridge Sites,,Project Assessment - 2018.7.26,-2.161944,29.665556,,http://www.worldpop.org.uk/data/summary?doi=10.5258/SOTON/WP00539,6089.0,34422.0,Ruhuha,874.0,Muyunzwe,910.0,Gasiza & Nyarubumbiro,400.0,Kubutare,2540.0,,0.0,,,7/26/18,,,,,,,,,POINT (462799.695977218 4760963.278741525),1776.26,3466.4,5631.44,8581.41,13374.25,1744.17,3553.21,5724.37,8755.77,13578.7
006f100000a86HQAAY,1007612,Rwanda,Rwanda - Mabanza - 1007612,Rejected,Technical,11/10/18,Southern Province,Ruhango,Mwendo,Gishweru,Mabanza,,,,Project Assessment - 2018.8.4,-2.12558,29.67786,,http://www.worldpop.org.uk/data/summary?doi=10.5258/SOTON/WP00539,5958.0,34371.0,Kakarima,487.0,Mabanza,834.0,,0.0,,0.0,,0.0,,,8/4/18,,,,,,,,,POINT (464167.4426336526 4764984.215732863),1735.75,4098.46,7189.66,11634.93,15696.82,1813.25,4166.75,7386.16,11847.02,16049.24
006f100000bNTvYAAW,1009857,Rwanda,Rwanda - Gitagara 2 - 1009857,Rejected,Vehicular Bridge Required,9/3/18,Southern Province,Ruhango,Mwendo,Gitaraga-Rukurazo,Gitagara 2,,,,Project Assessment - 2018.8.12,-2.12042,29.6838,,http://www.worldpop.org.uk/data/summary?doi=10.5258/SOTON/WP00539,5131.0,34565.0,,0.0,,0.0,,0.0,,0.0,,0.0,,,8/12/18,,,,,,,,,POINT (464828.0560514233 4765554.87504005),1580.8,3693.59,6705.31,10122.28,13865.86,1636.28,3767.99,6902.46,10342.58,14194.85
006f100000bgsNQAAY,1010409,Rwanda,Rwanda - Gasharu - 1010409,Rejected,Technical,12/12/18,Southern Province,Ruhango,Mwendo,Gafunzo-Saruheshyi,Gasharu,Rusari,,,Project Assessment - 2018.12.12,-2.17554,30.69667,,http://www.worldpop.org.uk/data/summary?doi=10.5258/SOTON/WP00539,2124.0,12620.0,Ruhamagariro,542.0,Gasharu,570.0,Gaseke,538.0,Ruhondo,596.0,,0.0,,,12/12/18,,,,,,,,,POINT (577491.5914095902 4759446.250561864),2126.19,3190.69,4538.4,6206.32,8787.24,2087.62,3201.19,4560.07,6236.61,9034.23
006f100000bgtaSAAQ,1010411,Rwanda,Rwanda - Gaseke - 1010411,Rejected,Technical,11/5/18,Southern Province,Ruhango,Mwendo,Saruheshyi-Gafunzo,Gaseke,,,,Project Assessment - 2018.8.4,-2.16658,29.70104,,http://www.worldpop.org.uk/data/summary?doi=10.5258/SOTON/WP00539,4717.0,35148.0,Gaseke,839.0,Kajevuba,658.0,,0.0,,0.0,,0.0,,,8/4/18,,,,,,,,,POINT (466746.7307822064 4760451.516337491),1984.57,4176.89,6270.06,9111.26,12855.62,2114.84,4297.32,6387.81,9326.99,13173.69
006f100000bgzEaAAI,1010422,Rwanda,Rwanda - Cyahafi - 1010422,Complete,In Service,3/13/24,Southern Province,Ruhango,Kinihira-Mwendo,Gitinda,Cyahafi,Kiryango,,,Project Assessment - 2018.8.4,-2.14156,29.63501,,http://www.worldpop.org.uk/data/summary?doi=10.5258/SOTON/WP00539,5084.0,33318.0,Ryakabunga,678.0,Kabasanzu,543.0,,0.0,,0.0,,0.0,,,8/4/18,,,,,,,,,POINT (459401.4721759952 4763216.294846814),1278.33,2757.76,5128.52,8429.99,13072.23,1287.32,2858.91,5284.41,8618.06,13387.09
006f100000bgzS3AAI,1010423,Rwanda,Rwanda - Miguramo 1 - 1010423,Rejected,Technical,11/5/18,Southern Province,Ruhango,Byimana-Nyarusange,Rusovu-Kigarama,Miguramo 1,,,,Project Assessment - 2018.8.4,-2.12023,29.6893,,http://www.worldpop.org.uk/data/summary?doi=10.5258/SOTON/WP00539,4925.0,35225.0,Bisika,569.0,Mpanda,512.0,,0.0,,0.0,,0.0,,,8/4/18,,,,,,,,,POINT (465439.84061678924 4765576.006487768),1622.17,3497.31,6373.87,9084.24,12339.77,1688.85,3622.88,6594.95,9291.13,12689.59
006f100000bgzlZAAQ,1010425,Rwanda,Rwanda - Mutugezi - 1010425,Rejected,Vehicular Bridge Required,8/24/18,Southern Province,Ruhango,Mwendo,Mutara-Ngaru,Mutugezi,ditch crossing a road,,,Project Pre-Assessment - 2018.8.24,-2.12013889,29.66583333,0.0,http://www.worldpop.org.uk/data/summary?doi=10.5258/SOTON/WP00539,6075.0,34213.0,,0.0,,0.0,,0.0,,0.0,,0.0,,,8/24/18,,,,,,,,,POINT (462829.536661046 4765585.536745114),1694.87,4421.82,7584.03,10943.76,15016.26,1681.86,4495.1,7689.58,11120.62,15257.25
006f100000bh0EZAAY,1010426,Rwanda,Rwanda - Mutugezi - 1010426,Rejected,Vehicular Bridge Required,8/24/18,Southern Province,Ruhango,Mwendo,Mutara- Ngaru,Mutugezi,ditch crossing a road,,,Project Pre-Assessment - 2018.8.24,-2.11994444,29.66611111,0.0,http://www.worldpop.org.uk/data/summary?doi=10.5258/SOTON/WP00539,6107.0,34162.0,,0.0,,0.0,,0.0,,0.0,,0.0,,,8/24/18,,,,,,,,,POINT (462860.43076510745 4765607.043089086),1647.25,4387.76,7542.62,10929.16,14997.8,1672.06,4448.65,7633.15,11259.19,15266.74
006f100000bh0JKAAY,1010427,Rwanda,Rwanda - Gihororo - 1010427,Complete,In Service,6/26/23,Southern Province,Ruhango,kinihira,Bweramvura,Gihororo,Nyabarongo,Rwanda Full Scale Research - Randomized and Baselined - Intervention,,Project Assessment - 2018.8.4,-2.12117,29.6109,,http://www.worldpop.org.uk/data/summary?doi=10.5258/SOTON/WP00539,4912.0,29971.0,Gihororo,808.0,Gakomeye,600.0,,0.0,,0.0,,0.0,,,8/4/18,,,,,,,,,POINT (456719.0617723176 4765470.102870999),1214.41,2966.18,5550.34,8878.95,12806.09,1285.48,3077.86,5648.02,9012.13,13197.54
006f100000bh0WYAAY,1010428,Rwanda,Rwanda - Kiryango - 1010428,Rejected,Technical,12/12/18,Southern Province,Ruhango,Kinihira-Mwendo,Nyabibugu-Muyunzwe,Kiryango,Kiryango,,,Project Assessment - 2018.12.12,-2.15158,30.65636,,http://www.worldpop.org.uk/data/summary?doi=10.5258/SOTON/WP00539,2164.0,16700.0,Ruhuha,741.0,Gasiza,672.0,Muyunzwe,848.0,Nyarutovu,732.0,Karambo,620.0,,,12/12/18,,,,,,,,,POINT (573008.7958530408 4762097.567600063),714.54,2098.71,3336.39,6359.9,10021.92,843.33,2128.46,3591.48,6315.9,10260.68
006f100000cPnOGAA0,1012480,Rwanda,Rwanda - Serugeme - 1012480,Complete,In Service,7/24/19,Southern Province,Ruhango,Kabagari,Rwesero,Serugeme,Mwogo,2019 Rwanda Research Pilot - Bridge Sites,,Project Assessment - 2018.7.26,-2.228055556,29.57333333,,http://www.worldpop.org.uk/data/summary?doi=10.5258/SOTON/WP00539,3447.0,26110.0,Serugeme,833.0,Nyakabuye,3288.0,,0.0,,0.0,,0.0,,,7/26/18,,,,,,,,,POINT (452543.6565218014 4753650.890882798),813.09,2302.26,4115.81,6338.85,9966.01,814.36,2302.43,4176.68,6294.57,10049.7
006f100000dhpDZAAY,1012547,Rwanda,Rwanda - Nyamigina - 1012547,Rejected,Technical,11/5/18,Southern Province,Ruhango,Kinihira - Mwendo,Rukina - Gafunzo,Nyamigina,,,,Project Assessment - 2018.8.12,-2.18874,29.69027,,http://www.worldpop.org.uk/data/summary?doi=10.5258/SOTON/WP00539,4681.0,32748.0,Ruhamagariro,804.0,Nyamugari,568.0,Kimburu,636.0,,0.0,,0.0,,,8/12/18,,,,,,,,,POINT (465549.27732288814 4758001.123389384),2421.22,3964.52,6329.1,9792.83,14242.31,2433.44,3973.1,6459.11,10036.09,14612.61
006f100000dhpDeAAI,1012548,Rwanda,Rwanda - Buterana - 1012548,Rejected,Technical,12/31/18,Southern Province,Ruhango,Ruhango,Tambwe,Buterana,Rugondo,Rwanda Full Scale Research - Randomized and Lost,,Project Assessment - 2018.8.4,-2.18748,29.81693,,http://www.worldpop.org.uk/data/summary?doi=10.5258/SOTON/WP00539,6044.0,37736.0,Buterana,508.0,Bereshi,600.0,,0.0,,0.0,,0.0,,,8/4/18,,,,,,,,,POINT (479637.49393931957 4758142.749692465),1380.96,3796.56,7437.78,11844.42,16654.99,1368.61,3921.28,7505.72,12135.72,16992.66
006f100000dhpDeAAI,1012548,Rwanda,Rwanda - Buterana - 1012548,Rejected,Technical,12/31/18,Southern Province,Ruhango,Ruhango,Tambwe,Buterana,Rugondo,Rwanda Full Scale Research - Randomized and Lost,,Project Assessment - 2018.9.20,-2.18748,29.81693,,http://www.worldpop.org.uk/data/summary?doi=10.5258/SOTON/WP00539,6044.0,37736.0,Rugondo,592.0,Bereshi,744.0,Gasanganya,642.0,Buterana,509.0,Nyamugagari,754.0,,,9/19/18,,,,,,,,,POINT (479637.49393931957 4758142.749692465),1380.96,3796.56,7437.78,11844.42,16654.99,1368.61,3921.28,7505.72,12135.72,16992.66
006f100000dhyeVAAQ,1012699,Rwanda,Rwanda - Kirwa - 1012699,Rejected,Technical,11/5/18,Southern Province,Ruhango,Kabagari,Bihembe - Rwoga,Kirwa,,,,Project Assessment - 2018.8.12,-2.22162,29.61977,,http://www.worldpop.org.uk/data/summary?doi=10.5258/SOTON/WP00539,4586.0,30321.0,Kirwa,388.0,Nyagisenyi,439.0,,0.0,,0.0,,0.0,,,8/12/18,,,,,,,,,POINT (457708.5099152137 4754363.867130316),1330.87,2940.89,5455.69,9303.4,13862.49,1425.71,3016.7,5582.14,9548.85,14281.53
006f100000dhyeaAAA,1012700,Rwanda,Rwanda - Karambi - 1012700,Rejected,Technical,11/14/18,Southern Province,Ruhango,Kabagari,Karambi,Karambi,,,,Project Assessment - 2018.8.12,-2.22283,29.65287,,http://www.worldpop.org.uk/data/summary?doi=10.5258/SOTON/WP00539,7746.0,35360.0,Kashyamba,865.0,Karambi,678.0,Muhoza,600.0,Mbuye,400.0,,0.0,,,8/12/18,,,,,,,,,POINT (461390.1717607436 4754230.98705383),3450.38,7679.61,11401.48,14766.15,19344.68,3492.4,7713.89,11590.78,15100.62,19630.9
006f100000dhyefAAA,1012701,Rwanda,Rwanda - Mataba - 1012701,Rejected,Technical,11/13/18,Southern Province,Ruhango,Rubona - Gitisi,Mataba,Mataba,,,,Project Assessment - 2018.8.12,-2.23697,29.73556,,http://www.worldpop.org.uk/data/summary?doi=10.5258/SOTON/WP00539,5868.0,39248.0,Mataba,340.0,Masambu,500.0,Rugogwe,300.0,,0.0,,0.0,,,8/12/18,,,,,,,,,POINT (470587.7935962786 4752669.486525311),1830.81,4898.83,8475.06,13771.88,19766.81,1834.98,4885.94,8651.56,13965.75,20153.1
006f100000ZQRq1AAH,RW107,Rwanda,Rwanda - Rwamahwa - RW107,Complete,In Service,7/31/15,Northern Province,Rulindo,Base,Rwamahwa,Rwamahwa,Rutereri,,,Project Pre-Assessment - 2022.11.2,-1.634989,29.896522,4194.0,http://www.worldpop.org.uk/data/summary?doi=10.5258/SOTON/WP00539,7690.0,48701.0,Bukangano,658.0,Gitwa,600.0,Kabahama,936.0,Kiruri,1186.0,Buramba,814.0,,0.0,11/2/22,,0.0,,0.0,,0.0,,0.0,POINT (488486.68520174676 4819229.5648568375),2787.31,5090.79,7742.79,12166.01,17483.05,2824.42,5214.68,7829.79,12599.68,17752.13
006f100000ZQRq2AAH,RW106,Rwanda,Rwanda - Shagasha - RW106,Complete,In Service,7/31/15,Northern Province,Rulindo,Buyoga and Burega,Buyoga,Shagasha,Muyanza,,,Project Pre-Assessment - 2022.11.2,-1.710582,30.048984,4420.0,http://www.worldpop.org.uk/data/summary?doi=10.5258/SOTON/WP00539,5331.0,34170.0,Gasharu,320.0,Gashinge,200.0,Bunyana,900.0,Shagasha,1300.0,Kagozi,1700.0,,0.0,11/2/22,,0.0,,0.0,,0.0,,0.0,POINT (505449.91581772524 4810871.915057592),1514.1,2958.26,5038.26,8475.86,12236.85,1528.39,3007.3,5140.92,8661.29,12492.81
006f100000a86HTAAY,1007615,Rwanda,Rwanda - Rubanda - 1007615,Rejected,Technical,12/11/18,Northern Province,Rulindo,Base,Cyohoha_Gitare,Rubanda,Base,,,Project Assessment - 2018.12.10,-1.6443889,29.8994722,,http://www.worldpop.org.uk/data/summary?doi=10.5258/SOTON/WP00539,7806.0,48563.0,Rubanda,520.0,Kabuga-Gitwa,835.0,Bukangano,402.0,Mushongi,520.0,Mugenda,500.0,,,12/10/18,,,,,,,,,POINT (488814.98702501407 4818190.288181262),2488.9,4764.02,8691.24,13719.35,18770.71,2513.9,4895.1,8861.34,14035.69,19105.72
006f100000a86HVAAY,1007617,Rwanda,Rwanda - Muduha - 1007617,Complete,In Service,10/28/22,Northern Province,Rulindo,Burega-Buyoga,Rutangamundu-Gahororo,Muduha,Muyanza River,Rwanda Full Scale Research - Randomized and Baselined - Intervention,,Project Assessment - 2018.8.12,-1.72441,30.0589,,http://www.worldpop.org.uk/data/summary?doi=10.5258/SOTON/WP00539,5019.0,33701.0,Gatenderi,500.0,Muduha,300.0,,0.0,,0.0,,0.0,,,8/12/18,,,,,,,,,POINT (506553.11431794625 4809343.001265809),1472.28,3146.08,5565.72,8064.67,11296.8,1516.68,3158.85,5662.46,8169.2,11486.52
006f100000a86HYAAY,1007620,Rwanda,Rwanda - Nyamugari - 1007620,Complete,In Service,5/22/23,Northern Province,Rulindo,"Base, Bushoki",Gitare-Nyamugari,Nyamugari,Bahimba,Rwanda Full Scale Research - Randomized but Not Baselined,,Project Assessment - 2018.7.26,-1.66139,29.88583,,https://api.worldpop.org/v1/services/stats?,12618.28,47678.38,Nyamugari,875.0,Nyirangarama,950.0,Gifumba,680.0,Base,760.0,Gitare,860.0,,,7/26/18,,,,,,,,,POINT (487297.2226466293 4816310.490786028),2313.76,5210.25,7904.87,11647.23,16985.7,2163.67,5251.42,7924.37,11775.25,17191.56
006f100000a86HZAAY,1007621,Rwanda,Rwanda - Ruvumba - 1007621,Rejected,Vehicular Bridge Required,12/11/18,Northern Province,Rulindo,Tumba,Taba,Ruvumba,Bahimba,,,Project Assessment - 2018.12.10,-1.748844,29.951975,,http://www.worldpop.org.uk/data/summary?doi=10.5258/SOTON/WP00539,5411.0,37946.0,,0.0,,0.0,,0.0,,0.0,,0.0,,,12/10/18,,,,,,,,,POINT (494656.8887175576 4806641.507693061),1086.68,2676.06,5151.97,8455.99,13568.68,1123.6,2705.97,5204.3,8643.93,13724.12
006f100000a86HaAAI,1007622,Rwanda,Rwanda - Ngarama - 1007622,Rejected,Vehicular Bridge Required,12/11/18,Northern Province,Rulindo,Bushoki,Giko,Ngarama,Stream,,,Project Assessment - 2018.12.10,-1.692446,29.904097,,http://www.worldpop.org.uk/data/summary?doi=10.5258/SOTON/WP00539,7740.0,48332.0,,0.0,,0.0,,0.0,,0.0,,0.0,,,12/10/18,,,,,,,,,POINT (489329.8150491475 4812876.913138033),1718.23,4048.55,6758.27,10227.25,14823.43,1740.2,4150.37,6930.92,10439.02,15212.82
006f100000a86HdAAI,1007625,Rwanda,Rwanda - Base - 1007625,Rejected,Vehicular Bridge Required,12/31/13,Northern Province,Rulindo,Base,,Base,,,,Project Pre-Assessment - 2018.8.23,-1.6404167,29.8977778,0.0,http://www.worldpop.org.uk/data/summary?doi=10.5258/SOTON/WP00539,7666.0,48580.0,,0.0,,0.0,,0.0,,0.0,,0.0,,,8/23/18,,,,,,,,,POINT (488626.4405367949 4818629.462150769),2504.46,4910.94,8368.03,13303.67,18096.25,2577.23,4980.9,8618.35,13621.85,18441.93
006f100000a86HeAAI,1007626,Rwanda,Rwanda - Nyirangarama - 1007626,Rejected,Technical,11/10/18,Northern Province,Rulindo,Nyirangarama,Nyirangarama,Nyirangarama,,,,Project Assessment - 2018.7.27,-1.66889,29.89389,,http://www.worldpop.org.uk/data/summary?doi=10.5258/SOTON/WP00539,7539.0,46879.0,Nyirangarama,700.0,Tare,200.0,Rugote,400.0,Nyamugari,300.0,Gihora,200.0,,,7/27/18,,,,,,,,,POINT (488194.0396949566 4815481.308167646),2349.25,4625.73,7495.13,12237.78,16592.68,2435.99,4651.75,7622.44,12403.31,16842.34
006f100000a86HgAAI,1007628,Rwanda,Rwanda - Kabahama - 1007628,Identified,,12/11/18,Northern Province,Rulindo,Base,Rwamahwa,Kabahama,Gitereri,,,Project Assessment - 2018.12.10,-1.6306667,29.8939167,,http://www.worldpop.org.uk/data/summary?doi=10.5258/SOTON/WP00539,7661.0,48007.0,Kiruri,908.0,Kabahama,987.0,Gitovu,576.0,Ruyambo,876.0,Marembo,787.0,,,12/10/18,,,,,,,,,POINT (488196.7851070655 4819707.4418499945),2578.48,5007.79,7449.89,11512.61,17796.6,2606.58,5069.57,7599.62,11840.45,18137.48
006f100000a86HhAAI,1007629,Rwanda,Rwanda - Cyiri - 1007629,Rejected,Technical,12/31/18,Northern Province,Rulindo,Giko,Cyiri,Cyiri,,Rwanda Full Scale Research - Randomized but Not Baselined,,Project Pre-Assessment - 2022.11.2,-1.683618,29.899565,4350.0,http://www.worldpop.org.uk/data/summary?doi=10.5258/SOTON/WP00539,7992.0,47671.0,Cyiri,900.0,Rugoti,850.0,Ngarama,800.0,Bubiro,850.0,Remera,950.0,,0.0,11/2/22,,0.0,,0.0,,0.0,,0.0,POINT (488825.5330098163 4813852.949726035),1823.46,3954.48,6816.33,10815.39,15613.8,1845.63,4032.59,7023.9,11055.89,15823.52
006f100000a86HhAAI,1007629,Rwanda,Rwanda - Cyiri - 1007629,Rejected,Technical,12/31/18,Northern Province,Rulindo,Giko,Cyiri,Cyiri,,Rwanda Full Scale Research - Randomized but Not Baselined,,Project Assessment - 2018.7.27,-1.683618,29.899565,,http://www.worldpop.org.uk/data/summary?doi=10.5258/SOTON/WP00539,7992.0,47671.0,Cyiri,500.0,Bubiro,200.0,Ngarama,100.0,,0.0,,0.0,,,7/27/18,,,,,,,,,POINT (488825.5330098163 4813852.949726035),1823.46,3954.48,6816.33,10815.39,15613.8,1845.63,4032.59,7023.9,11055.89,15823.52
006f100000a86HiAAI,1007630,Rwanda,Rwanda - Nyarurama - 1007630,Complete,In Service,10/22/23,Northern Province,Rulindo,Ntarabana-Mutete,Nyarurama-Kagarama,Nyarurama,Muyanza,Rwanda Full Scale Research - Randomized and Baselined - Intervention,,Project Assessment - 2018.8.5,-1.75497,30.08422,,http://www.worldpop.org.uk/data/summary?doi=10.5258/SOTON/WP00539,5703.0,34628.0,Nyarurama,687.0,Nombe,769.0,Kabeza,300.0,Nyagisozi,800.0,,0.0,,,8/5/18,,,,,,,,,POINT (509370.02561883087 4805964.048496673),1171.69,3242.61,6214.81,10481.27,14310.63,1175.66,3254.38,6279.76,10676.05,14461.56
006f100000a86HjAAI,1007631,Rwanda,Rwanda - Gatwa - 1007631,Rejected,Technical,11/12/18,Northern Province,Rulindo,Kinihira-Rukozo,Maremo-Bwimo,Gatwa,,,,Project Assessment - 2018.8.2,-1.65237,29.9201,,http://www.worldpop.org.uk/data/summary?doi=10.5258/SOTON/WP00539,8000.0,52691.0,Gatwa,925.0,Buhunde,817.0,Mushongi,767.0,,0.0,,0.0,,,8/2/18,,,,,,,,,POINT (491110.1326348368 4817307.9675840875),2163.23,4648.41,8123.46,12452.02,17599.78,2216.79,4698.45,8279.62,12612.71,17899.81
006f100000a86HkAAI,1007632,Rwanda,Rwanda - Musega - 1007632,Rejected,Vehicular Bridge Required,12/31/13,Northern Province,Rulindo,Masoro,,Musega,,,,Project Assessment - 2018.8.24,-1.8023333,30.0800278,0.0,http://www.worldpop.org.uk/data/summary?doi=10.5258/SOTON/WP00539,6116.0,43792.0,,0.0,,0.0,,0.0,,0.0,,0.0,,,8/24/18,,,,,,,,,POINT (508903.388622725 4800727.374294243),2098.56,4722.64,9098.89,14666.98,19771.63,2158.69,4816.93,9202.98,14839.73,20130.94
006f100000a86HlAAI,1007633,Rwanda,Rwanda - Gashushura - 1007633,Rejected,Technical,12/14/18,Northern Province,Rulindo,Rulindo,Base/Rwamahwa/gitovu_karambi_rugaragara,Gashushura,,Rwanda Full Scale Research - Randomized and Lost,,Project Assessment - 2018.7.27,-1.61306,29.88583,,http://www.worldpop.org.uk/data/summary?doi=10.5258/SOTON/WP00539,8312.0,45080.0,Karambi,250.0,Gitovu,300.0,Rugaragara,500.0,,0.0,,0.0,,,7/27/18,,,,,,,,,POINT (487296.91842613474 4821654.065597859),2805.09,5124.14,7555.78,11229.69,15503.79,2815.95,5189.38,7608.64,11348.31,15720.99
006f100000a86HmAAI,1007634,Rwanda,Rwanda - Kamuragi - 1007634,Rejected,Technical,11/5/18,Northern Province,Rulindo,Kamuragi,,Kamuragi,,,,Project Assessment - 2018.7.27,-1.74278,29.94694,1260.0,http://www.worldpop.org.uk/data/summary?doi=10.5258/SOTON/WP00539,5699.0,40256.0,Kamurabi,720.0,Ruvumba,540.0,,0.0,,0.0,,0.0,,,7/27/18,,,,,,,,,POINT (494096.69129739224 4807311.954506285),1566.16,3232.8,5397.27,8940.41,13882.75,1592.38,3271.98,5556.45,9098.96,14045.51
006f100000a86HnAAI,1007635,Rwanda,Rwanda - Gisiza - 1007635,Complete,In Service,6/10/22,Northern Province,Rulindo,Masoro - Kinzuzi - Ntarabana,Kabuga - Budakiranya - Kiyanza,Gisiza,Rusine,Rwanda Full Scale Research - Randomized and Lost,,Project Assessment - 2018.8.12,-1.76842,30.06324,,https://api.worldpop.org/v1/services/stats?,8276.51,46987.8,Kabuga,4628.0,Kamatongo,400.0,Kiyanza,1870.0,,0.0,,0.0,,,8/12/18,,,,,,,,,POINT (507035.81188410136 4804477.050174335),2137.24,4916.49,8664.3,13121.37,18289.07,2157.94,4999.36,8821.22,13372.49,18527.04
006f100000a86HoAAI,1007636,Rwanda,Rwanda - Cyivugiza - 1007636,Identified,Identified in Needs Assessment,12/31/18,Northern Province,Rulindo,Masoro,Musega,Cyivugiza,Base,Rwanda Full Scale Research - Randomized but Not Baselined,,Project Pre-Assessment - 2022.11.2,-1.801744,30.075614,13500.0,http://www.worldpop.org.uk/data/summary?doi=10.5258/SOTON/WP00539,6787.0,44620.0,Musega,3400.0,Nyabinyana,2000.0,Gasenga,3000.0,Umubuga,1500.0,Rebero,3600.0,,0.0,11/2/22,,0.0,,0.0,,0.0,,0.0,POINT (508412.3394635335 4800792.550879768),2235.26,5149.29,9449.35,14486.58,19946.17,2202.81,5214.89,9558.17,14697.03,20334.94
006f100000a86HoAAI,1007636,Rwanda,Rwanda - Cyivugiza - 1007636,Identified,Identified in Needs Assessment,12/31/18,Northern Province,Rulindo,Masoro,Musega,Cyivugiza,Base,Rwanda Full Scale Research - Randomized but Not Baselined,,Project Assessment - 2018.8.5,-1.801744,30.075614,,http://www.worldpop.org.uk/data/summary?doi=10.5258/SOTON/WP00539,6787.0,44620.0,Musega,1200.0,Nyabinyana,741.0,Gasega,918.0,Rebero,1130.0,,0.0,,,8/5/18,,,,,,,,,POINT (508412.3394635335 4800792.550879768),2235.26,5149.29,9449.35,14486.58,19946.17,2202.81,5214.89,9558.17,14697.03,20334.94
006f100000a86HoAAI,1007636,Rwanda,Rwanda - Cyivugiza - 1007636,Identified,Identified in Needs Assessment,12/31/18,Northern Province,Rulindo,Masoro,Musega,Cyivugiza,Base,Rwanda Full Scale Research - Randomized but Not Baselined,,Project Assessment - 2018.8.31,-1.801744,30.075614,,http://www.worldpop.org.uk/data/summary?doi=10.5258/SOTON/WP00539,6787.0,44620.0,Musega,800.0,Nyabinyana,1030.0,Gasharu,474.0,Gasenga,119.0,Rebero,1000.0,,,8/31/18,,,,,,,,,POINT (508412.3394635335 4800792.550879768),2235.26,5149.29,9449.35,14486.58,19946.17,2202.81,5214.89,9558.17,14697.03,20334.94
006f100000a86HpAAI,1007637,Rwanda,Rwanda - Gihinga - 1007637,Complete,In Service,11/3/23,Northern Province,Rulindo,Cyinzuzi,KIDOGO,Gihinga,Rusine,Rwanda Full Scale Research - Randomized and Baselined - Intervention,Gihinga - Balfour Beatty US - 2023,Project Pre-Assessment - 2022.11.2,-1.753178,30.019789,3861.0,http://www.worldpop.org.uk/data/summary?doi=10.5258/SOTON/WP00539,5625.0,35384.0,Kirambo,680.0,Munoga,450.0,Gaseke,520.0,Gihinga,1500.0,Gihuke,711.0,,0.0,11/2/22,,0.0,,0.0,,0.0,,0.0,POINT (502201.6569697259 4806162.37891908),1481.13,2890.24,4930.17,8499.35,12260.58,1515.32,2955.57,4986.19,8747.56,12557.25
006f100000a86HpAAI,1007637,Rwanda,Rwanda - Gihinga - 1007637,Complete,In Service,11/3/23,Northern Province,Rulindo,Cyinzuzi,KIDOGO,Gihinga,Rusine,Rwanda Full Scale Research - Randomized and Baselined - Intervention,Gihinga - Balfour Beatty US - 2023,Project Assessment - 2018.8.2,-1.753178,30.019789,,http://www.worldpop.org.uk/data/summary?doi=10.5258/SOTON/WP00539,5625.0,35384.0,Gihinga,700.0,Kigarama,1000.0,Kanyoni,1000.0,Kamatongo,750.0,Kirambo,780.0,,,8/2/18,,,,,,,,,POINT (502201.6569697259 4806162.37891908),1481.13,2890.24,4930.17,8499.35,12260.58,1515.32,2955.57,4986.19,8747.56,12557.25
006f100000a86HuAAI,1007642,Rwanda,Rwanda - Kirambo - 1007642,Identified,Requested,12/31/18,Northern Province,Rulindo,Cyinzuzi,Rudogo,Kirambo,,Rwanda Full Scale Research - Randomized but Not Baselined,,Project Assessment - 2018.8.12,-1.75152,30.00904,,http://www.worldpop.org.uk/data/summary?doi=10.5258/SOTON/WP00539,5264.0,34160.0,Kirambo,400.0,Munega,200.0,Gaseke,500.0,,0.0,,0.0,,,8/12/18,,,,,,,,,POINT (501005.76058386674 4806345.7036634125),1238.29,3039.35,4920.01,7371.98,11270.33,1310.48,3078.52,4969.27,7550.36,11503.32
006f100000a86HvAAI,1007643,Rwanda,Rwanda - Buhunde - 1007643,Identified,,12/31/17,Northern Province,Rulindo,Bwimo - Rukozo,Kiyebe - Maremo,Buhunde,,,,Project Assessment - 2018.8.24,-1.653,29.9257778,0.0,http://www.worldpop.org.uk/data/summary?doi=10.5258/SOTON/WP00539,7912.0,53888.0,,0.0,,0.0,,0.0,,0.0,,0.0,,,8/24/18,,,,,,,,,POINT (491741.86137476476 4817238.3366159685),2148.02,4403.93,7951.29,12624.71,18070.01,2166.3,4516.15,8039.41,12778.55,18377.09
006f100000a86HxAAI,1007645,Rwanda,Rwanda - Rukoma - 1007645,Rejected,Technical,11/5/18,Northern Province,Rulindo,Ngoma-mbogo,mugote-mushari,Rukoma,,,,Project Assessment - 2018.8.16,-1.79476,29.98846,,http://www.worldpop.org.uk/data/summary?doi=10.5258/SOTON/WP00539,4592.0,30625.0,Rukoma,374.0,Gitabage,360.0,Marembo,450.0,Nyakibyeyi,280.0,"Bukongi,Marebe, sakara",1160.0,,,8/16/18,,,,,,,,,POINT (498716.1274527858 4801564.902511202),1245.42,2211.67,4209.7,7078.42,10168.26,1270.82,2227.2,4371.62,7147.4,10292.04
006f100000a86HzAAI,1007647,Rwanda,Rwanda - Mitabi - 1007647,Complete,In Service,10/29/23,Northern Province,Rulindo,Burega,Karengeri,Mitabi,Mitabi,Rwanda Full Scale Research - Randomized and Baselined - Intervention,,Project Assessment - 2018.8.12,-1.74817,30.03081,,http://www.worldpop.org.uk/data/summary?doi=10.5258/SOTON/WP00539,5756.0,36651.0,Mitabi,312.0,Gihinga,760.0,Kizenga,600.0,Muhondo,600.0,Kavumu,560.0,,,8/12/18,,,,,,,,,POINT (503427.82521467033 4806716.068222292),1303.6,2707.6,5301.58,8171.54,11772.57,1311.78,2821.83,5363.42,8388.6,11995.9
006f100000a86I1AAI,1007649,Rwanda,Rwanda - Gitovu - 1007649,Complete,In Service,10/8/22,Northern Province,Rulindo,Base-Cyungo,Rwamahwa/ Cyungo,Gitovu,Gitereri,Rwanda Full Scale Research - Randomized and Baselined - Intervention,,Project Assessment - 2018.8.2,-1.62269,29.89036,,https://api.worldpop.org/v1/services/stats?,7815.35,50843.44,Gitovu,774.0,Kibuye,700.0,Kidomo,200.0,Rugaragara,327.0,Kabahama,154.0,,,8/2/18,,,,,,,,,POINT (487801.00530674984 4820589.359033841),1976.57,4506.74,8089.49,12419.8,16865.41,2014.97,4663.25,8236.15,12589.36,17053.28
006f100000a86I3AAI,1007651,Rwanda,Rwanda - Gipfundo - 1007651,Identified,,12/31/22,Northern Province,Rulindo,Buyoga,Gahororo-Gipfundo,Gipfundo,,,,Project Assessment - 2018.8.11,-1.720313,30.081412,,https://api.worldpop.org/v1/services/stats?,5846.77,36792.82,Gapfundo,420.0,Rusabira ( Gicumbi),380.0,Merezo,350.0,Minanire,300.0,Karutongo,250.0,,,8/11/18,,,,,,,,,POINT (509057.78214410576 4809795.891053041),1487.15,3461.9,5792.8,9209.91,13035.66,1535.38,3476.89,5820.24,9300.46,13158.35
006f100000aATjCAAW,1008002,Rwanda,Rwanda - Karengo - 1008002,Identified,,12/31/18,Northern Province,Rulindo,Ntarabana,Mahwaza-Kivugiza,Karengo,Rusine,,,Project Assessment - 2017.8.16,-1.78583333,30.0825,,http://www.worldpop.org.uk/data/summary?doi=10.5258/SOTON/WP00539,5995.0,40656.0,,,,,,,,,,,,0.0,8/16/17,,0.0,,0.0,,0.0,,0.0,POINT (509178.5124401349 4802551.671667428),1518.67,4354.79,7947.32,12451.26,17904.98,1594.82,4462.62,8103.34,12718.93,18211.61
006f100000aATjCAAW,1008002,Rwanda,Rwanda - Karengo - 1008002,Identified,,12/31/18,Northern Province,Rulindo,Ntarabana,Mahwaza-Kivugiza,Karengo,Rusine,,,Project Assessment - 2018.12.10,-1.78583333,30.0825,,http://www.worldpop.org.uk/data/summary?doi=10.5258/SOTON/WP00539,5995.0,40656.0,Gitwa-Kamahuriro,1367.0,Rurambi-Kibeho,1600.0,Rusekabuye,1600.0,Gasenga,1200.0,Rebero-Musega,2000.0,,,12/10/18,,,,,,,,,POINT (509178.5124401349 4802551.671667428),1518.67,4354.79,7947.32,12451.26,17904.98,1594.82,4462.62,8103.34,12718.93,18211.61
006f100000d6kpDAAQ,1012797,Rwanda,Rwanda - Mataba - 1012797,Rejected,Technical,11/10/18,Northern Province,Rulindo,Rukozo,Mberuka,Mataba,,,,Project Assessment - 2018.8.16,-1.62068,29.95006,,http://www.worldpop.org.uk/data/summary?doi=10.5258/SOTON/WP00539,11251.0,55419.0,Mataba,560.0,Gakubo,500.0,,0.0,,0.0,,0.0,,,8/16/18,,,,,,,,,POINT (494443.46862615197 4820811.854920184),3520.66,6483.33,10212.93,15280.27,22020.29,3517.76,6604.07,10267.75,15511.85,22419.79
006f100000d6kpNAAQ,1012798,Rwanda,Rwanda - Bushyana - 1012798,Rejected,Technical,11/11/18,Northern Province,Rulindo,Rukuzo_Cyungo,Bwimo_Burehe,Bushyana,,,,Project Assessment - 2018.8.17,-1.63296,29.93438,,http://www.worldpop.org.uk/data/summary?doi=10.5258/SOTON/WP00539,9748.0,57215.0,Bushyana,764.0,Nyagatovu,380.0,Gahwazi,600.0,"Kavumu, kadendegeri",1072.0,"Mean a, Shyondwe",1200.0,,,8/16/18,,,,,,,,,POINT (492698.8903114351 4819454.076955805),3209.1,5882.16,10029.5,15322.57,20820.42,3140.46,5975.62,10348.65,15460.09,21079.85
006f100000d6kr4AAA,1012800,Rwanda,Rwanda - Mukaka - 1012800,Complete,In Service,6/10/22,Northern Province,Rulindo,Rukozo-Miyove,Mbuye-Miyove,Mukaka,Gisaganandi,Rwanda Full Scale Research - Randomized and Baselined - Intervention,,Project Assessment - 2018.8.17,-1.62147,29.96712,,http://www.worldpop.org.uk/data/summary?doi=10.5258/SOTON/WP00539,10978.0,55670.0,Mukaka,800.0,Kibare,816.0,Mujebe,840.0,,0.0,,0.0,,,8/17/18,,,,,,,,,POINT (496341.636612235 4820724.548061458),2550.54,5673.73,9856.67,14747.17,19413.33,2670.93,5818.3,9977.38,15083.28,19827.05
006f100000d7jMtAAI,1013737,Rwanda,Rwanda - Rusumo - 1013737,Complete,In Service,11/17/23,Northern Province,Rulindo,Kisaro_Miyove,Sayo_Gakenke,Rusumo,Nyirakibuye,Rwanda Full Scale Research - Randomized and Baselined - Intervention,Rusumo - Systra - 2023,Project Assessment - 2018.9.28,-1.65413,30.01517,,http://www.worldpop.org.uk/data/summary?doi=10.5258/SOTON/WP00539,7771.0,44415.0,Rusumo,547.0,Nyamiyaga,407.0,Kibanda-Cyasure,1425.0,Kirwa,710.0,Rugandu_Nyarurambe,1251.0,,,9/28/18,,,,,,,,,POINT (501687.8488963204 4817113.546980228),1390.47,3702.02,7760.2,10937.65,15262.15,1401.87,3608.75,7800.56,11031.78,15641.63
006f100000d7kfSAAQ,1013745,Rwanda,Rwanda - Kibuye - 1013745,Rejected,Technical,11/13/18,Northern Province,Rulindo,Kisaro_Miyove,Mubuga_Gakenke,Kibuye,Nyirakibuye,,,Project Assessment - 2018.9.28,-1.64805,30.01587,,http://www.worldpop.org.uk/data/summary?doi=10.5258/SOTON/WP00539,7820.0,45901.0,Kibuye,737.0,Murambi,850.0,Nyakarekare-cyasure,1512.0,Kirwa,674.0,Rugandu,570.0,,,9/28/18,,,,,,,,,POINT (501765.7378641772 4817785.776368945),1869.32,4105.34,8178.52,11769.95,16575.59,1805.66,4213.8,8248.17,11880.73,16833.91
006f100000d7khOAAQ,1013746,Rwanda,Rwanda - Karambo - 1013746,Rejected,Technical,11/11/18,Northern Province,Rulindo,Murambi-Jali,Rubangu-Buhiza,Karambo,Murongozi,,,Project Assessment - 2018.9.28,-1.8472,30.02041,,http://www.worldpop.org.uk/data/summary?doi=10.5258/SOTON/WP00539,5949.0,41810.0,Karambo,640.0,Nyagisozi,912.0,Rebero,524.0,Buhiza,2342.0,,0.0,,,9/28/18,,,,,,,,,POINT (502270.63099551393 4795766.899558675),2252.62,4695.5,8655.32,14134.75,19829.79,2271.24,4722.64,8893.07,14410.76,20140.15
006f100000d7kjZAAQ,1013747,Rwanda,Rwanda - Gaseke - 1013747,Identified,,12/31/18,Northern Province,Rulindo,Kisaro,Gitatsa-Kigarama,Gaseke,Rugabano,Rwanda Full Scale Research - Randomized and Baselined - Long Term Control,,Project Assessment - 2018.9.28,-1.66082,30.05076,,http://www.worldpop.org.uk/data/summary?doi=10.5258/SOTON/WP00539,6435.0,39954.0,Gaseke,700.0,Ntantabo,780.0,Ruberano,800.0,Gitatsa,2550.0,,0.0,,,9/28/18,,,,,,,,,POINT (505647.6554186753 4816373.806778718),1408.9,3321.31,5521.89,8911.51,12659.51,1437.46,3345.76,5638.82,9009.64,12860.06
006f100000d7kk8AAA,1013748,Rwanda,Rwanda - Bitare - 1013748,Rejected,Technical,11/5/18,Northern Province,Rulindo,Rusiga,Taba,Bitare,Channel,,,Project Assessment - 2018.9.28,-1.82989,29.92981,,http://www.worldpop.org.uk/data/summary?doi=10.5258/SOTON/WP00539,5034.0,31569.0,Bitare,502.0,Gahondo,0.0,Nyakarama,712.0,Ruhanga,617.0,Kagunda-Mukumba,1010.0,,,9/28/18,,,,,,,,,POINT (492191.2218760334 4797680.628953759),954.88,2140.19,3663.07,6039.04,8709.53,955.86,2172.04,3723.92,6139.88,8913.21
006f100000d7kkDAAQ,1013749,Rwanda,Rwanda - Kigarama - 1013749,Rejected,Vehicular Bridge Required,11/30/18,Northern Province,Rulindo,Rusiga,Gako-Kirenge,Kigarama,Cyonyonyo,,,Project Assessment - 2018.9.28,-1.78679,29.93873,,http://www.worldpop.org.uk/data/summary?doi=10.5258/SOTON/WP00539,5020.0,31062.0,Kabuye,1000.0,,0.0,,0.0,,0.0,,0.0,,,9/28/18,,,,,,,,,POINT (493183.42934835784 4802445.990409502),1198.14,2575.71,4643.17,7894.03,10920.19,1203.31,2631.58,4717.77,7894.85,11062.13
006f100000d7kkNAAQ,1013750,Rwanda,Rwanda - Gifumba - 1013750,Rejected,Technical,11/12/18,Northern Province,Rulindo,Rusiga-Ngoma,Gako-Kabuga,Gifumba,Cyonyonyo,,,Project Assessment - 2018.9.28,-1.83904,29.97107,,http://www.worldpop.org.uk/data/summary?doi=10.5258/SOTON/WP00539,5098.0,32275.0,Gako,2500.0,Kabuga,2800.0,,0.0,,0.0,,0.0,,,9/28/18,,,,,,,,,POINT (496781.49656298925 4796669.091752546),1224.52,2625.67,5746.8,9325.1,12905.57,1267.37,2757.45,5965.66,9552.49,13251.24
006f100000d7kl1AAA,1013751,Rwanda,Rwanda - Kabuye - 1013751,Rejected,Technical,11/10/18,Northern Province,Rulindo,Rusiga_Mbogo,Gako-Rurenge,Kabuye,Cyonyonyo,,,Project Assessment - 2018.9.28,-1.79607,29.9438,,http://www.worldpop.org.uk/data/summary?doi=10.5258/SOTON/WP00539,4440.0,30601.0,Kabuye,580.0,Munini,658.0,Rutondo,723.0,,0.0,,0.0,,,9/28/18,,,,,,,,,POINT (493747.5219304777 4801419.971207497),1185.79,2297.49,3898.32,6150.37,8700.11,1205.7,2327.46,3936.53,6267.52,8842.67
006f100000d7kmJAAQ,1013752,Rwanda,Rwanda - Karenge - 1013752,Rejected,Technical,11/11/18,Northern Province,Rulindo,Rusiga,Taba,Karenge,Munindi,,,Project Assessment - 2018.9.28,-1.83068,29.90837,,http://www.worldpop.org.uk/data/summary?doi=10.5258/SOTON/WP00539,5884.0,31991.0,Karenge,500.0,Bitare,502.0,Gahondo,360.0,Gihinga,752.0,Karehe,658.0,,,9/28/18,,,,,,,,,POINT (489805.98157900595 4797593.1754466295),1038.85,2301.83,4440.52,7120.35,10045.99,1049.16,2339.12,4514.35,7272.36,10192.08
006f100000d7kmYAAQ,1013753,Rwanda,Rwanda - Kinini/health center - 1013753,Rejected,Technical,11/11/18,Northern Province,Rulindo,Rusiga,Karenge,Kinini/health center,Kariba,,,Project Assessment - 2018.9.28,-1.77387,29.93239,,http://www.worldpop.org.uk/data/summary?doi=10.5258/SOTON/WP00539,5900.0,33746.0,Kinini,2300.0,Kigarama,1056.0,,0.0,,0.0,,0.0,,,9/28/18,,,,,,,,,POINT (492478.02236632083 4803874.457300001),2648.96,4658.69,6797.51,9198.58,12172.48,2692.19,4718.53,6865.89,9350.81,12330.28
006f100000d7kmxAAA,1013754,Rwanda,Rwanda - Kinini - 1013754,Rejected,Technical,11/10/18,Northern Province,Rulindo,Rusiga,Karenge,Kinini,Bahimba,,,Project Assessment - 2018.9.28,-1.75492,29.92516,,http://www.worldpop.org.uk/data/summary?doi=10.5258/SOTON/WP00539,6387.0,39159.0,Kinini,2300.0,Bukoro,2160.0,,0.0,,0.0,,0.0,,,9/28/18,,,,,,,,,POINT (491673.5611189505 4805969.621076937),1663.48,4165.64,7310.55,10227.19,14070.94,1681.72,4369.07,7388.36,10442.99,14241.65
006f100000d7knHAAQ,1013755,Rwanda,Rwanda - Rutabo - 1013755,Rejected,Technical,11/10/18,Northern Province,Rulindo,Kisaro,Mubuga_sayo,Rutabo,Nyamihovu,,,Project Assessment - 2018.9.28,-1.66643,30.03168,,http://www.worldpop.org.uk/data/summary?doi=10.5258/SOTON/WP00539,6185.0,40650.0,Rutabo,654.0,Cyasure,763.0,Remera,510.0,Rugarama,625.0,,0.0,,,9/28/18,,,,,,,,,POINT (503524.76761043665 4815753.586042592),1075.35,2742.61,5363.9,8122.66,12602.61,1113.62,2786.18,5395.53,8251.1,12776.54
006f100000d7knMAAQ,1013756,Rwanda,Rwanda - Karwa - 1013756,Rejected,Vehicular Bridge Required,11/30/18,Northern Province,Rulindo,Murambi,Bubangu,Karwa,Murindi,,,Project Assessment - 2018.9.28,-1.83463,30.04618,,http://www.worldpop.org.uk/data/summary?doi=10.5258/SOTON/WP00539,8108.0,45320.0,Gatwa,1500.0,,0.0,,0.0,,0.0,,0.0,,,9/28/18,,,,,,,,,POINT (505137.6032826652 4797156.640367456),2519.08,5722.75,9532.59,16588.7,23652.91,2580.95,5735.28,9647.65,16910.83,23945.93
006f100000d7kngAAA,1013757,Rwanda,Rwanda - Rumuri - 1013757,Rejected,Technical,11/5/18,Northern Province,Rulindo,Kisaro_Miyove,Mubuga-Gakenke,Rumuri,Nyirakibuye,,,Project Assessment - 2018.9.28,-1.63989,30.01374,,http://www.worldpop.org.uk/data/summary?doi=10.5258/SOTON/WP00539,7812.0,47865.0,Gako,812.0,Rugandu,570.0,Kibuye,737.0,Karengere,369.0,,0.0,,,9/28/18,,,,,,,,,POINT (501528.75467425695 4818687.981474668),2351.87,5348.95,8155.42,12619.54,17482.71,2471.11,5434.78,8276.1,12802.84,17662.3
006f100000d7ktAAAQ,1013762,Rwanda,Rwanda - Kabuga - 1013762,Complete,In Service,12/10/22,Northern Province,Rulindo,Murambi-Ngoma,Mvuzo-Munyarwanda,Kabuga,Murongozi,Rwanda Full Scale Research - Randomized and Baselined - Intervention,,Project Assessment - 2018.9.28,-1.8204,30.01401,,http://www.worldpop.org.uk/data/summary?doi=10.5258/SOTON/WP00539,4731.0,37871.0,Kabuga,762.0,Gaseke,700.0,,0.0,,0.0,,0.0,,,9/28/18,,,,,,,,,POINT (501558.648364053 4798730.031264071),1249.13,2956.58,5017.05,7690.48,12565.48,1265.72,2961.54,5100.91,7830.6,12782.73
006f100000d7ktKAAQ,1013763,Rwanda,Rwanda - Iraro - 1013763,Rejected,Technical,11/11/18,Northern Province,Rulindo,Murambi-Cyinzizu,Mvuzo-Rudogo,Iraro,Rusine,,,Project Assessment - 2018.9.28,-1.77748,30.01516,,http://www.worldpop.org.uk/data/summary?doi=10.5258/SOTON/WP00539,5902.0,36306.0,Iraro,1000.0,Gasizi,656.0,Rugaragara,615.0,Gasakabuye,575.0,,0.0,,,9/28/18,,,,,,,,,POINT (501686.6282269396 4803475.450691164),1428.47,3210.52,5965.43,8965.66,12229.11,1459.21,3253.14,6065.1,9028.22,12391.77
006f100000d7ktZAAQ,1013764,Rwanda,Rwanda - Gahama - 1013764,Rejected,Vehicular Bridge Required,11/30/18,Northern Province,Rulindo,Murambi,Mugambazi,Gahama,Drainage channel,,,Project Assessment - 2018.9.28,-1.795,30.03292,,http://www.worldpop.org.uk/data/summary?doi=10.5258/SOTON/WP00539,7163.0,42227.0,Gahama,520.0,,0.0,,0.0,,0.0,,0.0,,,9/28/18,,,,,,,,,POINT (503662.4853373452 4801538.338169285),1882.85,5074.7,8134.09,12537.79,17443.18,1824.52,5075.89,8227.21,12719.62,17656.66
006f100000dhmUvAAI,1012540,Rwanda,Rwanda - Karuhura ADPR - 1012540,Rejected,Technical,11/12/18,Northern Province,Rulindo,Bushoki,Kayenzi/Gitaba,Karuhura ADPR,,,,Project Assessment - 2018.8.2,-1.70683,29.91433,,http://www.worldpop.org.uk/data/summary?doi=10.5258/SOTON/WP00539,7298.0,47065.0,Gitaba,530.0,Murambo,700.0,Buvumo,548.0,,0.0,,0.0,,,8/2/18,,,,,,,,,POINT (490468.4118944936 4811286.609250186),1828.79,4187.16,7618.8,11153.47,16020.42,1871.56,4260.54,7769.38,11444.0,16306.0
006Ns000008v4BxIAI,1050530,Rwanda,Rwanda - Baraje-rubyiro - 1050530,Complete,In Service,11/29/24,Western Province,Rusizi,Gikumdamvura-Muganza,Shara-kizura,Baraje-rubyiro,Rubyiro,,,Project Pre-Assessment - 2024.2.16,-2.624316,29.029686,6608.0,https://api.worldpop.org/v1/services/stats?,17673.95,84331.59,Gakenke,2067.0,Kamabuye,1079.0,Gitambi,940.0,Birindiro,576.0,Busasamana,1946.0,,0.0,2/16/24,,0.0,,0.0,,0.0,,0.0,POINT (392103.2850482918 4709803.305187214),2221.33,6254.9,16359.76,28433.66,36016.53,2278.01,6167.82,16685.08,28441.4,36442.1
006Ns00000TL5jxIAD,1053615,Rwanda,Rwanda - Gahati - 1053615,Identified,Requested,12/31/24,Western Province,Rusizi,Nkungu,Kiziguro,Gahati,Nyamburo,,,Project Assessment - 2025.1.6,-2.523637,28.996119,4280.0,https://api.worldpop.org/v1/services/stats?,7781.63,53858.0,Kamajumba,1039.0,Gikombe,964.0,Rubona,958.0,Mpinga,817.0,Karongoro,502.0,,0.0,1/6/25,,0.0,,0.0,,0.0,,0.0,POINT (388361.57302327035 4720933.693412763),2093.12,4014.94,9481.16,15079.4,21001.54,2126.63,3887.6,9564.53,15386.33,21501.9
006Ns00000TL5onIAD,1053616,Rwanda,Rwanda - Koko - 1053616,Identified,Requested,12/31/25,Western Province,Rusizi,Bweyeye,Murwa,Koko,Koko,,,Project Assessment - 2025.1.6,-2.598338,29.185509,1656.0,https://api.worldpop.org/v1/services/stats?,5059.66,21466.04,Muyebe,541.0,Nyabigoma,1115.0,,0.0,,0.0,,0.0,,0.0,1/6/25,,0.0,,0.0,,0.0,,0.0,POINT (409429.87059307186 4712688.226113441),1248.7,2662.43,4221.23,6320.46,9181.61,1205.61,2748.77,4294.0,6536.54,9422.88
006f100000a86I6AAI,1007654,Rwanda,Rwanda - Pindura - 1007654,Rejected,Technical,11/14/18,Western Province,Rusizi,Gitambi,Cyingwa,Pindura,Njambwe,,,Project Assessment - 2018.10.29,-2.594639,28.981427,,http://www.worldpop.org.uk/data/summary?doi=10.5258/SOTON/WP00539,9929.0,51668.0,Cyingwa,2150.0,Gahungere,1652.0,,0.0,,0.0,,0.0,,,10/29/18,,,,,,,,,POINT (386733.7839125523 4713080.812587587),2064.6,5211.57,10350.68,14942.81,20872.26,1985.44,5163.69,10342.17,15204.12,21435.25
006f100000a86I9AAI,1007657,Rwanda,Rwanda - cyagara - 1007657,Rejected,Technical,11/16/18,Western Province,Rusizi,Bugarama,Nyange/cyagara,cyagara,Cyagara,,,Project Assessment - 2018.10.28,-2.6891,28.99726,,http://www.worldpop.org.uk/data/summary?doi=10.5258/SOTON/WP00539,10650.0,40260.0,Cyagara,956.0,Nzahaha,30000.0,,0.0,,0.0,,0.0,,,10/28/18,,,,,,,,,POINT (388503.036376236 4702636.48017973),3094.27,8347.71,16926.35,25897.15,32519.72,3094.27,8364.55,17260.9,26120.47,33038.13
006f100000a86IAAAY,1007658,Rwanda,Rwanda - Nyabiranka - 1007658,Rejected,Technical,12/14/18,Western Province,Rusizi,Kamanyenga,,Nyabiranka,Kivu lake,,,Project Assessment - 2018.12.13,-2.396098,28.927481,,http://www.worldpop.org.uk/data/summary?doi=10.5258/SOTON/WP00539,10089.0,42547.0,,0.0,,0.0,,0.0,,0.0,,0.0,,,12/13/18,,,,,,,,,POINT (380716.36029455136 4735031.463649044),1711.08,5301.5,11204.84,18017.16,24174.09,1789.86,5607.07,11861.66,18439.73,24746.35
006f100000a86IBAAY,1007659,Rwanda,Rwanda - Muhari - 1007659,Rejected,Technical,11/29/18,Western Province,Rusizi,Gihundwe,Kamatita,Muhari,Lake kivu,,,Project Assessment - 2018.10.28,-2.45399,28.89774,,http://www.worldpop.org.uk/data/summary?doi=10.5258/SOTON/WP00539,5875.0,63103.0,,0.0,,0.0,,0.0,,0.0,,0.0,,,10/28/18,,,,,,,,,POINT (377413.42766307073 4728626.809190341),1460.93,3905.47,7204.09,12662.45,20511.17,1551.68,4049.91,7314.77,12791.67,20767.61
006f100000a86ICAAY,1007660,Rwanda,Rwanda - Kabamba - 1007660,Complete,In Service,11/29/24,Western Province,Rusizi,Bugarama,Nyange/rusayo,Kabamba,Rubyiro,Rwanda Full Scale Research - Randomized but Not Baselined,,Project Assessment - 2018.10.28,-2.68722,29.02778,,https://api.worldpop.org/v1/services/stats?,13715.67,86191.69,Rusayo,2004.0,Kabuye,1250.0,Ituze,1200.0,Mutonga,896.0,Rukurazo,1016.0,,,10/28/18,,,,,,,,,POINT (391896.7914215777 4702847.118200411),47.39,2787.35,10963.89,23365.16,38580.21,47.39,2695.75,11126.75,23438.57,38953.16
006f100000a86IDAAY,1007661,Rwanda,Rwanda - Rusayo - 1007661,Rejected,Technical,12/14/18,Western Province,Rusizi,Pera,,Rusayo,Rubyiro,,,Project Assessment - 2018.12.13,-2.697308,29.029517,17270.0,http://www.worldpop.org.uk/data/summary?doi=10.5258/SOTON/WP00539,10450.0,35534.0,Pera cell,10270.0,Kizura cell,7000.0,,0.0,,0.0,,0.0,,,12/13/18,,,,,,,,,POINT (392090.8383032727 4701731.724897043),4582.67,10879.89,17630.0,28519.85,37829.05,4678.06,11113.39,17725.86,28593.93,37917.83
006f100000a86IEAAY,1007662,Rwanda,Rwanda - Rungunga - 1007662,Rejected,Technical,11/14/18,Western Province,Rusizi,Muganza,Cyarukara,Rungunga,Rungunga,,,Project Assessment - 2018.10.28,-2.6668,29.00909,,http://www.worldpop.org.uk/data/summary?doi=10.5258/SOTON/WP00539,8523.0,51573.0,Rungunga,690.0,Kabamba,795.0,Murira,986.0,,0.0,,0.0,,,10/28/18,,,,,,,,,POINT (389816.58067719784 4705103.537558368),9251.62,11050.3,11983.38,14872.93,26194.17,9402.45,11473.47,12401.08,15176.73,26675.42
006f100000a86IFAAY,1007663,Rwanda,Rwanda - Kabugarama - 1007663,Rejected,Technical,11/5/18,Western Province,Rusizi,Cyingwa,,Kabugarama,Njambwe,,,Project Assessment - 2018.10.27,-2.584342,28.971386,,http://www.worldpop.org.uk/data/summary?doi=10.5258/SOTON/WP00539,9109.0,47555.0,Mpinga,1230.0,Kabugarama,750.0,Kaninda,780.0,Kigarama,654.0,,0.0,,,10/27/18,,,,,,,,,POINT (385616.1724792564 4714218.5861461265),3505.86,5571.91,8979.08,13574.62,17494.43,3426.21,5721.12,8924.82,13716.74,17829.93
006f100000d1TkxAAE,1013966,Rwanda,Rwanda - Kabutimbiri - 1013966,Rejected,Technical,11/5/18,Western Province,Rusizi,Nkanka,Kinyaga,Kabutimbiri,Rugeme,,,Project Assessment - 2018.10.21,-2.40129,28.95172,,http://www.worldpop.org.uk/data/summary?doi=10.5258/SOTON/WP00539,8586.0,51257.0,Rugaragara,395.0,Kabutimbiri,365.0,Kinyaga,356.0,Sumoyamana,965.0,Rebero &miramba,1520.0,,,10/21/18,,,,,,,,,POINT (383412.9233955719 4734459.39929596),2145.1,5376.93,7920.97,10452.84,16165.85,2101.03,5416.71,7959.35,10855.25,16533.7
006f100000d1TlCAAU,1013967,Rwanda,Rwanda - Burege - 1013967,Rejected,Technical,10/30/18,Western Province,Rusizi,Nkanka,Gitwa,Burege,Rugeme,,,Project Assessment - 2018.10.21,-2.40908,28.94244,,http://www.worldpop.org.uk/data/summary?doi=10.5258/SOTON/WP00539,11579.0,58653.0,Rugaragara,395.0,Kinyaga,365.0,Sumoyamana,965.0,Burege,356.0,,0.0,,,10/21/18,,,,,,,,,POINT (382381.37531185924 4733597.154528018),3587.77,7163.16,11596.15,15860.9,21090.95,3625.43,7190.12,11750.4,16123.33,21399.74
006f100000d1TlHAAU,1013968,Rwanda,Rwanda - Sumoyamana - 1013968,Rejected,Technical,10/30/18,Western Province,Rusizi,Nkanka,Kinyaga,Sumoyamana,Stormwater,,,Project Assessment - 2018.10.21,-2.39416,28.94347,,http://www.worldpop.org.uk/data/summary?doi=10.5258/SOTON/WP00539,7492.0,43506.0,Rugaragara,395.0,Sumoyamana,965.0,Kinyaga,356.0,,0.0,,0.0,,,10/21/18,,,,,,,,,POINT (382494.6667858737 4735247.157089513),1386.8,3656.81,6095.8,10530.49,16587.54,1355.7,3773.62,6229.56,10712.42,16880.62
006f100000d1TlqAAE,1013969,Rwanda,Rwanda - Karama - 1013969,Rejected,Technical,11/10/18,Western Province,Rusizi,NKANKA-GIHEKE,GITWA,Karama,Cyunyu,,,Project Assessment - 2018.10.21,-2.42356,28.94508,,http://www.worldpop.org.uk/data/summary?doi=10.5258/SOTON/WP00539,11717.0,63278.0,Kanyobya,410.0,Karama,720.0,Kamahoro,400.0,Kanoga,320.0,,0.0,,,10/21/18,,,,,,,,,POINT (382676.26456994296 4731996.125860782),2752.14,6154.67,10967.78,16547.46,22820.61,2766.35,6295.64,11090.34,16858.76,23263.21
006f100000d1Tm5AAE,1013970,Rwanda,Rwanda - Kamahoro - 1013970,Rejected,Technical,11/5/18,Western Province,Rusizi,Nkanka,Rugabano,Kamahoro,Cyunyu,,,Project Assessment - 2018.10.21,-2.42341,28.95197,,http://www.worldpop.org.uk/data/summary?doi=10.5258/SOTON/WP00539,12034.0,61637.0,Kamahoro,400.0,Kanoga,320.0,Karama,720.0,Kanyobya,410.0,,0.0,,,10/21/18,,,,,,,,,POINT (383442.6143839707 4732013.308212655),1699.86,5262.86,9191.72,15223.59,22173.26,1699.86,5371.84,9493.66,15488.42,22483.48
006f100000d1TmAAAU,1013971,Rwanda,Rwanda - Buzi - 1013971,Rejected,Technical,11/15/18,Western Province,Rusizi,Nkaka,Rugabano,Buzi,Cyunyu,,,Project Assessment - 2018.10.21,-2.42021,28.95772,,http://www.worldpop.org.uk/data/summary?doi=10.5258/SOTON/WP00539,11555.0,59512.0,Kamahoro,400.0,Gakomeye,1500.0,Kanyobya,410.0,Karama,720.0,"Kirambi, kanoga, kibumba",1820.0,,,10/21/18,,,,,,,,,POINT (384081.90355512465 4732367.668948894),1983.72,4486.66,8539.5,14656.45,20930.96,2011.52,4561.73,8684.91,15007.29,21161.12
006f100000d1TmoAAE,1013972,Rwanda,Rwanda - Kwa Ntomoka - 1013972,Rejected,Social,10/30/18,Western Province,Rusizi,Kamembe,MONT cyangugu - Kamurera,Kwa Ntomoka,Igishanga,,,Project Assessment - 2018.10.21,-2.49231,28.91087,,http://www.worldpop.org.uk/data/summary?doi=10.5258/SOTON/WP00539,32686.0,68338.0,Ngoma,768.0,Gikombe,1502.0,,0.0,,0.0,,0.0,,,10/21/18,,,,,,,,,POINT (378877.31931699417 4724390.375520012),5173.28,13203.93,22672.17,35435.61,52122.61,5357.04,13441.29,23120.37,35304.4,52305.28
006f100000d1Tn3AAE,1013973,Rwanda,Rwanda - Nkurunziza - 1013973,Rejected,Technical,11/5/18,Western Province,Rusizi,Kamembe,MONT Cyangugu,Nkurunziza,Kadasomwa,,,Project Assessment - 2018.10.21,-2.48234,28.90941,,http://www.worldpop.org.uk/data/summary?doi=10.5258/SOTON/WP00539,37678.0,67768.0,MONT cyangugu,1346.0,Ngoma,768.0,Nkurunziza,1500.0,,0.0,,0.0,,,10/21/18,,,,,,,,,POINT (378714.0214711804 4725492.7776298635),11492.09,20510.77,28032.76,37064.33,49813.4,11718.87,20810.2,28350.22,37234.66,50084.27
006f100000d1TnIAAU,1013974,Rwanda,Rwanda - Burunga - 1013974,Rejected,Technical,11/5/18,Western Province,Rusizi,Gihundwe,Burunga,Burunga,Rushakamba,,,Project Assessment - 2018.10.21,-2.47061,28.91442,,http://www.worldpop.org.uk/data/summary?doi=10.5258/SOTON/WP00539,28417.0,70288.0,Burunga,1100.0,Karorabose,1002.0,Karushaririza,783.0,Kamabuye,628.0,Rushakamba,815.0,,,10/21/18,,,,,,,,,POINT (379270.19523653516 4726790.400405882),13198.38,21606.45,30343.35,37006.68,43823.59,13207.33,21789.72,30552.57,37692.28,44579.35
006f100000d1TnmAAE,1013975,Rwanda,Rwanda - Gitinda - 1013975,Rejected,Technical,11/5/18,Western Province,Rusizi,Gihundwe,Burunga,Gitinda,Gitinda,,,Project Assessment - 2018.10.21,-2.46143,28.91068,,http://www.worldpop.org.uk/data/summary?doi=10.5258/SOTON/WP00539,19662.0,70331.0,Karorabose,1002.0,Karitasi,1029.0,Kamabuye,628.0,Burunga,1100.0,Kanyoga,528.0,,,10/21/18,,,,,,,,,POINT (378853.380649611 4727805.233261496),6010.0,13561.03,23698.64,32402.72,39645.0,5760.51,13476.92,23806.32,32958.45,40203.24
006f100000d1TqvAAE,1013976,Rwanda,Rwanda - Rubenga1 - 1013976,Rejected,Technical,11/30/18,Western Province,Rusizi,Gihundwe,Kagara,Rubenga1,Kamabuye,,,Project Assessment - 2018.10.21,-2.45007,28.91671,,http://www.worldpop.org.uk/data/summary?doi=10.5258/SOTON/WP00539,12350.0,77285.0,Rubenga1,677.0,Kavumu,529.0,Gatsiro,720.0,Kamabuye,628.0,,0.0,,,10/21/18,,,,,,,,,POINT (379523.0579967004 4729062.0259758085),4483.48,9446.01,16602.59,22571.42,32483.75,4440.5,9671.22,16631.43,22813.55,32954.06
006f100000d1Tr5AAE,1013977,Rwanda,Rwanda - Rukohwa - 1013977,Rejected,Technical,11/5/18,Western Province,Rusizi,Gihundwe,Kagara,Rukohwa,Kijabwe,,,Project Assessment - 2018.10.21,-2.44658,28.9137,,http://www.worldpop.org.uk/data/summary?doi=10.5258/SOTON/WP00539,12306.0,74909.0,Rukohwa,511.0,Gatsiro,720.0,Kivoga,590.0,Nyandarima,523.0,,0.0,,,10/21/18,,,,,,,,,POINT (379187.9512544455 4729447.697249166),3968.49,9254.82,13980.8,20779.05,27987.39,4093.65,9364.19,14232.27,20860.09,28072.9
006f100000d1TrAAAU,1013978,Rwanda,Rwanda - Kivoga - 1013978,Rejected,Technical,11/10/18,Western Province,Rusizi,Gihundwe,Kagara,Kivoga,Kamirabatwa,,,Project Assessment - 2018.10.21,-2.4432,28.90885,,http://www.worldpop.org.uk/data/summary?doi=10.5258/SOTON/WP00539,10176.0,68638.0,Kivoga,590.0,Kamanyenga,723.0,Nyandarima,523.0,,0.0,,0.0,,,10/21/18,,,,,,,,,POINT (378648.19313768984 4729821.038112184),3251.28,6679.12,11270.44,17207.8,23730.82,3280.83,6808.6,11526.42,17312.76,24009.84
006f100000d1TsSAAU,1013979,Rwanda,Rwanda - Nyagasozi - 1013979,Rejected,Technical,11/5/18,Western Province,Rusizi,Gitambi,Cyingwa,Nyagasozi,Nyagasozi,,,Project Assessment - 2018.10.21,-2.57813,28.97657,,http://www.worldpop.org.uk/data/summary?doi=10.5258/SOTON/WP00539,8408.0,47013.0,Mugenge,1236.0,Kabugarama,1306.0,Mpinga,1200.0,Kabucuku,689.0,Rwihene,650.0,,,10/21/18,,,,,,,,,POINT (386192.15208030434 4714905.9942930285),2872.56,6225.28,9141.47,12012.38,16523.66,2886.4,6279.8,9224.99,12183.58,16821.9
006f100000d1TsXAAU,1013980,Rwanda,Rwanda - Karongi - 1013980,Rejected,Technical,11/5/18,Western Province,Rusizi,Gitambi,Cyingwa,Karongi,Karongi,,,Project Assessment - 2018.10.21,-2.57549,28.97839,,http://www.worldpop.org.uk/data/summary?doi=10.5258/SOTON/WP00539,7850.0,48085.0,Mugenge,1236.0,Kabugarama,1306.0,Mpigi,1200.0,Kabucuku,689.0,Rwihene,650.0,,,10/21/18,,,,,,,,,POINT (386394.32787814346 4715198.096147962),2715.92,5457.67,9210.65,11215.32,15948.04,2783.45,5582.43,9414.07,11385.95,16214.67
006f100000d1TscAAE,1013981,Rwanda,Rwanda - Gafumba - 1013981,Rejected,Technical,11/11/18,Western Province,Rusizi,Gitambi,Cyingwa,Gafumba,Gafumba,,,Project Assessment - 2018.10.21,-2.58071,28.97723,,http://www.worldpop.org.uk/data/summary?doi=10.5258/SOTON/WP00539,8849.0,46767.0,Mugenge,1236.0,Kabugarama,1306.0,Mpinga,1200.0,Kabucuku,689.0,Rwihene,650.0,,,10/21/18,,,,,,,,,POINT (386265.7826942459 4714620.748775833),3150.77,6704.1,9256.74,12252.4,16946.05,3321.75,6865.61,9267.17,12532.15,17277.13
006f100000d1TshAAE,1013982,Rwanda,Rwanda - Gitega - 1013982,Rejected,Technical,11/12/18,Western Province,Rusizi,Gitambi,Cyingwa,Gitega,Gitega,,,Project Assessment - 2018.10.21,-2.57392,28.98504,,http://www.worldpop.org.uk/data/summary?doi=10.5258/SOTON/WP00539,7118.0,51473.0,Rwihene,650.0,Kabacuku,689.0,Mugenge,1236.0,Kabugarama,1306.0,Mpinga,1200.0,,,10/21/18,,,,,,,,,POINT (387133.7647124495 4715372.301930185),2366.05,4302.07,7215.22,11839.32,16679.16,2468.15,4398.77,7441.25,12057.36,16934.83
006f100000d1TsmAAE,1013983,Rwanda,Rwanda - Nyakivomero - 1013983,Rejected,Technical,11/11/18,Western Province,Rusizi,Gitambi,Mashesha - Mashyuza,Nyakivomero,Kanihura,,,Project Assessment - 2018.10.21,-2.5847,29.01409,,http://www.worldpop.org.uk/data/summary?doi=10.5258/SOTON/WP00539,7421.0,57371.0,Nyakivomero,1272.0,Karama - Idaga,2236.0,Busasamana - Kankuba,1983.0,Rukamba - Nyamaronko,1584.0,Ruganzu - Kibirizi - Murambi,2120.0,,,10/21/18,,,,,,,,,POINT (390365.4491460973 4714182.762875132),1947.98,6710.37,11897.37,18566.39,32793.81,2143.85,6735.65,12018.26,18869.88,33428.54
006f100000d1TsrAAE,1013984,Rwanda,Rwanda - Karama - 1013984,Rejected,Technical,11/14/18,Western Province,Rusizi,Gitambi,Mashesha - Gahungeri,Karama,Njambwe,,,Project Assessment - 2018.10.21,-2.60072,28.99702,,http://www.worldpop.org.uk/data/summary?doi=10.5258/SOTON/WP00539,9898.0,54781.0,Karama,1097.0,Kankuba,992.0,Idaga,1139.0,Kamagaju,572.0,Kazinda,509.0,,,10/21/18,,,,,,,,,POINT (388468.45181295276 4712409.7455461575),2633.67,8118.6,14410.41,22966.42,33010.28,2769.33,8335.86,14739.78,23585.99,33806.49
006f100000d1TswAAE,1013985,Rwanda,Rwanda - Ntenyi - 1013985,Rejected,Technical,11/5/18,Western Province,Rusizi,Rwimbogo - Gashonga,Rubugu - Rusayo,Ntenyi,Rusayo,,,Project Assessment - 2018.10.21,-2.60778,28.95301,,http://www.worldpop.org.uk/data/summary?doi=10.5258/SOTON/WP00539,8414.0,51378.0,Ntenyi,1198.0,Gatare,673.0,Bitaba,574.0,Kiremereye,460.0,Kamuhana,479.0,,,10/21/18,,,,,,,,,POINT (383574.64584286686 4711625.048905138),2012.42,4658.13,9988.4,16075.36,21698.62,2105.68,4789.86,10153.32,16553.45,22010.88
006f100000d1Tt1AAE,1013986,Rwanda,Rwanda - Nyange - 1013986,Rejected,Technical,11/5/18,Western Province,Rusizi,Rwimbogo - Gashonga,Rubugu - Rurembo,Nyange,Katabuvuga,,,Project Assessment - 2018.10.21,-2.61167,28.96442,,http://www.worldpop.org.uk/data/summary?doi=10.5258/SOTON/WP00539,8876.0,51670.0,Nyange,237.0,Gatare,673.0,Ntenyi,1198.0,Kagomero,434.0,Rurama - Ruhinga,895.0,,,10/21/18,,,,,,,,,POINT (384843.9319161972 4711195.927968689),428.73,2230.69,6466.09,15519.08,23463.89,452.03,2344.39,6655.15,15657.99,23906.54
006f100000d1Tt6AAE,1013987,Rwanda,Rwanda - Cyuma - 1013987,Rejected,Technical,11/5/18,Western Province,Rusizi,Rwimbogo,Rubugu,Cyuma,Gahongobwe,,,Project Assessment - 2018.10.21,-2.62002,28.96343,,http://www.worldpop.org.uk/data/summary?doi=10.5258/SOTON/WP00539,10758.0,51353.0,Nyange,237.0,Gatare,673.0,Rukombe,298.0,Murama,402.0,,0.0,,,10/21/18,,,,,,,,,POINT (384734.5947890936 4710272.463562925),932.44,4428.91,11499.9,18871.19,24201.47,963.95,4502.23,11846.45,19150.22,24675.3
006f100000d1TtBAAU,1013988,Rwanda,Rwanda - Gahongobwe - 1013988,Rejected,Technical,11/5/18,Western Province,Rusizi,Rwimbogo,Rubugu,Gahongobwe,Gahongobwe,,,Project Assessment - 2018.10.21,-2.6174,28.95564,,http://www.worldpop.org.uk/data/summary?doi=10.5258/SOTON/WP00539,10839.0,51724.0,Gatare,673.0,Ntenyi,1198.0,Rukombe,298.0,,0.0,,0.0,,,10/21/18,,,,,,,,,POINT (383868.0185045991 4710561.47428473),3631.92,8556.5,12507.75,18630.84,24762.49,3849.09,8728.27,12805.72,18822.79,25124.51
006f100000d1TtaAAE,1013989,Rwanda,Rwanda - Cyamabuye - 1013989,Rejected,Technical,11/5/18,Western Province,Rusizi,Nzahaha,Murya - Butambamo,Cyamabuye,Gishoma,,,Project Assessment - 2018.10.21,-2.6627,28.95512,,http://www.worldpop.org.uk/data/summary?doi=10.5258/SOTON/WP00539,7330.0,37078.0,Ngoma,1482.0,Gashagwa,1261.0,Buganza,800.0,Gaculiro,611.0,Kamina,532.0,,,10/21/18,,,,,,,,,POINT (383814.39692419383 4705551.970590117),2984.8,5948.12,11241.38,14847.65,18668.29,3195.44,6082.57,11585.98,15223.25,19053.48
006f100000d1TtfAAE,1013990,Rwanda,Rwanda - Gatare - 1013990,Rejected,Technical,11/5/18,Western Province,Rusizi,Nzahaha,Murya - Butambamo,Gatare,Gishoma,,,Project Assessment - 2018.10.21,-2.6639,28.95315,,http://www.worldpop.org.uk/data/summary?doi=10.5258/SOTON/WP00539,6952.0,36441.0,Ngoma,1482.0,Gashagwa,1261.0,Buganza,800.0,Gaculiro,611.0,,0.0,,,10/21/18,,,,,,,,,POINT (383595.43071188626 4705419.083849234),3211.18,6410.71,10698.65,14608.16,17833.62,3370.88,6661.75,10711.21,14981.45,18085.4
006f100000d1TtkAAE,1013991,Rwanda,Rwanda - Nyagasayo - 1013991,Rejected,Technical,11/5/18,Western Province,Rusizi,Nzahaha,Murya - Butambamo,Nyagasayo,Gishoma,,,Project Assessment - 2018.10.21,-2.66859,28.94991,,http://www.worldpop.org.uk/data/summary?doi=10.5258/SOTON/WP00539,5778.0,32835.0,Gashagwa,1261.0,Nyagahanga,912.0,Tare,764.0,Buganza,800.0,Ryagashyitse,526.0,,,10/21/18,,,,,,,,,POINT (383235.5604984019 4704900.1372979265),3604.16,5907.81,8021.29,11539.99,15871.64,3732.79,6061.12,8260.37,11688.33,16201.11
006f100000d1TtpAAE,1013992,Rwanda,Rwanda - Ruramba - 1013992,Rejected,Technical,11/5/18,Western Province,Rusizi,Rwimbogo - Muganza,Ruganda - Gakoni,Ruramba,Nyakinzirika,,,Project Assessment - 2018.10.21,-2.6402,29.00718,,http://www.worldpop.org.uk/data/summary?doi=10.5258/SOTON/WP00539,8149.0,50849.0,Rubamba,1253.0,Rubuye,951.0,Muganza,2500.0,,0.0,,0.0,,,10/21/18,,,,,,,,,POINT (389601.81857828517 4708044.854030784),8068.83,12079.11,14101.79,20611.2,30206.14,8259.59,12079.11,14365.09,21105.06,30700.91
006f100000d1TuEAAU,1013993,Rwanda,Rwanda - Karitasi 2 - 1013993,Rejected,Technical,11/5/18,Western Province,Rusizi,Gihundwe,Burunga,Karitasi 2,Gitinda,,,Project Assessment - 2018.10.21,-2.45603,28.91183,,http://www.worldpop.org.uk/data/summary?doi=10.5258/SOTON/WP00539,13059.0,72884.0,Karitasi,1029.0,Karorabose,1002.0,Kanombe,826.0,Karushaririza,783.0,Gitinda and Munyana,1523.0,,,10/21/18,,,,,,,,,POINT (378980.80451043276 4728402.498094964),4987.94,11923.43,18203.62,27955.0,36638.26,5096.26,11946.04,18155.08,28311.7,37189.93
006f100000d1TuOAAU,1013994,Rwanda,Rwanda - Karitasi 1 - 1013994,Rejected,Technical,10/30/18,Western Province,Rusizi,Gihundwe,Burunga,Karitasi 1,Gitinda,,,Project Assessment - 2018.10.21,-2.45187,28.91158,,http://www.worldpop.org.uk/data/summary?doi=10.5258/SOTON/WP00539,11873.0,74377.0,Karitasi,1029.0,Munyana,628.0,Karorabose,1002.0,Karushaririza,783.0,Karangiro,1400.0,,,10/21/18,,,,,,,,,POINT (378952.62355958426 4728862.510170578),4709.65,9861.18,16075.01,22545.77,32873.79,4789.96,10053.49,16031.37,22805.12,33203.04
006f100000d1TuTAAU,1013995,Rwanda,Rwanda - Karushaririza - 1013995,Rejected,Technical,11/5/18,Western Province,Rusizi,Gihundwe,Burunga,Karushaririza,Cyunyu,,,Project Assessment - 2018.10.21,-2.46236,28.92434,,http://www.worldpop.org.uk/data/summary?doi=10.5258/SOTON/WP00539,13476.0,78470.0,Karushaririza,783.0,Bisanganiro,620.0,Karangiro,1400.0,Rwahi,742.0,"Kamabuye, karorabose, what's she, munyove",3820.0,,,10/21/18,,,,,,,,,POINT (380372.8142844768 4727703.622328786),5618.2,11976.93,20521.62,32342.07,42722.74,5626.47,12102.2,21110.79,32609.56,43421.16
006f100000d1TvcAAE,1013996,Rwanda,Rwanda - Rebero - 1013996,Rejected,Technical,11/5/18,Western Province,Rusizi,Nkanka,Rugabano,Rebero,Rugeme,,,Project Assessment - 2018.10.21,-2.40718,28.95003,,http://www.worldpop.org.uk/data/summary?doi=10.5258/SOTON/WP00539,11133.0,56280.0,Rugaragara,395.0,Rebero,723.0,Kabutimbiri,365.0,Sumoyimana,965.0,Kinyaga,356.0,,,10/21/18,,,,,,,,,POINT (383225.4455036699 4733807.916488046),2601.0,6826.84,10232.15,12941.1,19027.14,2606.92,6978.8,10321.98,12992.82,19410.18
006f100000d1f2YAAQ,1014012,Rwanda,Rwanda - Kabuganza - 1014012,Rejected,Technical,11/10/18,Western Province,Rusizi,Nkungu,Kiziguro,Kabuganza,Nyagahanga,,,Project Assessment - 2018.10.27,-2.504565,28.994356,,http://www.worldpop.org.uk/data/summary?doi=10.5258/SOTON/WP00539,7003.0,46971.0,Kabuganza,500.0,Mukenke,543.0,"Kabigohe, Gasarabuye",1422.0,"Byugaro, Rebero",1540.0,Karengera sector,0.0,,,10/27/18,,,,,,,,,POINT (388163.87126090226 4723042.570221201),2432.95,3728.99,8350.92,11777.91,17238.46,2433.35,3806.3,8565.96,12084.1,17718.23
006f100000d1f2dAAA,1014013,Rwanda,Rwanda - Mpinga - 1014013,Rejected,Technical,11/11/18,Western Province,Rusizi,Nkungu,Kiziguro,Mpinga,Nyagahanga,,,Project Assessment - 2018.10.27,-2.517903,29.002786,,http://www.worldpop.org.uk/data/summary?doi=10.5258/SOTON/WP00539,10363.0,52559.0,Mpinga,1302.0,Kadashya,235.0,Karongoro,824.0,Kabisheshe,1231.0,Karehe,689.0,,,10/27/18,,,,,,,,,POINT (389102.57888862333 4721568.341734247),1394.59,5029.53,9955.98,16255.12,23177.65,1404.03,5107.35,10004.87,16685.91,23588.2
006f100000d1f2iAAA,1014014,Rwanda,Rwanda - Gahati - 1014014,Rejected,Technical,11/11/18,Western Province,Rusizi,Nkungu,Kiziguro ~ Mataba,Gahati,Nyamburu,,,Project Pre-Assessment - 2025.1.13,-2.523685,28.998094,7360.0,http://www.worldpop.org.uk/data/summary?doi=10.5258/SOTON/WP00539,9925.0,53303.0,Kamajumba,1039.0,Gikombe,964.0,Rubona,958.0,Gatondo,766.0,Honga,891.0,Muhora,657.0,1/13/25,Mpinga,817.0,Karongoro,502.0,Kabuganza,429.0,Kabigohe,337.0,POINT (388581.23308073566 4720928.554771792),1965.16,4288.29,9383.63,15574.59,21650.83,1977.62,4269.64,9494.89,15837.78,22179.61
006f100000d1f2iAAA,1014014,Rwanda,Rwanda - Gahati - 1014014,Rejected,Technical,11/11/18,Western Province,Rusizi,Nkungu,Kiziguro ~ Mataba,Gahati,Nyamburu,,,Project Assessment - 2018.10.27,-2.523685,28.998094,,http://www.worldpop.org.uk/data/summary?doi=10.5258/SOTON/WP00539,9925.0,53303.0,Mpinga,1302.0,Gikombe,709.0,Muhora,605.0,,0.0,,0.0,,,10/27/18,,,,,,,,,POINT (388581.23308073566 4720928.554771792),1965.16,4288.29,9383.63,15574.59,21650.83,1977.62,4269.64,9494.89,15837.78,22179.61
006f100000d1f2nAAA,1014015,Rwanda,Rwanda - Muhora - 1014015,Rejected,Technical,11/5/18,Western Province,Rusizi,Nkungu,Mataba,Muhora,Nyaruhondo,,,Project Assessment - 2018.10.27,-2.531842,29.000594,,http://www.worldpop.org.uk/data/summary?doi=10.5258/SOTON/WP00539,10062.0,56117.0,Muhora,605.0,Mpinga,1203.0,Gitondo,706.0,Honga,836.0,,0.0,,,10/27/18,,,,,,,,,POINT (388859.97240163304 4720026.749220602),3258.84,5603.66,8332.47,12719.24,20516.13,3165.07,5517.99,8499.73,12953.31,20854.66
006f100000d1f2xAAA,1014016,Rwanda,Rwanda - Gitwa - 1014016,Rejected,Vehicular Bridge Required,11/29/18,Western Province,Rusizi,Giheke,Kamashangi,Gitwa,Nyakabanda,,,Project Assessment - 2018.10.27,-2.434499,28.946438,,http://www.worldpop.org.uk/data/summary?doi=10.5258/SOTON/WP00539,10205.0,63746.0,Gitwa,565.0,,0.0,,0.0,,0.0,,0.0,,,10/27/18,,,,,,,,,POINT (382828.2555067167 4730786.565396287),1425.27,3254.74,7667.57,15048.87,22145.67,1469.34,3275.53,7756.24,15415.01,22469.3
006f100000d1f37AAA,1014017,Rwanda,Rwanda - Isha - 1014017,Rejected,Vehicular Bridge Required,10/30/18,Western Province,Rusizi,Giheke,Kamashangi,Isha,Nyakabanda,,,Project Assessment - 2018.10.27,-2.452429,28.938735,,http://www.worldpop.org.uk/data/summary?doi=10.5258/SOTON/WP00539,8718.0,76492.0,Isha,565.0,,0.0,,0.0,,0.0,,0.0,,,10/27/18,,,,,,,,,POINT (381973.03549885366 4728803.117798933),1367.39,3352.17,7861.06,14747.28,23974.36,1359.37,3432.85,8050.39,15116.71,24521.08
006f100000d1f3CAAQ,1014018,Rwanda,Rwanda - Honga - 1014018,Rejected,Technical,11/29/18,Western Province,Rusizi,Nkungu,Mataba,Honga,Nyaruhondo,,,Project Assessment - 2018.10.27,-2.533586,28.997215,,http://www.worldpop.org.uk/data/summary?doi=10.5258/SOTON/WP00539,9139.0,55634.0,Honga,500.0,Muhora,0.0,Mpinga,0.0,Nyakabuye sector,0.0,,0.0,,,10/27/18,,,,,,,,,POINT (388484.31780026824 4719833.603477773),3014.79,5360.31,7933.97,11788.69,18295.38,3023.61,5140.17,7951.98,12046.01,18613.43
006f100000d1f3HAAQ,1014019,Rwanda,Rwanda - Gatagara - 1014019,Rejected,Technical,11/5/18,Western Province,Rusizi,Nkungu,Mataba,Gatagara,Nyamabuye,,,Project Assessment - 2018.10.27,-2.552118,29.007152,,http://www.worldpop.org.uk/data/summary?doi=10.5258/SOTON/WP00539,10346.0,57417.0,Gatagara,237.0,Nyakabuye cell,5000.0,,0.0,,0.0,,0.0,,,10/27/18,,,,,,,,,POINT (389591.0587204621 4717785.147775793),1610.71,5471.13,10993.73,16470.73,21938.67,1681.13,5549.14,11340.26,16644.95,22287.8
006f100000d1f3MAAQ,1014020,Rwanda,Rwanda - Gatondo - 1014020,Rejected,Technical,11/14/18,Western Province,Rusizi,Nkungu,Mataba,Gatondo,Nyagahanga,,,Project Assessment - 2018.10.27,-2.53305,29.016558,,http://www.worldpop.org.uk/data/summary?doi=10.5258/SOTON/WP00539,12655.0,61033.0,Entire mataba cell,6173.0,Gahuni,1231.0,Nyagafunzo,824.0,,0.0,,0.0,,,10/27/18,,,,,,,,,POINT (390635.54391523544 4719894.523774411),2120.96,6945.67,12314.78,18654.96,25371.99,2209.06,7105.23,12772.86,19179.61,25913.57
006f100000d1f3WAAQ,1014022,Rwanda,Rwanda - Rushwati ~ mwimereri - 1014022,Rejected,Technical,11/11/18,Western Province,Rusizi,Butare,Nyamihanda,Rushwati ~ mwimereri,Karago,,,Project Assessment - 2018.10.27,-2.575882,29.136492,,http://www.worldpop.org.uk/data/summary?doi=10.5258/SOTON/WP00539,3863.0,14328.0,Rushwati,1235.0,Kirwano,432.0,Mwimereri,600.0,Kenya,364.0,,0.0,,,10/27/18,,,,,,,,,POINT (403977.16520782793 4715167.748422947),996.1,2454.55,4817.79,6648.63,8814.18,994.95,2600.56,4966.58,6808.96,9165.6
006f100000d1f3bAAA,1014023,Rwanda,Rwanda - Rushwati~ kirwano - 1014023,Rejected,Technical,11/11/18,Western Province,Rusizi,Butare,Nyamihanda,Rushwati~ kirwano,Cyazi,,,Project Assessment - 2018.10.27,-2.578095,29.140707,,http://www.worldpop.org.uk/data/summary?doi=10.5258/SOTON/WP00539,4012.0,14218.0,Rushwati,1235.0,Kirwano,432.0,Mwimereri,600.0,,0.0,,0.0,,,10/27/18,,,,,,,,,POINT (404446.0771931835 4714923.356206386),1329.6,2486.52,4105.07,6388.39,8813.9,1371.03,2617.19,4308.12,6613.1,9146.21
006f100000d1f3gAAA,1014024,Rwanda,Rwanda - Kirwano~ mwimereri - 1014024,Rejected,Technical,11/5/18,Western Province,Rusizi,Butare,Nyamihanda,Kirwano~ mwimereri,Cyazi,,,Project Assessment - 2018.10.27,-2.577491,29.140912,,http://www.worldpop.org.uk/data/summary?doi=10.5258/SOTON/WP00539,3952.0,14209.0,Mwimereri,600.0,Kirwano,432.0,Ndengerezi,414.0,,0.0,,0.0,,,10/27/18,,,,,,,,,POINT (404468.8299919709 4714990.160653169),1288.29,2417.75,3988.28,6284.88,8777.59,1391.8,2523.41,4188.29,6470.23,9065.51
006f100000d1f3lAAA,1014025,Rwanda,Rwanda - Munkamba - 1014025,Rejected,Technical,11/29/18,Western Province,Rusizi,Butare,Nyamihanda,Munkamba,Cyazi,,,Project Assessment - 2018.10.27,-2.566146,29.144802,,http://www.worldpop.org.uk/data/summary?doi=10.5258/SOTON/WP00539,2473.0,13290.0,Munkamba,459.0,Kenya,364.0,Kijuru,580.0,Bweyeye sector,0.0,,0.0,,,10/27/18,,,,,,,,,POINT (404900.5926485192 4716244.956901892),603.34,1247.95,2151.56,3730.47,5957.76,603.34,1285.18,2297.18,3869.21,6238.72
006f100000d1fUmAAI,1014084,Rwanda,Rwanda - Nyabutaka - 1014084,Rejected,Vehicular Bridge Required,10/30/18,Western Province,Rusizi,Nyakabuye,Kamanu/kamusana,Nyabutaka,Nyabutaka,,,Project Assessment - 2018.10.28,-2.57067,29.02658,,http://www.worldpop.org.uk/data/summary?doi=10.5258/SOTON/WP00539,10453.0,58530.0,Kamanu,965.0,,0.0,,0.0,,0.0,,0.0,,,10/28/18,,,,,,,,,POINT (391753.3036646867 4715735.291990147),7086.96,10775.39,15812.29,21013.46,28391.59,7025.98,10783.5,16009.32,21140.34,28652.07
006f100000d1fUrAAI,1014085,Rwanda,Rwanda - Nkanga - 1014085,Rejected,Technical,11/11/18,Western Province,Rusizi,Nyakabuye,Kiziho/nkanga,Nkanga,Nkanga,,,Project Assessment - 2018.10.28,-2.57161,29.03953,,http://www.worldpop.org.uk/data/summary?doi=10.5258/SOTON/WP00539,11352.0,55913.0,Nyakabuye,1.0,Gikundamvura,20252.0,Butare,22525.0,,0.0,,0.0,,,10/28/18,,,,,,,,,POINT (393193.58984566305 4715632.436066539),4903.18,10007.58,16143.12,21687.56,28352.16,4609.46,10052.58,16280.17,21819.57,28383.45
006f100000d1fV1AAI,1014086,Rwanda,Rwanda - Gata - 1014086,Rejected,Technical,11/14/18,Western Province,Rusizi,Gikundamvura,Nyamigina/jyambere,Gata,Nyabisheshe,,,Project Assessment - 2018.10.28,-2.60327,29.0416,,http://www.worldpop.org.uk/data/summary?doi=10.5258/SOTON/WP00539,6522.0,46722.0,Jyambere,896.0,Burundiro,798.0,,0.0,,0.0,,0.0,,,10/28/18,,,,,,,,,POINT (393426.44399533834 4712131.614845817),1265.95,3285.35,5560.09,13244.5,22561.3,1301.11,3411.36,5681.76,13365.74,22786.07
006f100000d1fVGAAY,1014087,Rwanda,Rwanda - Gisesero2 - 1014087,Rejected,Technical,11/14/18,Western Province,Rusizi,Gikundamvura,Nyamigina,Gisesero2,Gisesero,,,Project Assessment - 2018.10.28,-2.59176,29.04348,,http://www.worldpop.org.uk/data/summary?doi=10.5258/SOTON/WP00539,6752.0,48586.0,Kariba,895.0,Buhinga,968.0,,0.0,,0.0,,0.0,,,10/28/18,,,,,,,,,POINT (393634.555396721 4713404.56026268),2362.33,5729.78,8878.29,12075.76,20388.74,2162.08,5574.01,9415.74,12385.3,20372.45
006f100000d1fVLAAY,1014088,Rwanda,Rwanda - Nyabusheshe - 1014088,Rejected,Technical,11/14/18,Western Province,Rusizi,Gikundamvura,Nyamigina/kanoga,Nyabusheshe,Nyabusheshe,,,Project Assessment - 2018.10.28,-2.59647,29.04596,,http://www.worldpop.org.uk/data/summary?doi=10.5258/SOTON/WP00539,6305.0,46180.0,Nyamigina,965.0,Mpinga,860.0,,0.0,,0.0,,0.0,,,10/28/18,,,,,,,,,POINT (393910.7506351658 4712883.932357246),2089.75,5082.06,7768.88,10622.46,16861.02,2039.53,5410.48,8209.29,10964.71,17001.73
006f100000d1fVQAAY,1014089,Rwanda,Rwanda - Gisesero - 1014089,Rejected,Vehicular Bridge Required,10/30/18,Western Province,Rusizi,Gikundamvura,Nyamigina/,Gisesero,Gisesero,,,Project Assessment - 2018.10.28,-2.5886,29.05452,,http://www.worldpop.org.uk/data/summary?doi=10.5258/SOTON/WP00539,7162.0,42706.0,Buhinga,850.0,,0.0,,0.0,,0.0,,0.0,,,10/28/18,,,,,,,,,POINT (394862.06002655334 4713754.916489104),2734.85,6149.37,11316.55,14170.58,18458.43,2938.26,6207.72,11470.04,14816.14,18974.64
006f100000d1fVVAAY,1014090,Rwanda,Rwanda - Kabusunzu - 1014090,Rejected,Social,10/30/18,Western Province,Rusizi,Bugarama,Pera/kabusunzu,Kabusunzu,Mining,,,Project Assessment - 2018.10.28,-2.7023,29.00658,,http://www.worldpop.org.uk/data/summary?doi=10.5258/SOTON/WP00539,17970.0,34986.0,Kabusunzu,858.0,,0.0,,0.0,,0.0,,0.0,,,10/28/18,,,,,,,,,POINT (389540.6435940014 4701177.640500823),15052.71,23776.99,26697.8,32432.78,37661.5,15255.02,23985.57,26860.56,32565.37,38233.97
006f100000d1fVaAAI,1014091,Rwanda,Rwanda - Gombaniro-mubombo - 1014091,Identified,,12/31/25,Western Province,Rusizi,Bugarama,Ryankana/mubonbo,Gombaniro-mubombo,Rubyiro,Rwanda Full Scale Research - Randomized but Not Baselined,,Project Assessment - 2018.10.28,-2.72777,29.03227,,http://www.worldpop.org.uk/data/summary?doi=10.5258/SOTON/WP00539,1826.0,22280.0,Bombaniro,1591.0,Mubombo,515.0,,0.0,,0.0,,0.0,,,10/28/18,,,,,,,,,POINT (392399.66968453274 4698363.434553315),1748.65,2636.24,6162.74,10994.96,17036.93,1848.83,2808.21,6405.57,11087.14,17389.53
006f100000d1fVfAAI,1014092,Rwanda,Rwanda - Kabirundwe - 1014092,Rejected,Technical,11/10/18,Western Province,Rusizi,Mururu,Karambi,Kabirundwe,Mogongo,,,Project Assessment - 2018.10.28,-2.5886,29.05452,,http://www.worldpop.org.uk/data/summary?doi=10.5258/SOTON/WP00539,7162.0,42706.0,Bugayi,956.0,Kagarama,896.0,,0.0,,0.0,,0.0,,,10/28/18,,,,,,,,,POINT (394862.06002655334 4713754.916489104),2734.85,6149.37,11316.55,14170.58,18458.43,2938.26,6207.72,11470.04,14816.14,18974.64
006f100000d1fVkAAI,1014093,Rwanda,Rwanda - Gipfura - 1014093,Rejected,Technical,11/10/18,Western Province,Rusizi,Mururu,Gahinga/gipfura,Gipfura,Gipfura,,,Project Assessment - 2018.10.28,-2.5886,29.05452,,http://www.worldpop.org.uk/data/summary?doi=10.5258/SOTON/WP00539,7162.0,42706.0,Gahinga,7070.0,,0.0,,0.0,,0.0,,0.0,,,10/28/18,,,,,,,,,POINT (394862.06002655334 4713754.916489104),2734.85,6149.37,11316.55,14170.58,18458.43,2938.26,6207.72,11470.04,14816.14,18974.64
006f100000d1fVpAAI,1014094,Rwanda,Rwanda - Kiyovu-buhanda - 1014094,Complete,In Service,11/3/22,Western Province,Rusizi,Bugarama,Pera/buhanga,Kiyovu-buhanda,Rubyiro,Rwanda Full Scale Research - Randomized and Baselined - Intervention,,Project Assessment - 2018.10.29,-2.70183,29.03029,,http://www.worldpop.org.uk/data/summary?doi=10.5258/SOTON/WP00539,10592.0,33785.0,Kiyovu,690.0,Buhanga,569.0,,0.0,,0.0,,0.0,,,10/28/18,,,,,,,,,POINT (392177.1959688483 4701231.743604663),7293.4,11160.29,17358.32,27232.99,36276.48,7281.33,11179.46,17234.12,27263.16,36584.34
006f100000d1fVuAAI,1014095,Rwanda,Rwanda - Katabuvuga - 1014095,Rejected,Technical,12/31/18,Western Province,Rusizi,Muganza,Gakoni/sanganiro,Katabuvuga,Katabuvuga,Rwanda Full Scale Research - Randomized and Lost,,Project Assessment - 2018.10.28,-2.63441,29.01131,,http://www.worldpop.org.uk/data/summary?doi=10.5258/SOTON/WP00539,9088.0,50959.0,Sanganiro,1800.0,Gatanga,690.0,,0.0,,0.0,,0.0,,,10/28/18,,,,,,,,,POINT (390060.5977910565 4708685.490109873),9651.26,12412.83,16675.01,22038.59,34280.96,9754.88,12568.36,16839.45,22809.85,34857.45
006f100000d1fVzAAI,1014096,Rwanda,Rwanda - Nyabutagwa-gaseke - 1014096,Rejected,Vehicular Bridge Required,11/29/18,Western Province,Rusizi,Nyakabuye,Gaseke/bitendezi,Nyabutagwa-gaseke,Nyabutagwa,,,Project Assessment - 2018.10.28,-2.55317,28.99986,,http://www.worldpop.org.uk/data/summary?doi=10.5258/SOTON/WP00539,8109.0,57050.0,Bitendezi,968.0,,0.0,,0.0,,0.0,,0.0,,,10/28/18,,,,,,,,,POINT (388780.16530774866 4717668.187060443),696.86,4347.84,7940.19,11915.88,18220.25,743.37,4533.13,8140.06,12230.44,18654.13
006f100000d1fW4AAI,1014097,Rwanda,Rwanda - Gaseke - 1014097,Rejected,Technical,11/11/18,Western Province,Rusizi,Nyakabuye,Gaseke/kagenge,Gaseke,Nyamabuye,,,Project Assessment - 2018.10.28,-2.5679,29.01254,,http://www.worldpop.org.uk/data/summary?doi=10.5258/SOTON/WP00539,9744.0,58067.0,Gaseke,963.0,Gitambi,2642.0,Nkunku,4691.0,,0.0,,0.0,,,10/28/18,,,,,,,,,POINT (390191.6305768838 4716040.405381458),3895.93,7666.59,12645.21,18833.61,25086.3,3854.05,8053.96,12973.98,19003.51,25370.82
006f100000d1fW9AAI,1014098,Rwanda,Rwanda - Kabagu -gasihe - 1014098,Rejected,Technical,11/14/18,Western Province,Rusizi,Butare,Gatereri/gasihe,Kabagu -gasihe,Mwoya,,,Project Assessment - 2018.10.28,-2.57552,29.0818,,http://www.worldpop.org.uk/data/summary?doi=10.5258/SOTON/WP00539,6134.0,29459.0,Butanda,986.0,Gatereri,805.0,,0.0,,0.0,,0.0,,,10/28/18,,,,,,,,,POINT (397894.83224887145 4715203.527726464),1974.67,4016.01,6760.83,10450.78,13440.58,2072.42,4056.95,7016.33,10624.11,13843.38
006f100000d1fWJAAY,1014099,Rwanda,Rwanda - Kabingo1 - 1014099,Complete,In Service,10/6/22,Western Province,Rusizi,Butare,Gatereri/nyakibanda,Kabingo1,Kabingo,Rwanda Full Scale Research - Randomized and Baselined - Intervention,,Project Assessment - 2018.10.28,-2.588367,29.095324,,http://www.worldpop.org.uk/data/summary?doi=10.5258/SOTON/WP00539,2920.0,21414.0,Bweyeye,2000.0,Butare,1500.0,Nyakabuye,3000.0,,0.0,,0.0,,,10/28/18,,,,,,,,,POINT (399399.85741985205 4713783.990763233),731.39,1391.51,2593.9,4297.22,8322.91,825.22,1453.23,2708.1,4408.16,8512.31
006f100000d1fWOAAY,1014100,Rwanda,Rwanda - Nyabitimbo mwoya - 1014100,Rejected,Technical,11/15/18,Western Province,Rusizi,Butare,Gatereri/nyabitimbo,Nyabitimbo mwoya,Mwoya,,,Project Assessment - 2018.10.28,-2.56517,29.08278,,http://www.worldpop.org.uk/data/summary?doi=10.5258/SOTON/WP00539,6262.0,30709.0,Butanda,986.0,Nyabitimbo,869.0,,0.0,,0.0,,0.0,,,10/28/18,,,,,,,,,POINT (398002.997279197 4716348.105639901),1984.21,3874.06,6296.82,10200.1,13885.49,2042.82,4015.59,6476.76,10283.4,14185.77
006f100000d1fWdAAI,1014101,Rwanda,Rwanda - Mugongo - 1014101,Rejected,Technical,11/15/18,Western Province,Rusizi,Mururu-kamembe,Karambi/gihango,Mugongo,Mugongo,,,Project Assessment - 2018.10.28,-2.50322,28.90339,,http://www.worldpop.org.uk/data/summary?doi=10.5258/SOTON/WP00539,15155.0,68190.0,Gatovu,950.0,Karambi,1475.0,,0.0,,0.0,,0.0,,,10/28/18,,,,,,,,,POINT (378046.36978102115 4723183.196036422),2490.28,7169.95,20439.66,38352.61,61453.9,2433.17,7021.63,20254.75,37246.19,61656.66
006f100000d1fWiAAI,1014102,Rwanda,Rwanda - Mizibira - 1014102,Rejected,Technical,11/14/18,Western Province,Rusizi,Nyakabuye,Nyabintare/mizibira,Mizibira,Mizibira,,,Project Assessment - 2018.10.28,-2.56301,29.06172,,http://www.worldpop.org.uk/data/summary?doi=10.5258/SOTON/WP00539,8662.0,46131.0,Mizibira,825.0,Nyakabuye,4600.0,Butare,3500.0,,0.0,,0.0,,,10/28/18,,,,,,,,,POINT (395660.6935911262 4716585.261618486),2728.49,5885.05,9931.8,14812.05,21179.75,2649.43,5975.67,10245.73,14957.53,21492.07
006f100000d1fjhAAA,1014103,Rwanda,Rwanda - Kigarama - 1014103,Rejected,Technical,11/15/18,Western Province,Rusizi,Butare,Rwambogo - Butanda,Kigarama,Kabingo,,,Project Assessment - 2018.10.29,-2.55734,29.0933,,http://www.worldpop.org.uk/data/summary?doi=10.5258/SOTON/WP00539,4604.0,24915.0,Kigarama,980.0,Bisengo - Nyaruteja,1427.0,Cyaruhiza - Cyijuru,1296.0,Murambi - Gitega,1162.0,Buganzo - Gasine,1208.0,,,10/29/18,,,,,,,,,POINT (399172.33195461833 4717214.775206306),1070.97,3216.54,4591.73,6829.71,9399.27,1152.65,3226.25,4684.32,6922.7,9631.35
006f100000d1fjmAAA,1014104,Rwanda,Rwanda - Rwengezi - 1014104,Complete,In Service,9/22/22,Western Province,Rusizi,Butare,Rwambogo,Rwengezi,Rwengezi,Rwanda Full Scale Research - Randomized and Baselined - Intervention,,Project Assessment - 2018.10.29,-2.58744,29.10611,,http://www.worldpop.org.uk/data/summary?doi=10.5258/SOTON/WP00539,3154.0,18182.0,Gasumo,932.0,Kenya - Rushwati,1402.0,Ndengerezi - Kirwano,1174.0,Nyaruteja,856.0,Kigarama - Cyaruhuza,1632.0,,,10/29/18,,,,,,,,,POINT (400599.28861333546 4713887.34776276),824.83,1525.35,3181.98,5813.62,8867.22,886.93,1604.5,3311.23,5986.46,9104.06
006f100000d1fjrAAA,1014105,Rwanda,Rwanda - Nyakabanda - 1014105,Rejected,Technical,11/11/18,Western Province,Rusizi,Giheke,Gakomeye - Rwega,Nyakabanda,Nyakabanda,,,Project Assessment - 2018.10.29,-2.42715,28.95369,,http://www.worldpop.org.uk/data/summary?doi=10.5258/SOTON/WP00539,11854.0,61553.0,Kanoga,559.0,Kagarama,513.0,Kabuga,558.0,Buzi,603.0,Gacyamo - Gasheke,1185.0,,,10/29/18,,,,,,,,,POINT (383634.2463701778 4731599.873028154),1529.5,4326.19,8615.03,13934.3,21872.42,1562.09,4367.19,8778.66,14085.91,22151.35
006f100000d1fjwAAA,1014106,Rwanda,Rwanda - Kamigisha - 1014106,Rejected,Technical,11/5/18,Western Province,Rusizi,Giheke,Gakomeye,Kamigisha,Kamigisha,,,Project Assessment - 2018.10.29,-2.42486,28.95726,,http://www.worldpop.org.uk/data/summary?doi=10.5258/SOTON/WP00539,11901.0,60304.0,Kabuga,558.0,Buzi,603.0,Gacyamo - Gasheke,1185.0,Kagarama,513.0,Kanoga,539.0,,,10/29/18,,,,,,,,,POINT (384031.13418791903 4731853.416020363),1765.44,4386.04,8256.52,14177.67,20851.64,1790.16,4458.11,8443.27,14405.08,21272.58
006f100000d1fk1AAA,1014107,Rwanda,Rwanda - Buzi - 1014107,Rejected,Technical,11/5/18,Western Province,Rusizi,Giheke,Gakomeye,Buzi,Kamacumu,,,Project Assessment - 2018.10.29,-2.42056,28.9662,,http://www.worldpop.org.uk/data/summary?doi=10.5258/SOTON/WP00539,11362.0,56746.0,Buzi,603.0,Kabuga,558.0,Kagarama,513.0,Gacyamo,567.0,Gasheke,618.0,,,10/29/18,,,,,,,,,POINT (385025.14688660484 4732329.686500673),1405.54,4362.62,8559.13,12818.49,19008.42,1412.51,4453.63,8698.81,12995.49,19351.92
006f100000d1fk6AAA,1014108,Rwanda,Rwanda - Gacyamo - 1014108,Rejected,Technical,11/10/18,Western Province,Rusizi,Giheke - Bushenge,Gakomeye - Gasheke,Gacyamo,Mushoroza,,,Project Assessment - 2018.10.29,-2.41855,28.96946,,http://www.worldpop.org.uk/data/summary?doi=10.5258/SOTON/WP00539,11672.0,55541.0,Gacyamo,567.0,Buzi,603.0,Kabuga,558.0,Kagarama,513.0,Gasheke,618.0,,,10/29/18,,,,,,,,,POINT (385387.5807575824 4732552.234525176),1359.47,4530.55,8427.13,13416.13,18425.76,1422.53,4613.54,8499.55,13710.1,18666.07
006f100000d1fkBAAQ,1014109,Rwanda,Rwanda - Nyagatango - 1014109,Rejected,Technical,11/30/18,Western Province,Rusizi,Butare,Rwambogo,Nyagatango,Nyagatango,,,Project Assessment - 2018.10.29,-2.58868,29.11247,,http://www.worldpop.org.uk/data/summary?doi=10.5258/SOTON/WP00539,3257.0,16181.0,Gasumo,932.0,Kenya,693.0,Ndengerezi,610.0,Rushwati,545.0,,0.0,,,10/29/18,,,,,,,,,POINT (401306.67447381996 4713750.726488505),993.24,2218.89,4261.19,6744.12,8524.34,1025.16,2326.23,4374.17,6987.1,8876.84
006f100000d1hIvAAI,1014139,Rwanda,Rwanda - Rugombo - 1014139,Rejected,Technical,11/13/18,Western Province,Rusizi,Giheke,Giheke-Kigenge,Rugombo,Gisuma,,,Project Assessment - 2018.10.29,-2.46906,28.95562,,http://www.worldpop.org.uk/data/summary?doi=10.5258/SOTON/WP00539,7263.0,52787.0,Rugomba,490.0,Murambi,601.0,Wimana- Rwumvangoma,832.0,Gahinga-Kamuhozi,865.0,Isha-Rukombe,1415.0,,,10/29/18,,,,,,,,,POINT (383852.52475601976 4726965.477261996),1831.88,4095.49,7899.03,11052.08,15040.92,1868.66,4168.03,8039.82,11165.54,15406.94
006f100000d1hJOAAY,1014140,Rwanda,Rwanda - Karambo - 1014140,Rejected,Technical,11/15/18,Western Province,Rusizi,Giheke-Bushenge,Giheke-Bumazi,Karambo,Nyagahembe,,,Project Assessment - 2018.10.29,-2.45575,28.97641,,http://www.worldpop.org.uk/data/summary?doi=10.5258/SOTON/WP00539,7337.0,46806.0,Giheke,2425.0,Bumazi,2163.0,,0.0,,0.0,,0.0,,,10/29/18,,,,,,,,,POINT (386163.7393785919 4728439.134463871),1455.01,3761.1,7981.22,11740.99,16240.43,1548.94,3893.31,8108.94,11980.18,16566.81
006f100000d1hKHAAY,1014142,Rwanda,Rwanda - Kabeza - 1014142,Rejected,Technical,11/12/18,Western Province,Rusizi,Giheke,Cyendajuru,Kabeza,Kijabwe,,,Project Assessment - 2018.10.29,-2.46169,28.96475,,http://www.worldpop.org.uk/data/summary?doi=10.5258/SOTON/WP00539,8584.0,46787.0,Kabeza,522.0,Burembo,502.0,Karambo,483.0,Kibakure,613.0,Murinzi,511.0,,,10/29/18,,,,,,,,,POINT (384867.36714250356 4727781.270767007),2560.17,4809.72,8028.26,11408.22,15119.87,2586.56,4956.33,8180.17,11590.05,15432.06
006f100000d1hLKAAY,1014143,Rwanda,Rwanda - Burembo - 1014143,Rejected,Technical,11/12/18,Western Province,Rusizi,Giheke,Cyendajuru,Burembo,Maryohe,,,Project Assessment - 2018.10.29,-2.44613,28.96986,,http://www.worldpop.org.uk/data/summary?doi=10.5258/SOTON/WP00539,10911.0,54371.0,Burembo,789.0,Kigenge,652.0,,0.0,,0.0,,0.0,,,10/29/18,,,,,,,,,POINT (385434.39934744214 4729502.385107795),1923.27,4076.73,8467.82,12559.25,17761.27,1969.05,4137.42,8647.14,12876.98,18039.06
006f100000d1hLUAAY,1014144,Rwanda,Rwanda - Kabakure - 1014144,Rejected,Technical,11/12/18,Western Province,Rusizi,Giheke,Cyendajuru,Kabakure,Gisuma,,,Project Assessment - 2018.10.29,-2.46402,28.95182,,http://www.worldpop.org.uk/data/summary?doi=10.5258/SOTON/WP00539,8114.0,59651.0,Kabakure,522.0,Gihinga,812.0,,0.0,,0.0,,0.0,,,10/29/18,,,,,,,,,POINT (383429.4335115713 4727522.487258244),1601.77,4044.94,7628.89,12014.11,17440.34,1632.02,4089.83,7763.11,12208.6,17751.17
006f100000d1hOxAAI,1014154,Rwanda,Rwanda - Karambi - 1014154,Rejected,Technical,11/14/18,Western Province,Rusizi,Gikheke,Ntura-Kamashangi,Karambi,Gisuma,,,Project Assessment - 2018.10.29,-2.43675,28.95227,,http://www.worldpop.org.uk/data/summary?doi=10.5258/SOTON/WP00539,11054.0,62839.0,Karambi,568.0,Bubanga,572.0,Rebero-Kaburyogoro,1374.0,Gitwa,523.0,Rukombe,614.0,,,10/29/18,,,,,,,,,POINT (383477.1267321362 4730538.146653984),1789.86,3931.43,7433.49,12268.82,19236.64,1812.74,3989.82,7470.88,12478.48,19682.64
006f100000d1hPMAAY,1014155,Rwanda,Rwanda - Maryohe - 1014155,Rejected,Technical,11/30/18,Western Province,Rusizi,Giheke,Ntura-Cyendajuru,Maryohe,Maryohe,,,Project Assessment - 2018.10.29,-2.44319,28.97635,,http://www.worldpop.org.uk/data/summary?doi=10.5258/SOTON/WP00539,10263.0,54135.0,Kigenge,780.0,Burembo,650.0,,0.0,,0.0,,0.0,,,10/29/18,,,,,,,,,POINT (386156.00525396364 4729828.051190762),1459.35,4175.76,7717.29,12920.55,18285.6,1462.59,4272.58,7863.07,13143.57,18572.79
006f100000d1hPlAAI,1014156,Rwanda,Rwanda - Kabyuma - 1014156,Rejected,Technical,11/11/18,Western Province,Rusizi,Giheke,Ntura,Kabyuma,Rugomero,,,Project Assessment - 2018.10.29,-2.44926,28.95522,,http://www.worldpop.org.uk/data/summary?doi=10.5258/SOTON/WP00539,10773.0,58425.0,Kabyuma,400.0,Kavuye-Kamuhozi,1054.0,Bubanga,400.0,Ruvumbu,574.0,Karambi-Kagarama,1142.0,,,10/29/18,,,,,,,,,POINT (383806.32173459715 4729154.999629672),2266.1,4587.38,7588.93,11634.86,15504.74,2298.13,4685.6,7650.64,11856.07,15683.34
006f100000d1hQKAAY,1014161,Rwanda,Rwanda - Kabuye - 1014161,Rejected,Technical,11/12/18,Western Province,Rusizi,Kagano,Mubumbano,Kabuye,Sumiro,,,Project Assessment - 2018.10.29,-2.34684,29.11432,,http://www.worldpop.org.uk/data/summary?doi=10.5258/SOTON/WP00539,7671.0,42680.0,Kabuyecyeru,1018.0,Makoko,768.0,Kabagabo,620.0,Gikomero,850.0,Bisoro,1000.0,,,10/29/18,,,,,,,,,POINT (401494.6103198839 4740493.181785768),1854.17,5047.48,9943.1,16413.58,25793.7,1782.37,5173.66,10173.56,16834.51,26201.02
006f100000d1hTiAAI,1014165,Rwanda,Rwanda - Rwega - 1014165,Rejected,Vehicular Bridge Required,11/30/18,Western Province,Rusizi,Giheke-Gihundwe,Rwega-Rwahi,Rwega,Cyunyu,,,Project Assessment - 2018.10.29,-2.4334,28.93374,,http://www.worldpop.org.uk/data/summary?doi=10.5258/SOTON/WP00539,11201.0,66861.0,Rwega,750.0,,0.0,,0.0,,0.0,,0.0,,,10/29/18,,,,,,,,,POINT (381415.79064716684 4730906.9877377115),2006.73,6144.93,11231.71,17255.33,24597.04,2162.0,6294.53,11455.11,17529.22,25200.42
006f100000d1hTnAAI,1014166,Rwanda,Rwanda - Impala - 1014166,Rejected,Vehicular Bridge Required,11/30/18,Western Province,Rusizi,Giheke-Gihundwe,Rwega-Shagasha,Impala,Cyogororo,,,Project Assessment - 2018.10.29,-2.44246,28.9333,,http://www.worldpop.org.uk/data/summary?doi=10.5258/SOTON/WP00539,9281.0,71247.0,Impala,400.0,,0.0,,0.0,,0.0,,0.0,,,10/29/18,,,,,,,,,POINT (381367.643858776 4729905.05393131),1779.72,4483.04,8494.45,16363.04,25815.23,1907.25,4517.0,8645.68,16734.27,26226.23
006f100000d1hU7AAI,1014167,Rwanda,Rwanda - Ndengerezi - 1014167,Rejected,Technical,11/16/18,Western Province,Rusizi,Butare-Bweyeye,Nymihanda-Rasano,Ndengerezi,Rurembo,,,Project Assessment - 2018.10.29,-2.58127,29.15265,,http://www.worldpop.org.uk/data/summary?doi=10.5258/SOTON/WP00539,0.0,0.0,Ndengerezi,413.0,Kirwano,514.0,Munkamba,459.0,Karambo,490.0,Uwinzovu,504.0,,,10/29/18,,,,,,,,,POINT (405774.4777995739 4714573.16217797),1373.24,2278.99,4338.55,6443.57,9011.65,1441.82,2317.36,4552.9,6752.17,9339.29
006f100000d1hUHAAY,1014168,Rwanda,Rwanda - Munkamba - 1014168,Rejected,Technical,11/14/18,Western Province,Rusizi,Butare,Nyamihanda,Munkamba,Rurimbi,,,Project Assessment - 2018.10.29,-2.57245,29.15343,,http://www.worldpop.org.uk/data/summary?doi=10.5258/SOTON/WP00539,3265.0,13259.0,Munkamba,459.0,Kenya,364.0,Kirwano,514.0,Ndengezi,413.0,Rushwati,1235.0,,,10/29/18,,,,,,,,,POINT (405860.5723850848 4715548.514052482),1125.01,2320.68,3556.89,4856.12,6194.71,1172.93,2391.24,3704.42,5067.62,6483.28
006f100000d1hUWAAY,1014169,Rwanda,Rwanda - Rushwati - 1014169,Rejected,Technical,10/30/18,Western Province,Rusizi,Butare,Nyamihanda,Rushwati,Cyazi,,,Project Assessment - 2018.10.29,-2.58421,29.14232,,http://www.worldpop.org.uk/data/summary?doi=10.5258/SOTON/WP00539,4081.0,14199.0,Rushwati,1235.0,Gasumo,503.0,Karambo,412.0,Uwinzovu-Ndengerezi,868.0,Kirwano-Munkamba,973.0,,,10/29/18,,,,,,,,,POINT (404625.9131298177 4714247.293303042),987.61,2398.51,4251.27,6679.82,9886.12,984.68,2515.9,4464.08,6915.59,10232.58
006f100000d8AigAAE,1013909,Rwanda,Rwanda - Rubindi - 1013909,Rejected,Technical,11/11/18,Western Province,Rusizi,Nyakarenzo,Kanoga,Rubindi,Rubindi,,,Project Assessment - 2018.10.16,-2.54605,28.96095,,http://www.worldpop.org.uk/data/summary?doi=10.5258/SOTON/WP00539,8789.0,40572.0,Kanoga,448.0,Kamanura,504.0,Kumana,676.0,Bahuro,651.0,Ryamaraza,629.0,,,10/15/18,,,,,,,,,POINT (384452.10528371285 4718452.111846267),2157.32,5116.59,8251.86,13281.89,17213.95,2217.79,5172.58,8437.47,13616.44,17580.83
006f100000d8AilAAE,1013910,Rwanda,Rwanda - Rugabe - 1013910,Rejected,Technical,11/11/18,Western Province,Rusizi,Nkungu,Ryamuhirwa,Rugabe,Gisuma,,,Project Assessment - 2018.10.16,-2.51669,28.96432,,http://www.worldpop.org.uk/data/summary?doi=10.5258/SOTON/WP00539,6148.0,37225.0,Rugabe,376.0,Nyarushishi,519.0,Gisovu,594.0,Rususa,424.0,Gatarange,536.0,,,10/15/18,,,,,,,,,POINT (384824.3159115128 4721699.144906821),1497.33,3500.31,6236.34,11141.88,15703.52,1601.42,3721.77,6511.06,11630.71,16237.93
006f100000d8AiqAAE,1013911,Rwanda,Rwanda - Kabumbwe - 1013911,Rejected,Technical,11/11/18,Western Province,Rusizi,Nyakarenzo,Gatare - Kanoga,Kabumbwe,Njambwe,,,Project Assessment - 2018.10.16,-2.53318,28.95045,,http://www.worldpop.org.uk/data/summary?doi=10.5258/SOTON/WP00539,7492.0,35230.0,Kabumbwe,633.0,Kumana,676.0,Kanoga,448.0,Buharo,651.0,Ryamaraza,629.0,,,10/15/18,,,,,,,,,POINT (383283.16370465164 4719874.382342901),1467.88,3604.28,7277.2,11124.52,15510.46,1546.98,3838.06,7571.4,11577.21,16001.03
006f100000d8AjKAAU,1013916,Rwanda,Rwanda - Kanyovu - 1013916,Rejected,Technical,11/10/18,Western Province,Rusizi,Nyakarenzo,Kanoga - Gatare,Kanyovu,Njambwe,,,Project Assessment - 2018.10.16,-2.55346,28.95224,,http://www.worldpop.org.uk/data/summary?doi=10.5258/SOTON/WP00539,8064.0,38259.0,Kanyovu,644.0,Kanoga,448.0,Kamanura,504.0,Kumana,676.0,Kabumbwe,633.0,,,10/15/18,,,,,,,,,POINT (383484.06575935264 4717631.900989254),1598.54,5189.96,8775.63,12896.67,16823.66,1620.63,5327.85,8824.16,13098.89,17012.62
006f100000d8AjZAAU,1013917,Rwanda,Rwanda - Ngoboka - 1013917,Rejected,Technical,11/5/18,Western Province,Rusizi,Nyakarenzo,Kanoga,Ngoboka,Ngoboka,,,Project Assessment - 2018.10.16,-2.54047,28.95991,,http://www.worldpop.org.uk/data/summary?doi=10.5258/SOTON/WP00539,8771.0,39533.0,Kanoga,448.0,Kumana,676.0,Ryamaraza,629.0,,0.0,,0.0,,,10/15/18,,,,,,,,,POINT (384335.94190545357 4719069.075515549),2406.28,4993.53,8270.18,12304.16,17887.4,2431.2,5061.84,8483.5,12743.91,18411.63
006f100000d8AnvAAE,1013918,Rwanda,Rwanda - Kankenge2 - 1013918,Rejected,Technical,11/5/18,Western Province,Rusizi,Nyakarenzo - Nkungu,Kanoga - Gatare,Kankenge2,Kankenge,,,Project Assessment - 2018.10.16,-2.55358,28.95937,,http://www.worldpop.org.uk/data/summary?doi=10.5258/SOTON/WP00539,8485.0,40344.0,Kanyovu,644.0,Kamanura,504.0,Kanoga,448.0,Bahuro,651.0,,0.0,,,10/15/18,,,,,,,,,POINT (384277.0544076362 4717619.274863734),2465.53,4853.45,8498.07,12855.07,16465.15,2479.67,4942.8,8613.77,12988.32,16769.74
006f100000d8AoyAAE,1013924,Rwanda,Rwanda - Bitaba - 1013924,Rejected,Technical,11/5/18,Western Province,Rusizi,Nyakarenzo,Kabagina - Kabuye,Bitaba,Katabuvuga,,,Project Assessment - 2018.10.16,-2.55713,28.92587,,http://www.worldpop.org.uk/data/summary?doi=10.5258/SOTON/WP00539,5325.0,35604.0,Bitaba,603.0,Bisenyi,534.0,Gatarama,498.0,Nyamugari,1457.0,,0.0,,,10/15/18,,,,,,,,,POINT (380551.59431559476 4717223.634633595),1904.76,4131.15,8196.03,12228.55,15900.59,1902.21,4243.37,8689.38,12796.29,16504.96
006f100000d8Ap8AAE,1013925,Rwanda,Rwanda - Gihari - 1013925,Rejected,Technical,11/5/18,Western Province,Rusizi,Nyakarenzo,Kabagina - Kabuye,Gihari,Gihira,,,Project Assessment - 2018.10.16,-2.55375,28.94637,,http://www.worldpop.org.uk/data/summary?doi=10.5258/SOTON/WP00539,7169.0,37952.0,Nyamugari,1457.0,Kabumbwe,633.0,Kanyovu,644.0,Kumana - Kanoga,1124.0,Ryamaraza - Bahuro,1280.0,,,10/15/18,,,,,,,,,POINT (382831.24631410686 4717599.298150293),2332.4,5018.84,7994.87,11777.03,16858.47,2487.02,5019.26,8068.68,12083.91,17005.62
006f100000d8ApIAAU,1013926,Rwanda,Rwanda - Kankenge1 - 1013926,Rejected,Technical,11/13/18,Western Province,Rusizi,Nyakarenzo,Kanoga,Kankenge1,Kankenge,,,Project Assessment - 2018.10.16,-2.53862,28.96073,,http://www.worldpop.org.uk/data/summary?doi=10.5258/SOTON/WP00539,8650.0,39584.0,Kumana,676.0,Kanoga,448.0,Kamanura,504.0,Ryamaraza,629.0,Bahuro,651.0,,,10/15/18,,,,,,,,,POINT (384426.9762687234 4719273.728610281),2418.61,5184.54,8290.64,12188.58,17004.78,2456.49,5254.27,8541.52,12604.96,17663.11
0063Z00000wbTEgQAM,1042891,Rwanda,Rwanda - Rebero - 1042891,Complete,In Service,6/21/24,Western Province,Rutsiro,Musasa,Nyarubuye,Rebero,Kazirankomo,,,Project Assessment - 2022.11.8,-1.94498,29.34985,4144.0,https://api.worldpop.org/v1/services/stats?,8166.45,41448.16,Gasharu,863.0,Rebero,935.0,Karambo,746.0,Gihinga,1000.0,Gataka,600.0,,0.0,11/8/22,,0.0,,0.0,,0.0,,0.0,POINT (427672.72479477746 4784941.99430754),1786.65,3691.76,5784.72,9723.03,14247.18,1839.74,3789.52,5952.05,9966.86,14616.39
0063Z00000wbTEgQAM,1042891,Rwanda,Rwanda - Rebero - 1042891,Complete,In Service,6/21/24,Western Province,Rutsiro,Musasa,Nyarubuye,Rebero,Kazirankomo,,,Project Assessment - 2018.9.27,-1.94498,29.34985,,https://api.worldpop.org/v1/services/stats?,8166.45,41448.16,Rebero,970.0,Gasharu,850.0,Gihinga,900.0,Muhororo,0.0,,0.0,,,9/27/18,,,,,,,,,POINT (427672.72479477746 4784941.99430754),1786.65,3691.76,5784.72,9723.03,14247.18,1839.74,3789.52,5952.05,9966.86,14616.39
0063Z000011T5mjQAC,1047439,Rwanda,Rwanda - Rugarambira - 1047439,Identified,Requested,3/31/25,Western Province,Rutsiro,Musasa,Gabiro,Rugarambira,Koko,,,Project Assessment - 2023.8.7,-1.985564,29.356826,3179.0,https://api.worldpop.org/v1/services/stats?,6547.07,35896.55,Kabuga,1140.0,Nyagahinga,854.0,Rugarambira,320.0,Gabiro,865.0,,0.0,,0.0,8/6/23,,0.0,,0.0,,0.0,,0.0,POINT (428450.54477398563 4780454.856992216),866.59,3312.37,6579.6,10067.79,14167.44,890.76,3429.98,6693.34,10171.38,14481.53
006Ns000002hgJ1IAI,1048248,Rwanda,Rwanda - Kabira 3 - 1048248,Complete,In Service,3/22/24,Western Province,Rutsiro,Gihango,Bugina Congo nile,Kabira 3,Mukebera,,,Project Pre-Assessment - 2023.9.20,-1.980199,29.373759,6080.0,https://api.worldpop.org/v1/services/stats?,7751.3,45968.8,Ntwiro,650.0,Gishushu,900.0,Gitarama,980.0,Kandahuro,1200.0,Kagarama,650.0,Mucyebera,1700.0,9/20/23,,0.0,,0.0,,0.0,,0.0,POINT (430334.09687215614 4781048.794434516),1883.79,4484.66,7976.89,12626.68,18213.15,1947.05,4571.88,8119.84,12941.8,18472.15
006Ns00000CWNYvIAP,1050971,Rwanda,Rwanda - Karambo - 1050971,Identified,Requested,12/31/24,Western Province,Rutsiro,Mushubati,Karambo,Karambo,Muregeya,,,Project Assessment - 2024.4.8,-1.9983,29.45083,4161.0,https://api.worldpop.org/v1/services/stats?,6346.9,39844.17,Karambo,917.0,Kagano,793.0,Gashinge,763.0,Kibari,814.0,Gakoma,874.0,,0.0,4/8/24,,0.0,,0.0,,0.0,,0.0,POINT (438908.7743012502 4779050.412114915),995.89,2803.29,6050.26,9714.47,15118.19,1057.23,3037.08,6180.09,9911.44,15461.57
006Ns00000CWZwcIAH,1050973,Rwanda,Rwanda - Taba - 1050973,Identified,Identified in Needs Assessment,12/31/24,Western Province,Rutsiro,Mushubati,Gitwa,Taba,Muregeya,,,Project Pre-Assessment - 2024.4.8,-1.983531,29.470911,4144.0,https://api.worldpop.org/v1/services/stats?,6548.98,38748.25,Taba,830.0,Nyanzu,870.0,Gihumo,784.0,Mucyata,904.0,Rububa,756.0,,0.0,4/8/24,,0.0,,0.0,,0.0,,0.0,POINT (441142.1826801752 4780684.143002028),2457.23,4881.65,8215.44,13014.35,17337.37,2499.88,4996.34,8327.3,13275.68,17572.01
006Ns00000LnXd4IAF,1052552,Rwanda,Rwanda - Cyogo - 1052552,Prospecting,,12/31/24,Western Province,Rutsiro,Manihira,Haniro,Cyogo,Cyogo,,,Project Pre-Assessment - 2024.8.24,-1.970932,29.435156,3793.0,https://api.worldpop.org/v1/services/stats?,5746.51,43490.41,Runaba,983.0,Kivumu,1013.0,Bitaro,638.0,Kadehero,687.0,Kabeza,472.0,,0.0,8/24/24,,0.0,,0.0,,0.0,,0.0,POINT (437164.06505959405 4782075.899292085),1513.1,3198.62,5776.59,9887.53,13683.75,1561.08,3205.81,5979.41,10035.4,13764.15
006Ns00000ObCahIAF,1053065,Rwanda,Rwanda - Rukingo - 1053065,Identified,Requested,12/31/24,Western Province,Rutsiro,Murunda,Rukingo,Rukingo,Rwishywa,,,Project Assessment - 2024.10.14,-1.914503,29.378305,4326.0,https://api.worldpop.org/v1/services/stats?,7879.8,49355.29,Rukingo,673.0,Rwamiko,870.0,Murunda,810.0,Karambo,1300.0,Gisunzu,673.0,,0.0,10/14/24,,0.0,,0.0,,0.0,,0.0,POINT (430837.15614638454 4788313.05968533),3431.63,6932.89,11241.3,16281.72,22256.18,3436.39,7022.79,11413.17,16447.18,22584.26
006f100000a86IGAAY,1007664,Rwanda,Rwanda - Gasovu - 1007664,Rejected,Technical,11/15/18,Western Province,Rutsiro,Ruhango,Mburamazi/gatoki-gatare-gasovu,Gasovu,Kore,,,Project Assessment - 2018.9.27,-1.89261,29.3735,,http://www.worldpop.org.uk/data/summary?doi=10.5258/SOTON/WP00539,11483.0,48674.0,Gatoki village,629.0,Gasovu,680.0,Kabeza,826.0,,0.0,,0.0,,,9/27/18,,,,,,,,,POINT (430301.7049024048 4790733.597873868),3009.49,6411.31,11973.36,18534.02,26305.39,3016.69,6495.03,12258.76,19059.61,26928.59
006f100000a86IHAAY,1007665,Rwanda,Rwanda - Ntaruko - 1007665,Rejected,Technical,11/16/18,Western Province,Rutsiro,Mukura,Kabuga/sanzare,Ntaruko,Ntaruko,,,Project Assessment - 2018.9.27,-2.03645,29.41441,,http://www.worldpop.org.uk/data/summary?doi=10.5258/SOTON/WP00539,8886.0,40801.0,Nyabitare,950.0,Sanzare,790.0,Kabahigi,850.0,,0.0,,0.0,,,9/27/18,,,,,,,,,POINT (434858.6908378181 4774830.752514733),4986.31,9608.67,15061.48,21484.86,30567.28,5039.61,9857.8,15556.27,22189.84,31469.5
006f100000a86IIAAY,1007666,Rwanda,Rwanda - Kumizero - 1007666,Rejected,Technical,11/15/18,Western Province,Rutsiro,Ruhango,Gatare/gasovu,Kumizero,Koko,,,Project Assessment - 2018.9.27,-1.89091,29.37094,,http://www.worldpop.org.uk/data/summary?doi=10.5258/SOTON/WP00539,11263.0,49574.0,Kabeza,826.0,Gasovu,680.0,,0.0,,0.0,,0.0,,,9/27/18,,,,,,,,,POINT (430016.82460416714 4790921.465715295),2724.07,6264.49,11234.32,18657.11,26337.38,2808.87,6433.28,11596.21,19056.01,27126.68
006f100000a86ILAAY,1007669,Rwanda,Rwanda - Kumubuga - 1007669,Rejected,Social,12/31/13,Western Province,Rutsiro,Mushubati,,Kumubuga,Muregeya,,,Project Pre-Assessment - 2024.4.8,-2.015627,29.428917,4733.0,http://www.worldpop.org.uk/data/summary?doi=10.5258/SOTON/WP00539,2987.0,33984.0,Gituntu,917.0,Bandamiko,1007.0,Kibari,814.0,Mubuga,1017.0,Gashinge,978.0,,0.0,4/8/24,,0.0,,0.0,,0.0,,0.0,POINT (436471.6993949162 4777133.733035887),1543.54,2746.99,4707.43,9725.61,15479.39,1618.73,2826.96,4812.29,9867.66,15809.11
006f100000a86ILAAY,1007669,Rwanda,Rwanda - Kumubuga - 1007669,Rejected,Social,12/31/13,Western Province,Rutsiro,Mushubati,,Kumubuga,Muregeya,,,Project Pre-Assessment - 2024.10.14,-2.015627,29.428917,4931.0,http://www.worldpop.org.uk/data/summary?doi=10.5258/SOTON/WP00539,2987.0,33984.0,Mubuga,1117.0,Karambira,940.0,Gashinge,578.0,Bandamiko,1422.0,Gituntu,874.0,,0.0,10/14/24,,0.0,,0.0,,0.0,,0.0,POINT (436471.6993949162 4777133.733035887),1543.54,2746.99,4707.43,9725.61,15479.39,1618.73,2826.96,4812.29,9867.66,15809.11
006f100000a86IMAAY,1007670,Rwanda,Rwanda - Mwurire-gatoki - 1007670,Identified,Identified in Needs Assessment,12/31/18,Western Province,Rutsiro,Ruhango,Gatare/mwurire,Mwurire-gatoki,Kore,Rwanda Full Scale Research - Randomized but Not Baselined,,Project Assessment - 2018.9.27,-1.89155,29.38262,,http://www.worldpop.org.uk/data/summary?doi=10.5258/SOTON/WP00539,11692.0,46505.0,Gatoki,689.0,Mwurire,850.0,,0.0,,0.0,,0.0,,,9/27/18,,,,,,,,,POINT (431316.30541788717 4790851.166763966),3037.16,7206.06,12681.06,18313.48,23961.27,3043.71,7368.31,12982.58,18637.67,24319.0
006f100000a86IOAAY,1007672,Rwanda,Rwanda - Rutanzogera - 1007672,Complete,In Service,5/5/23,Western Province,Rutsiro,Rusebeya,Ruronde-gashubi,Rutanzogera,Rusebeya,Rwanda Full Scale Research - Randomized and Baselined - Intervention,,Project Assessment - 2018.8.26,-1.95555,29.95166,,http://www.worldpop.org.uk/data/summary?doi=10.5258/SOTON/WP00539,5621.0,28519.0,Rugesha,1380.0,Gisozi,711.0,Gasasa,1346.0,,0.0,,0.0,,,8/25/18,,,,,,,,,POINT (494622.4660143481 4783787.178009324),1969.57,5550.25,9189.46,13558.91,19342.2,2019.78,5763.45,9420.09,13641.04,19843.16
006f100000a86IPAAY,1007673,Rwanda,Rwanda - Murunda - 1007673,Identified,Identified in Needs Assessment,12/31/18,Western Province,Rutsiro,Murunda-gihango,Mburamazi/murunda-,Murunda,,Rwanda Full Scale Research - Randomized but Not Baselined,,Project Pre-Assessment - 2022.11.8,-1.915104,29.370858,4956.0,http://www.worldpop.org.uk/data/summary?doi=10.5258/SOTON/WP00539,8925.0,47495.0,Murunda,763.0,Rugote,817.0,Gisiza,1135.0,Karambi,1153.0,Gihinga,1088.0,,0.0,11/8/22,,0.0,,0.0,,0.0,,0.0,POINT (430008.6772120707 4788246.304278907),2918.87,6366.85,11087.07,15762.75,22095.21,2946.06,6402.4,11264.28,16037.48,22458.44
006f100000a86IPAAY,1007673,Rwanda,Rwanda - Murunda - 1007673,Identified,Identified in Needs Assessment,12/31/18,Western Province,Rutsiro,Murunda-gihango,Mburamazi/murunda-,Murunda,,Rwanda Full Scale Research - Randomized but Not Baselined,,Project Assessment - 2018.8.17,-1.915104,29.370858,,http://www.worldpop.org.uk/data/summary?doi=10.5258/SOTON/WP00539,8925.0,47495.0,Musasa,2100.0,Gihango,1100.0,,0.0,,0.0,,0.0,,,8/17/18,,,,,,,,,POINT (430008.6772120707 4788246.304278907),2918.87,6366.85,11087.07,15762.75,22095.21,2946.06,6402.4,11264.28,16037.48,22458.44
006f100000a86IQAAY,1007674,Rwanda,Rwanda - Kibara - 1007674,Rejected,Technical,11/14/18,Western Province,Rutsiro,Rusebeya,Kabona/kibara,Kibara,Kibara,,,Project Assessment - 2018.9.27,-1.92899,29.4801,,http://www.worldpop.org.uk/data/summary?doi=10.5258/SOTON/WP00539,5359.0,32778.0,Kibara,850.0,Bungwe,900.0,,0.0,,0.0,,0.0,,,9/27/18,,,,,,,,,POINT (442162.5614160334 4786715.015325144),1991.48,3756.7,6012.74,10071.47,14349.2,1974.37,3812.83,6120.78,10235.72,14662.63
006f100000a86ISAAY,1007676,Rwanda,Rwanda - Gatomvu - 1007676,Identified,Requested,11/29/18,Western Province,Rutsiro,Gihango-musasa,Murambi/gatomvu-murama/rwangoma,Gatomvu,koko,Rwanda Full Scale Research - Randomized but Not Baselined,,Project Assessment - 2018.8.17,-1.96638,29.35777,,http://www.worldpop.org.uk/data/summary?doi=10.5258/SOTON/WP00539,4952.0,30642.0,Rwangoma,450.0,Gitomvu,800.0,,0.0,,0.0,,0.0,,,8/17/18,,,,,,,,,POINT (428554.74397155066 4782576.101747968),889.82,3745.83,6751.63,9885.01,15697.42,932.99,3774.48,6821.02,10197.01,16077.46
006f100000a86IUAAY,1007678,Rwanda,Rwanda - Kinyempanda - 1007678,Rejected,Technical,11/14/18,Western Province,Rutsiro,Mukura,Kabuga/miraramo,Kinyempanda,Kinyampanda,,,Project Assessment - 2018.9.27,-2.02475,29.41743,,http://www.worldpop.org.uk/data/summary?doi=10.5258/SOTON/WP00539,5330.0,38032.0,Miraramo,950.0,Gakomoye,856.0,,0.0,,0.0,,0.0,,,9/27/18,,,,,,,,,POINT (435194.18262866326 4776124.547337407),2446.73,5125.9,9318.09,15715.76,22541.85,2447.35,5157.92,9429.14,16039.68,23144.13
006f100000a86IVAAY,1007679,Rwanda,Rwanda - Kazirankomo - 1007679,Rejected,Technical,11/5/18,Western Province,Rutsiro,Musasa-gihango,Murambi/nyagahinga-nyarubuye/gataka,Kazirankomo,,,,Project Assessment - 2018.8.17,-1.954166,29.3577,,http://www.worldpop.org.uk/data/summary?doi=10.5258/SOTON/WP00539,4173.0,33159.0,Musasa,1800.0,Gihango,1200.0,,0.0,,0.0,,0.0,,,8/17/18,,,,,,,,,POINT (428546.43855464715 4783926.618999714),747.47,2843.45,5350.09,10213.43,15854.44,774.56,2964.07,5480.02,10466.38,16223.92
006f100000cME4TAAW,1011301,Rwanda,Rwanda - Ruganda - 1011301,Identified,Identified in Needs Assessment,12/31/18,Western Province,Rutsiro,Rusebeya,Remera,Ruganda,Rutsiro,Rwanda Full Scale Research - Randomized but Not Baselined,,Project Assessment - 2018.3.27,-1.91924,29.47704,2400.0,http://www.worldpop.org.uk/data/summary?doi=10.5258/SOTON/WP00539,5284.0,32500.0,Ruhuha,900.0,Ruganda,1500.0,,0.0,,0.0,,0.0,,,3/27/18,,,,,,,,,POINT (441821.80501528806 4787792.9597258195),1646.32,3688.71,6162.61,9649.74,13633.04,1663.61,3749.58,6327.64,9797.0,13911.05
006f100000cME4TAAW,1011301,Rwanda,Rwanda - Ruganda - 1011301,Identified,Identified in Needs Assessment,12/31/18,Western Province,Rutsiro,Rusebeya,Remera,Ruganda,Rutsiro,Rwanda Full Scale Research - Randomized but Not Baselined,,Project Assessment - 2018.9.27,-1.91924,29.47704,,http://www.worldpop.org.uk/data/summary?doi=10.5258/SOTON/WP00539,5284.0,32500.0,Nturo,850.0,Ruganda,906.0,,0.0,,0.0,,0.0,,,9/27/18,,,,,,,,,POINT (441821.80501528806 4787792.9597258195),1646.32,3688.71,6162.61,9649.74,13633.04,1663.61,3749.58,6327.64,9797.0,13911.05
006f100000cME4YAAW,1011302,Rwanda,Rwanda - Bungwe - 1011302,Rejected,Vehicular Bridge Required,11/29/18,Western Province,Rutsiro,Rusebeya,Mberi,Bungwe,Kibara,,,Project Assessment - 2018.3.28,-1.92295,29.47887,825.0,http://www.worldpop.org.uk/data/summary?doi=10.5258/SOTON/WP00539,5319.0,32881.0,Bungwe,825.0,Ruhuha,0.0,Nturo,0.0,Ruganda,0.0,,0.0,,,3/27/18,,,,,,,,,POINT (442025.5193777032 4787382.810639714),1668.24,3802.38,6423.67,9490.27,13974.71,1739.82,3884.24,6513.11,9604.87,14254.76
006f100000cME4YAAW,1011302,Rwanda,Rwanda - Bungwe - 1011302,Rejected,Vehicular Bridge Required,11/29/18,Western Province,Rutsiro,Rusebeya,Mberi,Bungwe,Kibara,,,Project Assessment - 2018.9.27,-1.92295,29.47887,,http://www.worldpop.org.uk/data/summary?doi=10.5258/SOTON/WP00539,5319.0,32881.0,,0.0,,0.0,,0.0,,0.0,,0.0,,,9/27/18,,,,,,,,,POINT (442025.5193777032 4787382.810639714),1668.24,3802.38,6423.67,9490.27,13974.71,1739.82,3884.24,6513.11,9604.87,14254.76
006f100000cME4dAAG,1011303,Rwanda,Rwanda - Kabona - 1011303,Rejected,Technical,11/5/18,Western Province,Rutsiro,Rusebeya,Kabona,Kabona,,,,Project Assessment - 2018.3.28,-1.9386111,29.45666,3450.0,http://www.worldpop.org.uk/data/summary?doi=10.5258/SOTON/WP00539,6230.0,33235.0,Byiniro,1020.0,Rukondo,595.0,Gitwe,985.0,Rububa,850.0,,0.0,,,3/27/18,,,,,,,,,POINT (439555.1897843508 4785650.400863547),1705.58,4381.61,7818.94,12025.97,16311.17,1746.26,4549.65,7905.52,12243.31,16610.44
006f100000cME4dAAG,1011303,Rwanda,Rwanda - Kabona - 1011303,Rejected,Technical,11/5/18,Western Province,Rutsiro,Rusebeya,Kabona,Kabona,,,,Project Assessment - 2018.8.17,-1.9386111,29.45666,,http://www.worldpop.org.uk/data/summary?doi=10.5258/SOTON/WP00539,6230.0,33235.0,Munini,1200.0,,0.0,,0.0,,0.0,,0.0,,,8/17/18,,,,,,,,,POINT (439555.1897843508 4785650.400863547),1705.58,4381.61,7818.94,12025.97,16311.17,1746.26,4549.65,7905.52,12243.31,16610.44
006f100000cME4nAAG,1011304,Rwanda,Rwanda - Nyamakanda - 1011304,Rejected,Vehicular Bridge Required,12/12/18,Western Province,Rutsiro,Rusebeya,Kabona,Nyamakanda,Nyamakanda,,,Project Assessment - 2018.3.28,-1.948219,29.479638,800.0,http://www.worldpop.org.uk/data/summary?doi=10.5258/SOTON/WP00539,5293.0,31294.0,Kagano,800.0,Nyagasambu,0.0,Rurimba,0.0,Marimba,0.0,Gakeri,0.0,,,3/27/18,,,,,,,,,POINT (442111.81700828 4784588.866987863),2125.48,3938.78,7284.5,11323.91,15596.28,2157.05,4057.22,7481.64,11566.89,15965.09
006f100000cME4nAAG,1011304,Rwanda,Rwanda - Nyamakanda - 1011304,Rejected,Vehicular Bridge Required,12/12/18,Western Province,Rutsiro,Rusebeya,Kabona,Nyamakanda,Nyamakanda,,,Project Assessment - 2018.12.12,-1.948219,29.479638,,http://www.worldpop.org.uk/data/summary?doi=10.5258/SOTON/WP00539,5293.0,31294.0,,0.0,,0.0,,0.0,,0.0,,0.0,,,12/12/18,,,,,,,,,POINT (442111.81700828 4784588.866987863),2125.48,3938.78,7284.5,11323.91,15596.28,2157.05,4057.22,7481.64,11566.89,15965.09
006f100000cME4sAAG,1011305,Rwanda,Rwanda - Rukorobeza - 1011305,Rejected,Technical,11/15/18,Western Province,Rutsiro,Rusebeya,Mberi/gakeri-marimba,Rukorobeza,,,,Project Assessment - 2018.3.28,-1.94222,29.485,4330.0,http://www.worldpop.org.uk/data/summary?doi=10.5258/SOTON/WP00539,4981.0,31201.0,Marimba,800.0,Gakeri,1200.0,Kabona,900.0,Rulimba,580.0,Bungwe,850.0,,,3/27/18,,,,,,,,,POINT (442708.1318150361 4785252.353556066),1711.25,3730.6,6684.29,10574.93,14581.68,1739.58,3734.34,6744.22,10778.31,14797.91
006f100000cME4sAAG,1011305,Rwanda,Rwanda - Rukorobeza - 1011305,Rejected,Technical,11/15/18,Western Province,Rutsiro,Rusebeya,Mberi/gakeri-marimba,Rukorobeza,,,,Project Assessment - 2018.8.25,-1.94222,29.485,,http://www.worldpop.org.uk/data/summary?doi=10.5258/SOTON/WP00539,4981.0,31201.0,Gakeri,536.0,Marimba,957.0,Nyagasambu,1028.0,,0.0,,0.0,,,8/25/18,,,,,,,,,POINT (442708.1318150361 4785252.353556066),1711.25,3730.6,6684.29,10574.93,14581.68,1739.58,3734.34,6744.22,10778.31,14797.91
006f100000cME4xAAG,1011306,Rwanda,Rwanda - Nyagatare - 1011306,Rejected,Technical,11/15/18,Western Province,Rutsiro,Rusebeya,Kabeza-rulindo-gakeri,Nyagatare,,,,Project Assessment - 2018.3.28,-1.94833,29.493611,2354.0,http://www.worldpop.org.uk/data/summary?doi=10.5258/SOTON/WP00539,4470.0,29789.0,Kabeza,654.0,Nyamibumbwe,800.0,Gakeli,900.0,,0.0,,0.0,,,3/27/18,,,,,,,,,POINT (443666.302052235 4784577.067370007),1800.42,3679.31,6246.25,9731.57,13125.03,1791.41,3748.92,6362.27,9928.57,13395.19
006f100000cME4xAAG,1011306,Rwanda,Rwanda - Nyagatare - 1011306,Rejected,Technical,11/15/18,Western Province,Rutsiro,Rusebeya,Kabeza-rulindo-gakeri,Nyagatare,,,,Project Assessment - 2018.8.25,-1.94833,29.493611,,http://www.worldpop.org.uk/data/summary?doi=10.5258/SOTON/WP00539,4470.0,29789.0,Kabeza,647.0,Rurimba,605.0,Gakeri,536.0,,0.0,,0.0,,,8/25/18,,,,,,,,,POINT (443666.302052235 4784577.067370007),1800.42,3679.31,6246.25,9731.57,13125.03,1791.41,3748.92,6362.27,9928.57,13395.19
006f100000cME57AAG,1011307,Rwanda,Rwanda - Kazo - 1011307,Complete,In Service,8/21/19,Western Province,Rutsiro,Nyabirasi,Ngoma,Kazo,Sebeya,2019 Rwanda Research Pilot - Bridge Sites,,Project Assessment - 2018.3.28,-1.77286,29.37514,,http://www.worldpop.org.uk/data/summary?doi=10.5258/SOTON/WP00539,5762.0,32024.0,Kazo,770.0,Gashihe,985.0,Nkuna,885.0,Gisayo,735.0,,0.0,,,3/27/18,,,,,,,,,POINT (430479.54416399804 4803974.536215473),2156.18,4005.38,6507.02,10640.18,13768.22,2184.69,4003.36,6542.52,10682.8,13923.88
006f100000cME57AAG,1011307,Rwanda,Rwanda - Kazo - 1011307,Complete,In Service,8/21/19,Western Province,Rutsiro,Nyabirasi,Ngoma,Kazo,Sebeya,2019 Rwanda Research Pilot - Bridge Sites,,Project Assessment - 2018.7.11,-1.77286,29.37514,,http://www.worldpop.org.uk/data/summary?doi=10.5258/SOTON/WP00539,5762.0,32024.0,Kazo,770.0,Gashihe,985.0,Nkuna,885.0,Gisayo,735.0,,0.0,,,7/10/18,,,,,,,,,POINT (430479.54416399804 4803974.536215473),2156.18,4005.38,6507.02,10640.18,13768.22,2184.69,4003.36,6542.52,10682.8,13923.88
006f100000cME57AAG,1011307,Rwanda,Rwanda - Kazo - 1011307,Complete,In Service,8/21/19,Western Province,Rutsiro,Nyabirasi,Ngoma,Kazo,Sebeya,2019 Rwanda Research Pilot - Bridge Sites,,Project Assessment - 2018.12.10,-1.77286,29.37514,,http://www.worldpop.org.uk/data/summary?doi=10.5258/SOTON/WP00539,5762.0,32024.0,Kazo,1230.0,Gashihe,9680.0,Nkuna,1235.0,,0.0,,0.0,,,12/9/18,,,,,,,,,POINT (430479.54416399804 4803974.536215473),2156.18,4005.38,6507.02,10640.18,13768.22,2184.69,4003.36,6542.52,10682.8,13923.88
006f100000cME5HAAW,1011309,Rwanda,Rwanda - Nkuna - 1011309,Complete,In Service,8/6/19,Western Province,Rutsiro,Nyabirasi,Ngoma/nkuna,Nkuna,Sebeya,2019 Rwanda Research Pilot - Bridge Sites,,Project Assessment - 2018.3.28,-1.762997,29.376837,,http://www.worldpop.org.uk/data/summary?doi=10.5258/SOTON/WP00539,7206.0,35626.0,Nkuna,885.0,Keshero,635.0,Gashihe,985.0,,0.0,,0.0,,,3/27/18,,,,,,,,,POINT (430667.98994092096 4805065.160094884),2457.54,5145.69,7907.9,11793.52,16125.51,2523.86,5153.33,8039.19,11873.7,16420.04
006f100000cME5HAAW,1011309,Rwanda,Rwanda - Nkuna - 1011309,Complete,In Service,8/6/19,Western Province,Rutsiro,Nyabirasi,Ngoma/nkuna,Nkuna,Sebeya,2019 Rwanda Research Pilot - Bridge Sites,,Project Assessment - 2018.12.10,-1.762997,29.376837,,http://www.worldpop.org.uk/data/summary?doi=10.5258/SOTON/WP00539,7206.0,35626.0,Nkuna,809.0,Keshero,1890.0,,0.0,,0.0,,0.0,,,12/9/18,,,,,,,,,POINT (430667.98994092096 4805065.160094884),2457.54,5145.69,7907.9,11793.52,16125.51,2523.86,5153.33,8039.19,11873.7,16420.04
006f100000cME5MAAW,1011310,Rwanda,Rwanda - Gisozi - 1011310,Identified,Identified in Needs Assessment,12/31/18,Western Province,Rutsiro,Rusebeya,Gisozi-ruganda,Gisozi,,Rwanda Full Scale Research - Randomized but Not Baselined,,Project Assessment - 2018.3.28,-1.953832,29.532291,,http://www.worldpop.org.uk/data/summary?doi=10.5258/SOTON/WP00539,5762.0,29116.0,Gisozi,830.0,Gashubi,0.0,Rugeshi,1385.0,Ruganda,1225.0,,0.0,,,3/27/18,,,,,,,,,POINT (447969.562350578 4783969.964751784),2058.31,3971.62,6404.34,9238.7,13207.59,2108.16,4076.61,6716.04,9515.42,13487.28
006f100000cME5MAAW,1011310,Rwanda,Rwanda - Gisozi - 1011310,Identified,Identified in Needs Assessment,12/31/18,Western Province,Rutsiro,Rusebeya,Gisozi-ruganda,Gisozi,,Rwanda Full Scale Research - Randomized but Not Baselined,,Project Assessment - 2018.8.25,-1.953832,29.532291,,http://www.worldpop.org.uk/data/summary?doi=10.5258/SOTON/WP00539,5762.0,29116.0,Gisozi,700.0,Ruganda,1150.0,Rugesha,1380.0,,0.0,,0.0,,,8/25/18,,,,,,,,,POINT (447969.562350578 4783969.964751784),2058.31,3971.62,6404.34,9238.7,13207.59,2108.16,4076.61,6716.04,9515.42,13487.28
006f100000cME5RAAW,1011311,Rwanda,Rwanda - Busuti - 1011311,Rejected,Local Investment,7/16/18,Western Province,Rutsiro,Nyabirasi,Ngoma-Busuku,Busuti,Sebeya,,,Project Assessment - 2018.3.28,-1.7553,29.373762,2030.0,http://www.worldpop.org.uk/data/summary?doi=10.5258/SOTON/WP00539,8651.0,41915.0,Busuti,510.0,Keshero,635.0,Nkuna,885.0,,0.0,,0.0,,,3/27/18,,,,,,,,,POINT (430325.571671562 4805916.109552653),2856.98,5909.81,10162.27,14504.99,20034.66,2876.59,5973.52,10285.78,14605.25,20456.58
006f100000cME5bAAG,1011313,Rwanda,Rwanda - Nyiramusenyi - 1011313,Rejected,Vehicular Bridge Required,12/12/18,Western Province,Rutsiro,Rusebeya,Kabona,Nyiramusenyi,Nyiramusenyi,,,Project Assessment - 2018.3.28,-1.94245,29.470675,1970.0,http://www.worldpop.org.uk/data/summary?doi=10.5258/SOTON/WP00539,5782.0,32718.0,Nyasambu,1100.0,Kibara,870.0,,0.0,,0.0,,0.0,,,3/27/18,,,,,,,,,POINT (441114.49094863195 4785226.430388293),1843.93,3770.73,7412.8,11451.0,16082.41,1941.89,3899.13,7577.64,11661.01,16482.28
006f100000cME5bAAG,1011313,Rwanda,Rwanda - Nyiramusenyi - 1011313,Rejected,Vehicular Bridge Required,12/12/18,Western Province,Rutsiro,Rusebeya,Kabona,Nyiramusenyi,Nyiramusenyi,,,Project Assessment - 2018.12.12,-1.94245,29.470675,,http://www.worldpop.org.uk/data/summary?doi=10.5258/SOTON/WP00539,5782.0,32718.0,,0.0,,0.0,,0.0,,0.0,,0.0,,,12/12/18,,,,,,,,,POINT (441114.49094863195 4785226.430388293),1843.93,3770.73,7412.8,11451.0,16082.41,1941.89,3899.13,7577.64,11661.01,16482.28
006f100000cME5gAAG,1011314,Rwanda,Rwanda - Marimba - 1011314,Rejected,Technical,11/15/18,Western Province,Rutsiro,Rusebeya,Kabona/kibara-kamberi/marimba,Marimba,,,,Project Assessment - 2018.3.28,-1.935,29.47888,1530.0,http://www.worldpop.org.uk/data/summary?doi=10.5258/SOTON/WP00539,5327.0,32513.0,Kibara,530.0,Marimba,1000.0,,0.0,,0.0,,0.0,,,3/27/18,,,,,,,,,POINT (442027.03980013775 4786050.453685314),1678.54,3887.28,6835.75,10315.83,14549.15,1652.36,3912.84,6934.23,10553.58,14905.24
006f100000cME5gAAG,1011314,Rwanda,Rwanda - Marimba - 1011314,Rejected,Technical,11/15/18,Western Province,Rutsiro,Rusebeya,Kabona/kibara-kamberi/marimba,Marimba,,,,Project Assessment - 2018.8.17,-1.935,29.47888,,http://www.worldpop.org.uk/data/summary?doi=10.5258/SOTON/WP00539,5327.0,32513.0,Marimba,450.0,Kibara,250.0,,0.0,,0.0,,0.0,,,8/17/18,,,,,,,,,POINT (442027.03980013775 4786050.453685314),1678.54,3887.28,6835.75,10315.83,14549.15,1652.36,3912.84,6934.23,10553.58,14905.24
006f100000cME5vAAG,1011316,Rwanda,Rwanda - Mungoti - 1011316,Rejected,Vehicular Bridge Required,12/9/18,Western Province,Rutsiro,Rusebeya,Remera/ruramba,Mungoti,Erosion,,,Project Assessment - 2018.3.28,-1.892213,29.456516,,http://www.worldpop.org.uk/data/summary?doi=10.5258/SOTON/WP00539,4781.0,25085.0,Rurambo,920.0,Kiyanja,930.0,Shyebe,930.0,,0.0,,0.0,,,3/27/18,,,,,,,,,POINT (439537.543204378 4790780.608371404),1356.8,3240.95,5291.93,7863.83,10903.47,1391.32,3263.48,5340.02,8075.07,11059.46
006f100000cME5vAAG,1011316,Rwanda,Rwanda - Mungoti - 1011316,Rejected,Vehicular Bridge Required,12/9/18,Western Province,Rutsiro,Rusebeya,Remera/ruramba,Mungoti,Erosion,,,Project Assessment - 2018.12.10,-1.892213,29.456516,,http://www.worldpop.org.uk/data/summary?doi=10.5258/SOTON/WP00539,4781.0,25085.0,,0.0,,0.0,,0.0,,0.0,,0.0,,,12/9/18,,,,,,,,,POINT (439537.543204378 4790780.608371404),1356.8,3240.95,5291.93,7863.83,10903.47,1391.32,3263.48,5340.02,8075.07,11059.46
006f100000cPRfwAAG,1012433,Rwanda,Rwanda - Kinyanja - 1012433,Complete,In Service,4/26/23,Western Province,Rutsiro,Nyabirasi,Ngoma,Kinyanja,Sebeya,,,Project Assessment - 2018.8.6,-1.790933,29.381622,,http://www.worldpop.org.uk/data/summary?doi=10.5258/SOTON/WP00539,2363.0,19131.0,Karabata,561.0,Gashihe,1291.0,,0.0,,0.0,,0.0,,,8/6/18,,,,,,,,,POINT (431201.41521305643 4801976.43290409),496.71,1322.32,3154.0,4363.76,5781.0,453.35,1283.76,3111.66,4359.96,5811.83
006f100000cPXEEAA4,1012457,Rwanda,Rwanda - Mugeri - 1012457,Complete,In Service,3/6/19,Western Province,Rutsiro,Mushubati,Cyarusera - Kabuga,Mugeri,Muregeya,2019 Rwanda Research Pilot - Bridge Sites,,Project Assessment - 2018.7.11,-2.02409,29.41401,,http://www.worldpop.org.uk/data/summary?doi=10.5258/SOTON/WP00539,5576.0,38385.0,Mugeri,890.0,Miraramo,344.0,Sanzare,500.0,Gihara,500.0,Bandamiko,500.0,,,7/10/18,,,,,,,,,POINT (434813.69789064367 4776197.3867271105),2148.14,5111.46,10291.92,16140.4,23605.96,2062.79,5070.23,10277.33,16572.74,24179.01
006f100000cPXEEAA4,1012457,Rwanda,Rwanda - Mugeri - 1012457,Complete,In Service,3/6/19,Western Province,Rutsiro,Mushubati,Cyarusera - Kabuga,Mugeri,Muregeya,2019 Rwanda Research Pilot - Bridge Sites,,Project Assessment - 2018.9.27,-2.02409,29.41401,,http://www.worldpop.org.uk/data/summary?doi=10.5258/SOTON/WP00539,5576.0,38385.0,Miraramo,750.0,Cyarusera cell,4390.0,,0.0,,0.0,,0.0,,,9/27/18,,,,,,,,,POINT (434813.69789064367 4776197.3867271105),2148.14,5111.46,10291.92,16140.4,23605.96,2062.79,5070.23,10277.33,16572.74,24179.01
006f100000cx4V4AAI,1012004,Rwanda,Rwanda - Bunihiri - 1012004,Rejected,Technical,11/29/18,Western Province,Rutsiro,RUSEBEYA,Nyamibombwe-kabeza,Bunihiri,Bunihiri,,,Project Assessment - 2018.9.24,-1.95277,29.49722,,http://www.worldpop.org.uk/data/summary?doi=10.5258/SOTON/WP00539,3817.0,29301.0,,0.0,,0.0,,0.0,,0.0,,0.0,,,9/24/18,,,,,,,,,POINT (444067.9455118574 4784086.262200485),1791.4,3869.18,5997.84,8620.95,12526.93,1795.6,3859.65,6119.49,8772.21,12738.3
006f100000cx4bNAAQ,1012004,Rwanda,Rwanda - Rusayo - 1012004,Complete,In Service,1/31/23,Western Province,Rutsiro,Rusebeya-manihira-mushubati,Kabona/byiniro-haniro/rukondo-gitwa/rububa,Rusayo,Muregeya,Rwanda Full Scale Research - Randomized and Baselined - Intervention,,Project Assessment - 2018.8.17,-1.96222,29.461388,,http://www.worldpop.org.uk/data/summary?doi=10.5258/SOTON/WP00539,6115.0,30969.0,Haniro,800.0,Gitwa,600.0,Kabona,800.0,,0.0,,0.0,,,8/17/18,,,,,,,,,POINT (440082.01527281135 4783040.1466933675),1885.11,4000.03,6995.99,11394.46,16660.6,1973.24,4027.37,7084.19,11703.92,16956.49
006f100000d6kvOAAQ,1012812,Rwanda,Rwanda - Mucyebera - 1012812,Rejected,Technical,11/15/18,Western Province,Rutsiro,Mushabati/bumba,Kabiraho,Mucyebera,,,,Project Assessment - 2018.8.17,-1.974166,29.3933,,http://www.worldpop.org.uk/data/summary?doi=10.5258/SOTON/WP00539,5976.0,35113.0,Mukebera,1350.0,Kabiraho,1250.0,,0.0,,0.0,,0.0,,,8/17/18,,,,,,,,,POINT (432507.7659793492 4781716.676119484),2849.33,5661.4,8560.94,11595.42,16016.64,2825.83,5672.07,8638.83,11628.38,16185.6
006f100000d6kvTAAQ,1012813,Rwanda,Rwanda - Kiruri - 1012813,Complete,In Service,3/2/20,Western Province,Rutsiro,Mushubati,Bumba/bisyo,Kiruri,Kiruri,Rwanda Full Scale Research - Randomized and Lost,,Project Assessment - 2018.8.17,-1.985833,29.40916,,http://www.worldpop.org.uk/data/summary?doi=10.5258/SOTON/WP00539,5508.0,32585.0,Bisyo,890.0,Ruhinga,1000.0,Rwintore,800.0,Ruhinga,600.0,,0.0,,,8/17/18,,,,,,,,,POINT (434272.63216623134 4780427.285925162),1279.31,3550.05,6380.19,10813.61,16061.32,1192.8,3552.11,6546.3,10950.83,16202.41
006f100000d6kvYAAQ,1012814,Rwanda,Rwanda - Kabiraho - 1012814,Rejected,Technical,11/11/18,Western Province,Rutsiro,Mushubati-gihango,Bumba/kabiraho,Kabiraho,,,,Project Assessment - 2018.8.17,-1.9775,29.385,,http://www.worldpop.org.uk/data/summary?doi=10.5258/SOTON/WP00539,6347.0,35716.0,Nduba,858.0,Kabiraho,900.0,Karamabi,700.0,,0.0,,0.0,,,8/17/18,,,,,,,,,POINT (431584.53500662785 4781347.693481218),2758.03,5983.06,9438.62,13723.01,17599.02,2840.91,6063.96,9546.05,13851.78,17882.07
006f100000d6kvdAAA,1012815,Rwanda,Rwanda - Nyarusange - 1012815,Complete,In Service,1/12/23,Western Province,Rutsiro,Mushubati,Mageragera/nyarusange-bumba/kabiraho,Nyarusange,Musasa,Rwanda Full Scale Research - Randomized but Not Baselined,,Project Assessment - 2018.8.17,-1.9955,29.3925,,http://www.worldpop.org.uk/data/summary?doi=10.5258/SOTON/WP00539,7036.0,34860.0,Nyarusange,950.0,Karambi,800.0,,0.0,,0.0,,0.0,,,8/17/18,,,,,,,,,POINT (432419.6330718942 4779357.7263495745),2046.99,5051.79,9000.45,14149.85,19723.56,2144.7,5095.93,9317.21,14358.22,20050.57
006f100000d6wJrAAI,1012986,Rwanda,Rwanda - Kirumbi - 1012986,Complete,In Service,5/27/20,Western Province,Rutsiro,Rusebeya-Sovu,Ruronde-kanyana,Kirumbi,Satinsyi,Rwanda Full Scale Research - Randomized and Lost,,Project Assessment - 2018.8.26,-1.94833,29.493611,,http://www.worldpop.org.uk/data/summary?doi=10.5258/SOTON/WP00539,4470.0,29789.0,Mugobate,1760.0,Kirumbi,747.0,Nyamubambwe,787.0,,0.0,,0.0,,,8/25/18,,,,,,,,,POINT (443666.302052235 4784577.067370007),1800.42,3679.31,6246.25,9731.57,13125.03,1791.41,3748.92,6362.27,9928.57,13395.19
006f100000d6wJwAAI,1012987,Rwanda,Rwanda - Kano ya mukebera - 1012987,Rejected,Technical,12/21/18,Western Province,Rutsiro,Gihango,Congo Nile-bugina,Kano ya mukebera,,,,Project Assessment - 2018.8.25,-1.9788,29.378611,,http://www.worldpop.org.uk/data/summary?doi=10.5258/SOTON/WP00539,6371.0,35684.0,Nkwiro,248.0,Gishushu,570.0,,0.0,,0.0,,0.0,,,8/25/18,,,,,,,,,POINT (430873.81885299867 4781203.686446909),1747.24,4998.07,9700.92,13723.22,17853.97,1802.37,5009.12,9936.56,13920.3,18128.41
006f100000d6wK6AAI,1012988,Rwanda,Rwanda - Mwishokero - 1012988,Rejected,Technical,11/16/18,Western Province,Rutsiro,Gihango,Congo nile/mucyebera,Mwishokero,,,,Project Assessment - 2018.8.25,-1.97027,29.3844,,http://www.worldpop.org.uk/data/summary?doi=10.5258/SOTON/WP00539,5877.0,35470.0,Kabiraho,974.0,Gishushu,570.0,Mucyebera,1250.0,,0.0,,0.0,,,8/25/18,,,,,,,,,POINT (431517.48977353494 4782147.096679811),3282.77,6509.29,8891.8,13206.94,17312.82,3330.94,6549.5,9039.12,13375.13,17587.67
006f100000d6wKBAAY,1012989,Rwanda,Rwanda - Mucyebera - 1012989,Rejected,Technical,11/14/18,Western Province,Rutsiro,Gihango,Congo Nile,Mucyebera,,,,Project Assessment - 2018.3.28,-1.9316666,29.4955555,,http://www.worldpop.org.uk/data/summary?doi=10.5258/SOTON/WP00539,5157.0,30980.0,Gihinga,730.0,Gashihe,590.0,Bungwe,0.0,Marimba,0.0,,0.0,,,3/27/18,,,,,,,,,POINT (443882.0761675763 4786419.584307438),1308.34,2954.32,5412.93,8936.7,13564.78,1316.31,2998.77,5531.56,9100.71,13758.99
006f100000d6wKBAAY,1012989,Rwanda,Rwanda - Mucyebera - 1012989,Rejected,Technical,11/14/18,Western Province,Rutsiro,Gihango,Congo Nile,Mucyebera,,,,Project Assessment - 2018.8.26,-1.9316666,29.4955555,,http://www.worldpop.org.uk/data/summary?doi=10.5258/SOTON/WP00539,5157.0,30980.0,Gihinga,614.0,Gashihe,563.0,,0.0,,0.0,,0.0,,,8/25/18,,,,,,,,,POINT (443882.0761675763 4786419.584307438),1308.34,2954.32,5412.93,8936.7,13564.78,1316.31,2998.77,5531.56,9100.71,13758.99
006f100000d6wKBAAY,1012989,Rwanda,Rwanda - Mucyebera - 1012989,Rejected,Technical,11/14/18,Western Province,Rutsiro,Gihango,Congo Nile,Mucyebera,,,,Project Assessment - 2018.8.25,-1.9316666,29.4955555,,http://www.worldpop.org.uk/data/summary?doi=10.5258/SOTON/WP00539,5157.0,30980.0,Mukebera,1250.0,Nduba,1226.0,,0.0,,0.0,,0.0,,,8/25/18,,,,,,,,,POINT (443882.0761675763 4786419.584307438),1308.34,2954.32,5412.93,8936.7,13564.78,1316.31,2998.77,5531.56,9100.71,13758.99
006f100000d6wKGAAY,1012990,Rwanda,Rwanda - Nyamazi - 1012990,Rejected,Technical,11/16/18,Western Province,Rutsiro,Gihango,Congo nile/ mucyebera,Nyamazi,,,,Project Assessment - 2018.8.25,-1.975,29.38805,,http://www.worldpop.org.uk/data/summary?doi=10.5258/SOTON/WP00539,6132.0,35506.0,Mukebera,1250.0,,0.0,,0.0,,0.0,,0.0,,,8/25/18,,,,,,,,,POINT (431923.74238768796 4781624.246033189),3476.52,6106.33,9038.63,12738.57,16801.8,3506.44,6188.26,9153.27,12812.94,17017.0
006f100000d6wMbAAI,1012991,Rwanda,Rwanda - Bisomera 1 - 1012991,Rejected,Vehicular Bridge Required,8/30/18,Western Province,Rutsiro,Rusebeya,Mberi/ruganda,Bisomera 1,,,,Project Assessment - 2018.8.25,-1.9222,29.473611,,http://www.worldpop.org.uk/data/summary?doi=10.5258/SOTON/WP00539,5401.0,32925.0,Ruganda,644.0,Nturo,532.0,Gahunga,872.0,,0.0,,0.0,,,8/25/18,,,,,,,,,POINT (441440.4260467209 4787465.558036166),1724.16,3724.15,6273.45,9860.52,14180.25,1772.97,3776.23,6397.93,10027.62,14360.39
006f100000d7capAAA,1013595,Rwanda,Rwanda - Bisomera - 1013595,Rejected,Technical,11/11/18,Western Province,Rutsiro,Rusebeya,Mberi/ruganda-kacyiru,Bisomera,Nyamyotsi,,,Project Assessment - 2018.9.24,-1.9233,29.469722,,http://www.worldpop.org.uk/data/summary?doi=10.5258/SOTON/WP00539,5548.0,33074.0,Kacyiru,750.0,Ruganda,644.0,,0.0,,0.0,,0.0,,,9/24/18,,,,,,,,,POINT (441007.80908565654 4787343.798064799),1707.95,3576.68,6745.25,10203.12,14069.48,1697.27,3615.28,6860.31,10378.89,14424.78
006f100000d7cerAAA,1013596,Rwanda,Rwanda - Gitunu - 1013596,Rejected,Vehicular Bridge Required,11/29/18,Western Province,Rutsiro,Musasa,Gisiza/gihinga,Gitunu,Erosion,,,Project Assessment - 2018.9.24,,,,,,,Gisiza,1.0,,0.0,,0.0,,0.0,,0.0,,,9/24/18,,,,,,,,,POINT (Infinity Infinity),,,,,,,,,,
006f100000d7cxUAAQ,1013605,Rwanda,Rwanda - Mohora - 1013605,Rejected,Technical,11/11/18,Western Province,Rutsiro,Gihango,Murambi/muhoro,Mohora,Mucyebera,,,Project Assessment - 2018.9.24,-1.97905,29.36179,,http://www.worldpop.org.uk/data/summary?doi=10.5258/SOTON/WP00539,5414.0,30464.0,Muhora,710.0,Kagarama,211.0,,0.0,,0.0,,0.0,,,9/24/18,,,,,,,,,POINT (429002.5070822729 4781175.333293502),1416.28,3550.48,6360.37,10575.35,16169.57,1466.47,3551.54,6469.52,10832.95,16407.09
006f100000d7iPrAAI,1013624,Rwanda,Rwanda - Gisiza - 1013624,Rejected,Technical,11/14/18,Western Province,Rutsiro,Boneza,Nkira/gisiza,Gisiza,Muhondo,,,Project Assessment - 2018.9.27,-1.92376,29.32233,,http://www.worldpop.org.uk/data/summary?doi=10.5258/SOTON/WP00539,7350.0,33971.0,Gisiza,875.0,Syiki,822.0,,0.0,,0.0,,0.0,,,9/27/18,,,,,,,,,POINT (424610.1284636422 4787287.1333620595),1558.83,4527.46,8749.3,12994.16,18267.29,1560.89,4602.81,8800.01,13142.27,18488.36
006f100000d7iQ1AAI,1013625,Rwanda,Rwanda - Kamujyambere - 1013625,Rejected,Technical,11/12/18,Western Province,Rutsiro,Kivumu,Kabere/burambo,Kamujyambere,Nyamwenda,,,Project Assessment - 2018.9.27,-1.76314,29.30402,,http://www.worldpop.org.uk/data/summary?doi=10.5258/SOTON/WP00539,16300.0,72632.0,Burambo,818.0,Gihari,610.0,,0.0,,0.0,,0.0,,,9/27/18,,,,,,,,,POINT (422566.12612294196 4805046.47874294),3405.02,11251.83,19379.55,27782.47,39244.52,3584.89,11399.32,19554.98,28055.96,40463.58
006f100000d7iQBAAY,1013626,Rwanda,Rwanda - Bahimba - 1013626,Complete,In Service,1/27/23,Western Province,Rutsiro,Kivumu,Kabere/burambo,Bahimba,Nyamwenda,Rwanda Full Scale Research - Randomized and Baselined - Intervention,,Project Assessment - 2018.9.27,-1.7628,29.30777,,http://www.worldpop.org.uk/data/summary?doi=10.5258/SOTON/WP00539,16558.0,73924.0,Burambo,818.0,Gihari,610.0,,0.0,,0.0,,0.0,,,9/27/18,,,,,,,,,POINT (422983.35296451603 4805084.228878787),3621.66,11549.28,18435.41,28834.93,37152.32,3824.68,11632.26,18881.2,29286.02,37815.36
006f100000d7iQuAAI,1013629,Rwanda,Rwanda - Mujebeshi - 1013629,Rejected,Technical,11/10/18,Western Province,Rutsiro,Rusebeya,Kabona/murengeri,Mujebeshi,Mujebeshi,,,Project Assessment - 2018.9.27,-1.92009,29.46229,,http://www.worldpop.org.uk/data/summary?doi=10.5258/SOTON/WP00539,5809.0,32267.0,Murengeri,850.0,Rufungo,711.0,,0.0,,0.0,,0.0,,,9/27/18,,,,,,,,,POINT (440180.8805014243 4787698.467073406),1640.62,3890.27,6821.65,9318.43,13977.54,1657.88,3971.74,6912.35,9496.68,14277.25
006f100000d7iR9AAI,1013630,Rwanda,Rwanda - Rufungo - 1013630,Rejected,Technical,11/16/18,Western Province,Rutsiro,Manihira,Muyira/mujebeshi,Rufungo,Mujebeshi,,,Project Assessment - 2018.9.27,-1.92623,29.44603,,http://www.worldpop.org.uk/data/summary?doi=10.5258/SOTON/WP00539,5862.0,31889.0,Mujebeshi,667.0,Rufungo,711.0,,0.0,,0.0,,0.0,,,9/27/18,,,,,,,,,POINT (438372.1538087259 4787018.991930855),1772.15,4005.58,7077.12,10377.61,14586.73,1821.82,4052.93,7238.61,10610.15,14858.24
006f100000d7iROAAY,1013631,Rwanda,Rwanda - Kirinja - 1013631,Rejected,Technical,11/15/18,Western Province,Rutsiro,Ruhango,Gatare/kirinja,Kirinja,Koko,,,Project Assessment - 2018.9.27,-1.87014,29.37139,,http://www.worldpop.org.uk/data/summary?doi=10.5258/SOTON/WP00539,8461.0,47894.0,Kirinja,450.0,Nyundo,650.0,,0.0,,0.0,,0.0,,,9/27/18,,,,,,,,,POINT (430066.0624398626 4793218.045573586),2012.76,5195.21,10594.82,15006.95,21394.05,2070.51,5491.88,11022.3,15516.74,22012.43
006f100000d7iRdAAI,1013632,Rwanda,Rwanda - Gihinga - 1013632,Identified,,12/31/25,Western Province,Rutsiro,Musasa,Gisiza/gihinga,Gihinga,Koko,Rwanda Full Scale Research - Randomized but Not Baselined,,Project Assessment - 2018.9.27,-1.93229,29.36963,,http://www.worldpop.org.uk/data/summary?doi=10.5258/SOTON/WP00539,6541.0,41816.0,Gihinga,900.0,Karambo,1455.0,Karambi,950.0,,0.0,,0.0,,,9/27/18,,,,,,,,,POINT (429872.75993797544 4786345.977600118),1256.15,4274.0,8470.74,13024.56,18584.31,1286.1,4369.1,8607.18,13113.32,18842.55
006f100000d7iRnAAI,1013633,Rwanda,Rwanda - Ruhengeri 2 - 1013633,Rejected,Technical,11/12/18,Western Province,Rutsiro,Mushonyi,Rurara/Ruhengeri,Ruhengeri 2,Nangamurimbo,,,Project Assessment - 2018.9.27,-1.88027,29.34277,,http://www.worldpop.org.uk/data/summary?doi=10.5258/SOTON/WP00539,9162.0,54817.0,Ruhengeri,519.0,,0.0,,0.0,,0.0,,0.0,,,9/27/18,,,,,,,,,POINT (426882.3217010527 4792096.788037021),2961.09,6281.61,10704.15,16853.11,23093.29,3110.42,6563.19,10985.96,17330.1,23663.23
006f100000d7iRsAAI,1013634,Rwanda,Rwanda - Ruhengeri - 1013634,Rejected,Technical,11/10/18,Western Province,Rutsiro,Mushonyi,Rurara/ruhengeri,Ruhengeri,Nangumurimbo,,,Project Assessment - 2018.9.27,-1.880833,29.341388,,http://www.worldpop.org.uk/data/summary?doi=10.5258/SOTON/WP00539,9176.0,55043.0,Ruhengeri,519.0,Kagano,533.0,,0.0,,0.0,,0.0,,,9/27/18,,,,,,,,,POINT (426728.5891206484 4792034.478207871),2950.22,6097.91,10892.84,16590.1,22661.29,2943.43,6381.7,11201.62,16928.75,23237.25
006f100000d7iSMAAY,1013635,Rwanda,Rwanda - Kagano - 1013635,Rejected,Technical,11/11/18,Western Province,Rutsiro,Mushonyi,Rurara/kagano,Kagano,Nangamurimbo,,,Project Assessment - 2018.9.27,-1.876944,29.348055,,http://www.worldpop.org.uk/data/summary?doi=10.5258/SOTON/WP00539,9300.0,53844.0,Kagano,533.0,Mukati,800.0,Gisunzu,750.0,Kashishi,613.0,,0.0,,,9/27/18,,,,,,,,,POINT (427470.173121924 4792464.769606806),3080.53,6715.4,11581.98,17816.65,23811.15,3231.55,6979.85,12156.75,18300.91,24453.98
006f100000d7iSlAAI,1013636,Rwanda,Rwanda - Rucamahembe - 1013636,Rejected,Technical,11/11/18,Western Province,Rutsiro,Kigeyo,Buhindure/gisiza,Rucamahembe,Rucamahembe,,,Project Assessment - 2018.9.27,-1.81695,29.29326,,http://www.worldpop.org.uk/data/summary?doi=10.5258/SOTON/WP00539,9853.0,47954.0,Gisiza,860.0,,0.0,,0.0,,0.0,,0.0,,,9/27/18,,,,,,,,,POINT (421371.21395398985 4799096.107940282),2720.18,5325.03,8941.13,13962.96,19201.41,2746.85,5271.68,8940.61,14001.6,19126.35
006f100000d7iTAAAY,1013637,Rwanda,Rwanda - Rucamahembe2 - 1013637,Rejected,Technical,11/5/18,Western Province,Rutsiro,Kigeyo,Buhindure/gisiza,Rucamahembe2,Rucamahembe,,,Project Assessment - 2018.9.27,-1.81635,29.29171,,http://www.worldpop.org.uk/data/summary?doi=10.5258/SOTON/WP00539,9525.0,46729.0,Gisiza,850.0,,0.0,,0.0,,0.0,,0.0,,,9/27/18,,,,,,,,,POINT (421198.73294939596 4799162.38410978),2435.88,4736.2,8568.7,13197.2,18348.04,2431.68,4606.45,8454.18,13100.7,18312.42
006f100000d7iTZAAY,1013638,Rwanda,Rwanda - Burambo - 1013638,Rejected,Technical,11/15/18,Western Province,Rutsiro,Kigeyo,Buhindure,Burambo,Gashashi,,,Project Assessment - 2018.9.27,-1.80494,29.30232,,http://www.worldpop.org.uk/data/summary?doi=10.5258/SOTON/WP00539,12181.0,55477.0,Nganzo,6052.0,,0.0,,0.0,,0.0,,0.0,,,9/27/18,,,,,,,,,POINT (422378.7290723081 4800424.47615561),2842.05,6518.64,12194.41,19555.54,27075.05,2760.33,6415.6,12281.35,19642.32,27325.2
006f100000d7iU8AAI,1013639,Rwanda,Rwanda - Bukungu - 1013639,Complete,In Service,1/23/23,Western Province,Rutsiro,Kigeyo,Buhindure,Bukungu,Gashashi,Rwanda Full Scale Research - Randomized and Baselined - Intervention,,Project Assessment - 2018.9.27,-1.80495,29.30452,,http://www.worldpop.org.uk/data/summary?doi=10.5258/SOTON/WP00539,12351.0,56522.0,Nganzo,6052.0,,0.0,,0.0,,0.0,,0.0,,,9/27/18,,,,,,,,,POINT (422623.50537592394 4800423.46416672),2410.88,7061.85,12041.46,19106.81,27442.23,2361.23,7021.73,12045.61,19299.66,27703.47
006f100000d7iUcAAI,1013640,Rwanda,Rwanda - Nganzo - 1013640,Rejected,Technical,11/15/18,Western Province,Rutsiro,Kivumu,Nganzo/rwinyoni,Nganzo,Gashashi,,,Project Assessment - 2018.9.27,-1.8054,29.29628,,http://www.worldpop.org.uk/data/summary?doi=10.5258/SOTON/WP00539,12199.0,51785.0,Nganzo,6052.0,,0.0,,0.0,,0.0,,0.0,,,9/27/18,,,,,,,,,POINT (421706.72710545396 4800373.353842923),2511.2,5490.83,12580.4,17986.51,24052.37,2558.41,5307.67,12532.58,17987.84,24047.26
006f100000d7iUrAAI,1013641,Rwanda,Rwanda - Rwinyoni - 1013641,Complete,In Service,3/13/20,Western Province,Rutsiro,Kivumu,Nganzo/rwinyoni,Rwinyoni,Butanga,Rwanda Full Scale Research - Randomized and Lost,,Project Assessment - 2018.9.27,-1.80169,29.29776,,http://www.worldpop.org.uk/data/summary?doi=10.5258/SOTON/WP00539,12528.0,54342.0,Rwinyoni,776.0,Kamwimba,865.0,,0.0,,0.0,,0.0,,,9/27/18,,,,,,,,,POINT (421871.23645209236 4800783.642075341),2954.67,6153.62,12260.94,20031.16,25670.19,2883.49,6036.25,12424.41,20088.87,25792.48
006f100000d7iV6AAI,1013642,Rwanda,Rwanda - Bugarishya - 1013642,Identified,Requested,12/31/18,Western Province,Rutsiro,Kivumu,Nganzo/bugarishya,Bugarishya,Gashashi,Rwanda Full Scale Research - Randomized but Not Baselined,,Project Assessment - 2018.9.27,-1.8011,29.31405,,http://www.worldpop.org.uk/data/summary?doi=10.5258/SOTON/WP00539,10826.0,60458.0,Bugarishya,950.0,Nyagaheneka,800.0,,0.0,,0.0,,0.0,,,9/27/18,,,,,,,,,POINT (423683.6682986554 4800849.570072196),2368.34,6477.36,12795.0,19300.34,25531.56,2430.65,6473.69,12882.6,19605.83,25645.09
006f100000d7iVLAAY,1013643,Rwanda,Rwanda - Manjanja - 1013643,Rejected,Technical,11/15/18,Western Province,Rutsiro,Manihira,Muyira/rutare,Manjanja,Mujebeshi,,,Project Assessment - 2018.9.27,-1.91805,29.43911,,http://www.worldpop.org.uk/data/summary?doi=10.5258/SOTON/WP00539,5397.0,30905.0,Rutare,523.0,Kagarama,850.0,,0.0,,0.0,,0.0,,,9/27/18,,,,,,,,,POINT (437601.9987131549 4787923.2010407485),1206.52,3182.37,5707.62,9183.96,13459.52,1256.67,3162.6,5819.84,9293.93,13720.31
006f100000d7iVVAAY,1013644,Rwanda,Rwanda - Musekera - 1013644,Rejected,Technical,11/15/18,Western Province,Rutsiro,Manihira,Muyira/nyakarambi,Musekera,Musekera,,,Project Assessment - 2018.9.27,-1.90752,29.44373,,http://www.worldpop.org.uk/data/summary?doi=10.5258/SOTON/WP00539,5787.0,28543.0,Nyakarambi,785.0,Birambo,756.0,,0.0,,0.0,,0.0,,,9/27/18,,,,,,,,,POINT (438115.6043578055 4789087.66759351),1144.36,2743.34,5432.41,8239.15,12502.79,1162.08,2763.2,5526.63,8387.46,12805.64
006f100000d7iVuAAI,1013645,Rwanda,Rwanda - Rugari - 1013645,Identified,Requested,12/31/18,Western Province,Rutsiro,Mushubati,Bumba/rugote,Rugari,Kiruri,Rwanda Full Scale Research - Randomized but Not Baselined,,Project Assessment - 2018.9.27,-1.99666,29.3952777,,http://www.worldpop.org.uk/data/summary?doi=10.5258/SOTON/WP00539,7024.0,34785.0,Nyarusange,730.0,Rugote,937.0,,0.0,,0.0,,0.0,,,9/27/18,,,,,,,,,POINT (432728.6925742312 4779229.578110977),2149.55,5117.24,8788.01,13782.34,19157.82,2152.66,5289.42,9124.32,14145.0,19532.68
006f100000d7iVzAAI,1013646,Rwanda,Rwanda - Kabira1 - 1013646,Identified,Requested,12/31/18,Western Province,Rutsiro,Gihango,Congo Nile/mucyebera-/ mushubati/kabiraho,Kabira1,Mucyebera,Rwanda Full Scale Research - Randomized but Not Baselined,,Project Assessment - 2018.9.27,-1.9775,29.381944,,http://www.worldpop.org.uk/data/summary?doi=10.5258/SOTON/WP00539,6457.0,35829.0,Mucyebera,1250.0,Kabiraho,974.0,Gishushu,570.0,,0.0,,0.0,,,9/27/18,,,,,,,,,POINT (431244.558118883 4781347.567239091),2212.33,5553.19,10031.64,13724.57,17819.45,2311.57,5790.24,10064.62,13966.64,17978.36
006f100000d7iWEAAY,1013647,Rwanda,Rwanda - Kabira 2 - 1013647,Identified,Requested,12/31/18,Western Province,Rutsiro,Gihango,Congo nile/nkwiro-mucyebera,Kabira 2,Gakoma,Rwanda Full Scale Research - Randomized but Not Baselined,,Project Assessment - 2018.9.27,-1.9752777,29.381944,,http://www.worldpop.org.uk/data/summary?doi=10.5258/SOTON/WP00539,6314.0,35918.0,Mucyebera,1250.0,Nkwiro,248.0,Kabiraho,974.0,Gishushu,570.0,,0.0,,,9/27/18,,,,,,,,,POINT (431244.46670125716 4781593.289172201),2228.77,5941.75,10022.02,13489.84,17314.52,2294.21,6031.66,10127.24,13613.57,17485.35
006f100000d7iWdAAI,1013648,Rwanda,Rwanda - Kamaranzara - 1013648,Identified,Requested,12/31/18,Western Province,Rutsiro,Mushonyi,Biruyi/kamaranzara,Kamaranzara,Biruyi,Rwanda Full Scale Research - Randomized but Not Baselined,,Project Assessment - 2018.9.27,-1.83944,29.3222,,http://www.worldpop.org.uk/data/summary?doi=10.5258/SOTON/WP00539,10953.0,54105.0,Kamaranzara,567.0,Murambi,564.0,Rukaragate,0.0,,0.0,,0.0,,,9/27/18,,,,,,,,,POINT (424592.04384345975 4796610.574494018),2374.77,5884.83,10052.44,14554.85,21449.65,2443.26,5950.61,10191.9,14939.06,21924.06
006f100000d7iWiAAI,1013649,Rwanda,Rwanda - Ruvayaga - 1013649,Rejected,Technical,11/12/18,Western Province,Rutsiro,Bushonyi,Biruyi/karengera,Ruvayaga,Ruvayaga,,,Project Assessment - 2018.9.27,-1.85333,29.320833,,http://www.worldpop.org.uk/data/summary?doi=10.5258/SOTON/WP00539,12043.0,54439.0,Karengera,679.0,Mugara,723.0,Kamaranzara,567.0,,0.0,,0.0,,,9/27/18,,,,,,,,,POINT (424440.53909315844 4795074.669166214),2728.79,5799.96,10109.67,16903.03,23713.02,2772.81,5932.13,10310.25,17249.19,24070.68
006f100000d7iWsAAI,1013650,Rwanda,Rwanda - Kayabaraza - 1013650,Rejected,Technical,11/15/18,Western Province,Rutsiro,Mushonyi,Kaguriro,Kayabaraza,Nkora,,,Project Assessment - 2018.9.27,-1.8577,29.3111,,http://www.worldpop.org.uk/data/summary?doi=10.5258/SOTON/WP00539,13748.0,51981.0,Cyondo,495.0,Buhunde,623.0,,0.0,,0.0,,0.0,,,9/27/18,,,,,,,,,POINT (423357.84835969296 4794591.04959788),2990.83,6641.35,12006.47,18284.96,25161.42,3062.52,6751.97,12317.03,18564.77,25430.72
006f100000d7iX2AAI,1013651,Rwanda,Rwanda - Kayabaraza 2 - 1013651,Rejected,Technical,11/14/18,Western Province,Rutsiro,Mushonyi,Kaguriro/buzikira,Kayabaraza 2,Nkora,,,Project Assessment - 2018.9.27,-1.855,29.31,,http://www.worldpop.org.uk/data/summary?doi=10.5258/SOTON/WP00539,14019.0,51568.0,Buzukira,515.0,Cyondo,495.0,,0.0,,0.0,,0.0,,,9/27/18,,,,,,,,,POINT (423235.3477131181 4794889.547439481),2979.44,6737.56,12320.06,18379.35,24943.1,3003.64,7071.01,12561.16,18697.8,25130.02
006f100000d7iX7AAI,1013652,Rwanda,Rwanda - Butana - 1013652,Complete,In Service,5/28/20,Western Province,Rutsiro,Mushonyi,Kaguriro,Butana,Butana,Rwanda Full Scale Research - Randomized and Lost,,Project Assessment - 2018.9.27,-1.86777,29.289722,,http://www.worldpop.org.uk/data/summary?doi=10.5258/SOTON/WP00539,7986.0,38143.0,Gakenke,576.0,Rwabisururu,905.0,Maziba,660.0,,0.0,,0.0,,,9/27/18,,,,,,,,,POINT (420979.81110991316 4793476.638725714),2270.1,5061.73,8168.87,11301.66,15579.88,2234.94,4985.78,8417.94,11522.33,15662.55
006f100000d7iXMAAY,1013653,Rwanda,Rwanda - Kivumu-nyamugari - 1013653,Rejected,,11/16/18,Western Province,Rutsiro,Mushonyi,Kaguriro/kivumu,Kivumu-nyamugari,Erosion,,,Project Assessment - 2018.9.27,-1.85666,29.290277,,http://www.worldpop.org.uk/data/summary?doi=10.5258/SOTON/WP00539,8622.0,40271.0,Kivumu,870.0,Maziba,660.0,,0.0,,0.0,,0.0,,,9/27/18,,,,,,,,,POINT (421041.0648917965 4794705.128728231),2949.52,4739.6,7506.35,10879.07,15612.2,2940.28,4752.58,7448.08,10903.3,15938.86
006f100000d7iXbAAI,1013654,Rwanda,Rwanda - Gakoyi - 1013654,Cancelled,,12/31/24,Western Province,Rutsiro,Bushonyi,Kaguriro,Gakoyi,Lake kivu,Rwanda Full Scale Research - Randomized and Baselined - Intervention,,Project Assessment - 2018.9.27,-1.85437,29.28597,,http://www.worldpop.org.uk/data/summary?doi=10.5258/SOTON/WP00539,6311.0,36801.0,Maziba,660.0,,0.0,,0.0,,0.0,,0.0,,,9/27/18,,,,,,,,,POINT (420561.7704522439 4794958.148010127),1753.35,3209.92,5176.31,8647.37,12962.97,1726.03,3189.96,5184.24,8705.46,13050.81
006f100000d7iXgAAI,1013655,Rwanda,Rwanda - Nyakagezi-kariba - 1013655,Rejected,Technical,11/11/18,Western Province,Rutsiro,Mushonyi,Rurara,Nyakagezi-kariba,Biruyi,,,Project Assessment - 2018.9.27,-1.84493,29.34447,,http://www.worldpop.org.uk/data/summary?doi=10.5258/SOTON/WP00539,6316.0,46889.0,Rwamiyaga,635.0,Kaboneye,0.0,,0.0,,0.0,,0.0,,,9/27/18,,,,,,,,,POINT (427070.0039946118 4796004.4616515925),1330.5,3314.25,5871.68,9950.41,14271.68,1342.39,3403.28,5950.28,10149.55,14531.73
006f100000d7iY5AAI,1013656,Rwanda,Rwanda - Peru - 1013656,Rejected,Technical,11/16/18,Western Province,Rutsiro,Mushonyi,Rurars/kaboneye,Peru,Biruyi,,,Project Assessment - 2018.9.27,-1.85047,29.33792,,http://www.worldpop.org.uk/data/summary?doi=10.5258/SOTON/WP00539,8852.0,52658.0,Rwamiyaga,965.0,Kaboneye,850.0,,0.0,,0.0,,0.0,,,9/27/18,,,,,,,,,POINT (426341.48949400504 4795391.62415975),1973.6,4487.58,7625.18,11997.09,17205.72,2011.3,4545.21,7730.38,12218.56,17430.01
006f100000d7iYPAAY,1013657,Rwanda,Rwanda - Gahotora - 1013657,Rejected,Technical,11/13/18,Western Province,Rutsiro,Mushonyi,Biruyi/rurimba,Gahotora,Biruyi,,,Project Assessment - 2018.9.27,-1.84792,29.33218,,http://www.worldpop.org.uk/data/summary?doi=10.5258/SOTON/WP00539,9781.0,54327.0,Rurimba,600.0,Rwamiyaga,850.0,,0.0,,0.0,,0.0,,,9/27/18,,,,,,,,,POINT (425702.7612135769 4795673.343216581),2158.21,5160.86,8262.12,11918.45,19022.43,2229.5,5185.97,8379.94,12235.3,19274.76
006f100000d7iYeAAI,1013658,Rwanda,Rwanda - Nkora - 1013658,Complete,In Service,5/26/20,Western Province,Rutsiro,Mushonyi,Magaba/kariba,Nkora,Nkora,Rwanda Full Scale Research - Randomized and Lost,,Project Assessment - 2018.9.27,-1.8675,29.324166,,http://www.worldpop.org.uk/data/summary?doi=10.5258/SOTON/WP00539,10576.0,56260.0,Bushunga,864.0,Gakomeye,484.0,,0.0,,0.0,,0.0,,,9/27/18,,,,,,,,,POINT (424811.96314515575 4793508.004097706),2499.14,5939.38,10418.0,15925.38,21733.49,2527.76,6097.91,10677.02,16339.62,22165.61
006f100000d7iYjAAI,1013659,Rwanda,Rwanda - Rugamba - 1013659,Rejected,Technical,11/12/18,Western Province,Rutsiro,Mushonyi,Magaba/kariba,Rugamba,Rugamba,,,Project Assessment - 2018.9.27,-1.8777,29.3219444,,http://www.worldpop.org.uk/data/summary?doi=10.5258/SOTON/WP00539,9566.0,57469.0,Kariba,864.0,Gakomeye,484.0,,0.0,,0.0,,0.0,,,9/27/18,,,,,,,,,POINT (424565.229795864 4792380.072667599),3010.85,5503.02,9037.01,13936.8,21654.57,3092.93,5701.51,9304.45,14271.55,22051.66
006f100000d7iZhAAI,1013660,Rwanda,Rwanda - Kabeza - 1013660,Rejected,Technical,11/5/18,Western Province,Rutsiro,Mushonyi,Magaba/gakomeye,Kabeza,Kabeza,,,Project Assessment - 2018.9.27,-1.87722,29.319444,,http://www.worldpop.org.uk/data/summary?doi=10.5258/SOTON/WP00539,9674.0,56718.0,Gakomeye,484.0,,0.0,,0.0,,0.0,,0.0,,,9/27/18,,,,,,,,,POINT (424287.02252271166 4792433.039270492),3255.46,5842.68,9030.31,14078.95,22193.51,3300.62,6061.97,9291.26,14347.6,22790.05
006f100000d7iZmAAI,1013661,Rwanda,Rwanda - Mucyuho - 1013661,Identified,Requested,12/31/18,Western Province,Rutsiro,Mukura,Kabuga/kabahigi,Mucyuho,Ntaruko,Rwanda Full Scale Research - Randomized but Not Baselined,,Project Assessment - 2018.9.27,-2.03972,29.41906,,http://www.worldpop.org.uk/data/summary?doi=10.5258/SOTON/WP00539,9204.0,40997.0,Kabahigi,850.0,Kibande,550.0,,0.0,,0.0,,0.0,,,9/27/18,,,,,,,,,POINT (435376.10729634593 4774469.374668004),4474.01,10139.95,15805.27,22467.17,29843.67,4650.27,10471.92,16387.87,23213.11,30715.8
006f100000d7iZwAAI,1013662,Rwanda,Rwanda - Kagogo - 1013662,Complete,In Service,3/16/20,Western Province,Rutsiro,Ruhango,Nyakarera/kagogo,Kagogo,Koko,Rwanda Full Scale Research - Randomized and Lost,,Project Assessment - 2018.8.17,-1.90083,29.370833,,http://www.worldpop.org.uk/data/summary?doi=10.5258/SOTON/WP00539,10913.0,48980.0,Mburamazi,2500.0,Nyakarera,1500.0,,0.0,,0.0,,0.0,,,8/17/18,,,,,,,,,POINT (430005.31882442016 4789824.595790334),2816.6,6607.68,11586.4,18191.6,25141.69,2944.2,6684.38,11859.04,18529.89,25684.76
006f100000d7iZwAAI,1013662,Rwanda,Rwanda - Kagogo - 1013662,Complete,In Service,3/16/20,Western Province,Rutsiro,Ruhango,Nyakarera/kagogo,Kagogo,Koko,Rwanda Full Scale Research - Randomized and Lost,,Project Assessment - 2018.9.27,-1.90083,29.370833,,http://www.worldpop.org.uk/data/summary?doi=10.5258/SOTON/WP00539,10913.0,48980.0,Kagogo,779.0,Gatoko,689.0,,0.0,,0.0,,0.0,,,9/27/18,,,,,,,,,POINT (430005.31882442016 4789824.595790334),2816.6,6607.68,11586.4,18191.6,25141.69,2944.2,6684.38,11859.04,18529.89,25684.76
006f100000d7ia1AAA,1013663,Rwanda,Rwanda - Rukenesha-nyundo - 1013663,Identified,,12/31/24,Western Province,Rutsiro,Ruhango,Gatare/rukenesha-kavumu/nyundo,Rukenesha-nyundo,Koko,Rwanda Full Scale Research - Randomized but Not Baselined,,Project Assessment - 2018.9.27,-1.876611,29.372199,,http://www.worldpop.org.uk/data/summary?doi=10.5258/SOTON/WP00539,9778.0,49026.0,Rukenesha,656.0,Nyundo,756.0,,0.0,,0.0,,0.0,,,9/27/18,,,,,,,,,POINT (430156.32499804883 4792502.57236764),2378.57,6144.13,10665.02,16934.02,23887.19,2613.66,6469.0,10980.18,17331.13,24484.49
006f100000d7iaLAAQ,1013664,Rwanda,Rwanda - Gasoyo - 1013664,Rejected,Technical,11/14/18,Western Province,Rutsiro,Ruhango,Gatare/gasoyo-kavumu/gakeri,Gasoyo,Koko,,,Project Assessment - 2018.9.27,-1.85645,29.36927,,http://www.worldpop.org.uk/data/summary?doi=10.5258/SOTON/WP00539,6434.0,43582.0,Gakeri,1535.0,Gasoyo,868.0,,0.0,,0.0,,0.0,,,9/27/18,,,,,,,,,POINT (429829.65742484154 4794731.679648108),1168.5,3539.39,6915.32,11111.22,15964.75,1205.63,3656.3,7103.96,11332.99,16412.63
006f100000d7icHAAQ,1013674,Rwanda,Rwanda - Mukati - 1013674,Rejected,Technical,11/13/18,Western Province,Rutsiro,Mushonyi,Rurara,Mukati,Nkora,,,Project Assessment - 2018.9.27,-1.86618,29.33919,,http://www.worldpop.org.uk/data/summary?doi=10.5258/SOTON/WP00539,9481.0,55207.0,Mukati,579.0,Gasoro,492.0,,0.0,,0.0,,0.0,,,9/27/18,,,,,,,,,POINT (426483.43704865023 4793654.594269084),2067.77,4973.66,9135.87,15502.95,23009.1,2150.03,5173.79,9460.9,15978.4,23468.04
006f100000d7ifBAAQ,1013688,Rwanda,Rwanda - Miraramo - 1013688,Rejected,Technical,11/29/18,Western Province,Rutsiro,Mukura,Kabuga/miraramo,Miraramo,Ntaruko,,,Project Assessment - 2018.9.27,-2.0312,29.39964,,http://www.worldpop.org.uk/data/summary?doi=10.5258/SOTON/WP00539,7459.0,39753.0,M,1.0,,0.0,,0.0,,0.0,,0.0,,,9/27/18,,,,,,,,,POINT (433215.39351793757 4775410.644459688),1843.13,5944.35,11814.7,17748.77,25504.37,1869.67,5965.55,12301.6,18354.29,26308.17
006f100000ef6xdAAA,1014461,Rwanda,Rwanda - Rugobagoba - 1014461,Rejected,Technical,11/27/18,Eastern Province,Rwamagana,Kigabiro,Sovu,Rugobagoba,Kimpima,,,Project Assessment - 2018.11.24,-2.02333,30.43209,,http://www.worldpop.org.uk/data/summary?doi=10.5258/SOTON/WP00539,4560.0,24718.0,Rugobagoba,916.0,Nyabishunzi,475.0,Cyaruhogo,647.0,Kabazeye,560.0,Kinganzwa,870.0,,,11/24/18,,,,,,,,,POINT (548065.9010986238 4776286.79068029),1739.54,4902.13,7867.09,12133.54,16300.35,1801.36,4931.17,7902.37,12458.45,16665.61
006f100000ef6xnAAA,1014463,Rwanda,Rwanda - Kwanyiramanyana - 1014463,Rejected,Technical,11/27/18,Eastern Province,Rwamagana,Kigabiro,Sovu,Kwanyiramanyana,Kagende,,,Project Assessment - 2018.11.24,-2.009512,30.421038,,http://www.worldpop.org.uk/data/summary?doi=10.5258/SOTON/WP00539,3168.0,25217.0,Kiruhura,630.0,Gatare,681.0,Kabuya,540.0,,0.0,,0.0,,,11/24/18,,,,,,,,,POINT (546836.8437913007 4777814.9368250705),1540.95,3560.91,6244.97,9580.5,14307.0,1522.76,3607.26,6419.81,9799.95,14639.46
006f100000ef6z0AAA,1014477,Rwanda,Rwanda - kadigadiga - 1014477,Rejected,Technical,11/27/18,Eastern Province,Rwamagana,Kigabiro,Bwiza/munini,kadigadiga,Kadigadiga,,,Project Assessment - 2018.11.24,-1.99173,30.448175,,http://www.worldpop.org.uk/data/summary?doi=10.5258/SOTON/WP00539,3643.0,35208.0,Munini,560.0,Kagerero,690.0,Karambo,756.0,,0.0,,0.0,,,11/24/18,,,,,,,,,POINT (549856.1977048821 4779780.253474633),760.77,2307.74,5693.14,9634.23,14698.61,769.49,2260.29,5744.92,9790.62,14968.08
006f100000ef6z5AAA,1014478,Rwanda,Rwanda - Rutaka - 1014478,Rejected,Technical,11/27/18,Eastern Province,Rwamagana,Kigabiro-ruramira,Bwiza/rutaka,Rutaka,Gishanga,,,Project Assessment - 2018.11.24,-1.99518,30.47381,,http://www.worldpop.org.uk/data/summary?doi=10.5258/SOTON/WP00539,3487.0,25715.0,Ruramira,5609.0,Munyaga,3680.0,Kigabiro,6907.0,,0.0,,0.0,,,11/24/18,,,,,,,,,POINT (552707.8581427447 4779397.995164746),598.49,2662.8,4758.94,7610.67,13297.53,577.7,2673.46,4797.22,7759.23,13508.04
006f100000ef87pAAA,1014538,Rwanda,Rwanda - Kiyovu - 1014538,Rejected,Technical,11/27/18,Eastern Province,Rwamagana,Gahengeri,Runyinya,Kiyovu,,,,Project Assessment - 2018.11.26,-1.8953,30.30129,,http://www.worldpop.org.uk/data/summary?doi=10.5258/SOTON/WP00539,4216.0,26424.0,Kiyovu,323.0,Nyarucyamo,402.0,Ruhita,1100.0,,0.0,,0.0,,,11/26/18,,,,,,,,,POINT (533518.0268142753 4790445.850174109),1935.43,4267.17,7475.82,12828.34,21545.81,1996.1,4356.23,7610.17,13478.56,21963.64
006f100000ef884AAA,1014539,Rwanda,Rwanda - Kirehe - 1014539,Rejected,Technical,11/27/18,Eastern Province,Rwamagana,Fumbwe,Nyakagunga,Kirehe,,,,Project Assessment - 2018.11.26,-1.88269,30.26579,,http://www.worldpop.org.uk/data/summary?doi=10.5258/SOTON/WP00539,4589.0,28533.0,Kirehe,651.0,Rugarama,489.0,Cyarutabana,372.0,,0.0,,0.0,,,11/26/18,,,,,,,,,POINT (529568.8918810457 4791840.729033416),1888.67,5904.8,13058.22,17143.69,21863.16,1929.18,5778.67,13120.76,17283.35,22179.12
006f100000ef889AAA,1014540,Rwanda,Rwanda - Kibaza - 1014540,Rejected,Technical,11/27/18,Eastern Province,Rwamagana,Fumbwe,Nyakagunga - Nyamirama,Kibaza,,,,Project Assessment - 2018.11.26,-1.86879,30.28184,,http://www.worldpop.org.uk/data/summary?doi=10.5258/SOTON/WP00539,4093.0,27510.0,Kibaza,800.0,Kirehe,651.0,Rugarama,489.0,Kagarama,410.0,Gatare,484.0,,,11/26/18,,,,,,,,,POINT (531354.7010568698 4793377.312638137),1149.45,4560.25,9242.79,15665.99,23082.03,1078.26,4529.93,9430.87,15964.22,23535.22
006f100000ef88JAAQ,1014541,Rwanda,Rwanda - Rususa - 1014541,Rejected,Technical,11/27/18,Eastern Province,Rwamagana,Nyakariro - Masaka,Gishore - Ayabaraya,Rususa,,,,Project Assessment - 2018.11.26,-2.01494,30.2304,,http://www.worldpop.org.uk/data/summary?doi=10.5258/SOTON/WP00539,5889.0,45959.0,Rususa (Nyakariro),2500.0,Gishore,1600.0,Rususa (Masaka),500.0,,0.0,,0.0,,,11/26/18,,,,,,,,,POINT (525629.7645378918 4777219.014877429),2648.16,6925.58,12575.18,17735.2,25452.56,2709.39,6989.25,12837.7,18067.41,25738.63
006f100000ef88TAAQ,1014542,Rwanda,Rwanda - Kagarama - 1014542,Rejected,Technical,11/27/18,Eastern Province,Rwamagana,Nyakariro - Muyumbu,Gishore - Bujyujyu,Kagarama,,,,Project Assessment - 2018.11.26,-1.99723,30.24595,,http://www.worldpop.org.uk/data/summary?doi=10.5258/SOTON/WP00539,4814.0,45219.0,Kagarama,1042.0,Gishore,1600.0,Rubaza,1450.0,,0.0,,0.0,,,11/26/18,,,,,,,,,POINT (527359.855737492 4779176.878861619),3516.76,7845.38,12565.69,18784.55,30733.51,3568.99,8051.82,12937.26,19099.26,30789.39
006f100000ef88sAAA,1014543,Rwanda,Rwanda - Kabere - 1014543,Rejected,Technical,11/27/18,Eastern Province,Rwamagana,Nyakariro - Nzige,Bihembe - Kayibanda,Kabere,Ruvomo,,,Project Assessment - 2018.11.26,-2.04377,30.29442,,http://www.worldpop.org.uk/data/summary?doi=10.5258/SOTON/WP00539,4029.0,31385.0,Kabere,325.0,Kanyangese,348.0,Ruvomo (Nzige),402.0,Ruvomo (Muyumbu),320.0,,0.0,,,11/26/18,,,,,,,,,POINT (532750.844445176 4774030.248079136),864.86,2203.72,3836.85,6974.7,9965.95,870.25,2233.33,3902.62,7150.0,10091.89
006f100000efEf6AAE,1014557,Rwanda,Rwanda - Urugwiro - 1014557,Rejected,Technical,11/30/18,Eastern Province,Rwamagana,Rubona sector,Urugwiro village ( Mabare cell ) - Gitaraga village ( Kabatasi cell),Urugwiro,Gatare,,,Project Assessment - 2018.11.29,-2.06377,30.40876,,http://www.worldpop.org.uk/data/summary?doi=10.5258/SOTON/WP00539,4567.0,25615.0,Kabatasi,4881.0,Mabare,5086.0,,0.0,,0.0,,0.0,,,11/29/18,,,,,,,,,POINT (545469.477579825 4771816.115148631),1511.39,3997.9,6761.06,10762.49,14996.04,1525.43,4072.23,6812.99,10922.22,15104.69
006f100000efEfBAAU,1014558,Rwanda,Rwanda - Gasharu - 1014558,Rejected,Vehicular Bridge Required,11/30/18,Eastern Province,Rwamagana,Rubona sector,Gasharu village ( Mabare cell ) - Midahandwa village ( Kabatasi cell ),Gasharu,Rwangunda,,,Project Assessment - 2018.11.29,-2.04879,30.42496,,http://www.worldpop.org.uk/data/summary?doi=10.5258/SOTON/WP00539,4073.0,25286.0,Kabatasi,4881.0,Mabare,5086.0,,0.0,,0.0,,0.0,,,11/29/18,,,,,,,,,POINT (547271.9998966265 4773471.947152891),1146.16,2657.65,7186.54,11397.36,16645.62,1154.44,2787.81,7394.73,11581.86,16955.06
006f100000efEfGAAU,1014559,Rwanda,Rwanda - Kijyambere - 1014559,Rejected,Technical,11/30/18,Eastern Province,Rwamagana,Rubona sector- Munyaga sector,Midahandwa village ( Kabatasi cell ) - Nyagakombe village ( Nkungu cell),Kijyambere,Cyaruhogo valley,,,Project Assessment - 2018.11.29,-2.04417,30.42529,,http://www.worldpop.org.uk/data/summary?doi=10.5258/SOTON/WP00539,4059.0,25398.0,Kabatasi,4881.0,Nkungu cell,5136.0,,0.0,,0.0,,0.0,,,11/29/18,,,,,,,,,POINT (547308.8447504737 4773982.760155974),1260.96,3508.79,6912.76,11529.63,16686.11,1296.27,3547.53,7130.89,11633.47,17112.96
006f100000efEfVAAU,1014562,Rwanda,Rwanda - Nkomangwa - 1014562,Rejected,Technical,11/29/18,Eastern Province,Rwamagana,Munyiginya sector - Gishali sector,Bakannyi village ( Nkomangwa cell ) - Ururembo village ( Kinyana cell ),Nkomangwa,Karambo,,,Project Assessment - 2018.11.29,-1.90335,30.39168,,http://www.worldpop.org.uk/data/summary?doi=10.5258/SOTON/WP00539,5751.0,31544.0,Kinyana cell,5003.0,Nkomangwa cell,4569.0,,0.0,,0.0,,0.0,,,11/29/18,,,,,,,,,POINT (543573.7061357796 4789553.774318146),1182.18,4372.57,9076.63,15518.44,22277.13,1052.52,4248.55,9212.59,15839.12,22575.79
006f100000efEfaAAE,1014563,Rwanda,Rwanda - Kinosho - 1014563,Rejected,Technical,11/30/18,Eastern Province,Rwamagana,Munyiginya sector,Akabuye village ( Bwana cell ) - Akabenda village ( Cyarukamba cell ),Kinosho,Bushaduka,,,Project Assessment - 2018.11.29,-1.93773,30.37988,,http://www.worldpop.org.uk/data/summary?doi=10.5258/SOTON/WP00539,4930.0,31248.0,Bwana cell,5784.0,Cyarukamba,4567.0,,0.0,,0.0,,0.0,,,11/29/18,,,,,,,,,POINT (542260.1127592277 4785752.7776504),1072.38,5378.0,10601.24,17193.57,24090.67,1144.04,5154.97,10820.03,17486.36,24514.49
006f100000efEffAAE,1014564,Rwanda,Rwanda - Kwaroje - 1014564,Rejected,Vehicular Bridge Required,11/30/18,Eastern Province,Rwamagana,Munyiginya - Musha,Kiruhura village (Bwana) - Agatare village ( Kimbazi cell ),Kwaroje,Ngaruye,,,Project Assessment - 2018.11.29,-1.92899,30.36272,,http://www.worldpop.org.uk/data/summary?doi=10.5258/SOTON/WP00539,4461.0,31940.0,Bwana,5784.0,Kimbazi,6004.0,,0.0,,0.0,,0.0,,,11/29/18,,,,,,,,,POINT (540351.3123726189 4786719.548989404),1446.64,4867.22,8340.9,13689.64,21304.09,1509.75,4951.03,8482.14,13883.6,21786.08
006f100000efHBAAA2,1014605,Rwanda,Rwanda - Rebero - 1014605,Rejected,Technical,11/30/18,Eastern Province,Rwamagana,Fumbwe,Nyagasambu,Rebero,Channel,,,Project Assessment - 2018.11.30,-1.893193,30.280679,,http://www.worldpop.org.uk/data/summary?doi=10.5258/SOTON/WP00539,4597.0,28392.0,Rebero,1.0,,0.0,,0.0,,0.0,,0.0,,,11/30/18,,,,,,,,,POINT (531225.1049111699 4790679.197383576),5893.5,10346.79,14599.01,18289.71,22725.54,6059.0,10587.26,14661.45,18585.53,23178.25
006f100000efHBFAA2,1014606,Rwanda,Rwanda - Kinunga - 1014606,Rejected,Vehicular Bridge Required,11/30/18,Eastern Province,Rwamagana,Muyumbu,Nyarukombe-Bujyujyu,Kinunga,Kagona,,,Project Assessment - 2018.11.30,-1.989138,30.263844,,http://www.worldpop.org.uk/data/summary?doi=10.5258/SOTON/WP00539,5179.0,35999.0,Kinunga,1.0,,0.0,,0.0,,0.0,,0.0,,,11/30/18,,,,,,,,,POINT (529350.5687296408 4780071.268188611),1211.64,4196.15,9482.4,14376.63,20952.73,1266.69,4398.54,9638.71,14686.44,21509.01
006f100000efHBKAA2,1014607,Rwanda,Rwanda - Karambo - 1014607,Rejected,Technical,11/30/18,Eastern Province,Rwamagana,Gahengeri-Rusororo,Runyinya-Bisenga,Karambo,Karambo,,,Project Assessment - 2018.11.30,-1.926646,30.276659,,http://www.worldpop.org.uk/data/summary?doi=10.5258/SOTON/WP00539,4461.0,25291.0,Karambo,715.0,Kamugasa,625.0,Rugagi,812.0,Ryasentetere,585.0,Gakenkeri,1120.0,,,11/30/18,,,,,,,,,POINT (530777.2873662964 4786980.513329444),2669.99,4236.62,7137.32,11437.47,15844.75,2714.93,4280.84,7242.62,11544.08,16225.67
006f100000efHBUAA2,1014608,Rwanda,Rwanda - Kabarore - 1014608,Rejected,Technical,11/30/18,Eastern Province,Rwamagana,Gahengeri-Rusororo,Runyinya-Bisenge,Kabarore,Chanel,,,Project Assessment - 2018.11.30,-1.918336,30.273599,,http://www.worldpop.org.uk/data/summary?doi=10.5258/SOTON/WP00539,4313.0,25865.0,Kabarore,612.0,Ryamuzuka,516.0,Karambo,506.0,Ruyumba,742.0,Kidogo- Gakenyeri,1720.0,,,11/30/18,,,,,,,,,POINT (530437.0182946832 4787899.369537234),2039.12,4171.99,7367.73,11738.72,18802.7,2053.33,4242.55,7404.1,11982.22,19195.88
006f100000efHBZAA2,1014609,Rwanda,Rwanda - Rusave - 1014609,Rejected,Technical,11/30/18,Eastern Province,Rwamagana,Muyumbu-Nyakariro,Bujyujyu-Gishore,Rusave,Chanel,,,Project Assessment - 2018.11.30,-2.013575,30.254667,,http://www.worldpop.org.uk/data/summary?doi=10.5258/SOTON/WP00539,4697.0,35041.0,Rusave,625.0,Karama-Kabeza,1321.0,Rusave,512.0,Nyirabuhene-Matyazo,1142.0,Ruhanika-Rusagara,922.0,,,11/30/18,,,,,,,,,POINT (528329.2734168187 4777369.5352650955),1569.58,3739.91,7264.42,13638.96,18752.93,1541.78,3842.8,7363.92,13622.9,19118.87
006f100000efHBeAAM,1014610,Rwanda,Rwanda - Rwarugaju - 1014610,Rejected,Technical,12/2/18,Eastern Province,Rwamagana,Gahengeri-Mwurire,Kagezi-Ntunga,Rwarugaju,Rwafashaho,,,Project Assessment - 2018.11.30,-1.98212,30.343604,,http://www.worldpop.org.uk/data/summary?doi=10.5258/SOTON/WP00539,4081.0,24848.0,Rwarugaju,815.0,Samatare,700.0,Kinyovi-Iramiro,1000.0,Rugenge,714.0,Karuzigura-Kiyovu,1004.0,,,11/30/18,,,,,,,,,POINT (538223.496738802 4780845.591641591),1440.55,2810.38,5638.12,11048.2,16092.09,1446.91,2875.86,5833.28,11208.55,16305.24
006f100000efHBoAAM,1014611,Rwanda,Rwanda - Kabonero - 1014611,Rejected,Technical,11/30/18,Eastern Province,Rwamagana,Gahengeri-Mwurire,Kagezi-Ntunga,Kabonero,Rwafashaho,,,Project Assessment - 2018.11.30,-1.965611,30.337764,,http://www.worldpop.org.uk/data/summary?doi=10.5258/SOTON/WP00539,4438.0,24652.0,Kabonero,500.0,Akabuga,425.0,Gihumuza,524.0,Rugenge,714.0,Nkira-kadasumbwa,1046.0,,,11/30/18,,,,,,,,,POINT (537574.2013637634 4782671.067025991),1683.54,5165.23,9150.16,14295.68,19443.58,1751.91,5315.94,9276.54,14592.33,19789.04
006f100000efHC3AAM,1014612,Rwanda,Rwanda - Cyeru - 1014612,Rejected,Technical,11/30/18,Eastern Province,Rwamagana,Gahengeri-Fumbwe,Runyinya-Nyagasambu,Cyeru,Cyeru,,,Project Assessment - 2018.11.30,-1.896111,30.278146,,http://www.worldpop.org.uk/data/summary?doi=10.5258/SOTON/WP00539,4678.0,28238.0,Cyeru,725.0,Kamasasa-Kabarore,1450.0,Ruyumba-Ryamuzuka,1032.0,Rebero-Nyakagunga,1621.0,Kirehe-Kabeza,1524.0,,,11/30/18,,,,,,,,,POINT (530943.2585595243 4790356.611951783),5966.16,9998.23,14282.46,18246.36,22528.82,6023.65,10139.31,14411.79,18397.22,22858.52
006f100000efHCcAAM,1014616,Rwanda,Rwanda - Marembo - 1014616,Rejected,Technical,12/2/18,Eastern Province,Rwamagana,Muyumbu,Nyarukombe,Marembo,Rugende,,,Project Assessment - 2018.11.30,-1.970761,30.232989,,http://www.worldpop.org.uk/data/summary?doi=10.5258/SOTON/WP00539,12854.0,44615.0,Nyarukombe cell,3815.0,,0.0,,0.0,,0.0,,0.0,,,11/30/18,,,,,,,,,POINT (525918.4579942875 4782103.646230643),4799.48,12775.55,21917.83,31992.49,41923.43,4742.03,12691.05,21913.2,32420.54,42265.09
006f100000efho5AAA,1014793,Rwanda,Rwanda - Cyerwa - 1014793,Rejected,Technical,12/12/18,Eastern Province,Rwamagana,Karenge,Nyamatete - Kabasore,Cyerwa,Nyabugondo,,,Project Assessment - 2018.12.12,-2.06596,30.31733,,http://www.worldpop.org.uk/data/summary?doi=10.5258/SOTON/WP00539,5198.0,27741.0,Cyerwa,862.0,Nyamatete,741.0,Nyabugondo,703.0,,0.0,,0.0,,,12/12/18,,,,,,,,,POINT (535298.856875263 4771576.295595355),1286.66,3180.44,5839.63,10421.34,14788.41,1273.71,3260.47,5930.49,10686.7,15346.72
